# RawMetal imported world-space triangles and UVs
o vent_4
usemtl vent_4
v -0.400961518 -0.158006996 0.267913848
vt 0.0990383998 0.767913997
v -0.415734828 -0.14000006 0.277785063
vt 0.0842649266 0.777785122
v -0.461939752 -0.14000006 0.191341653
vt 0.038060315 0.691341877
f 1/1 2/2 3/3
v -0.461939752 -0.14000006 0.191341653
vt 0.038060315 0.691341877
v -0.445524603 -0.158006996 0.184542269
vt 0.0544746071 0.684542537
v -0.400961518 -0.158006996 0.267913848
vt 0.0990383998 0.767913997
f 4/4 5/5 6/6
usemtl vent_4
v 0.482232362 -0.158006951 1.14502763e-08
vt 0.98223263 0.500000119
v 0.5 -0.139999986 1.49400581e-08
vt 1 0.500000119
v 0.490392625 -0.140000001 0.0975451767
vt 0.990392327 0.597545028
f 7/7 8/8 9/9
v 0.490392625 -0.140000001 0.0975451767
vt 0.990392327 0.597545028
v 0.472966343 -0.158006951 0.0940788761
vt 0.972966313 0.594078839
v 0.482232362 -0.158006951 1.14502763e-08
vt 0.98223263 0.500000119
f 10/10 11/11 12/12
usemtl vent_4
v -0.445524603 -0.158006996 0.184542269
vt 0.0544746071 0.684542537
v -0.461939752 -0.14000006 0.191341653
vt 0.038060315 0.691341877
v -0.490392625 -0.140000045 0.0975451022
vt 0.00960622169 0.597545028
f 13/13 14/14 15/15
v -0.490392625 -0.140000045 0.0975451022
vt 0.00960622169 0.597545028
v -0.472966343 -0.158006981 0.0940788016
vt 0.0270322487 0.594078839
v -0.445524603 -0.158006996 0.184542269
vt 0.0544746071 0.684542537
f 16/16 17/17 18/18
usemtl vent_4
v -4.02410478e-08 -0.158006996 0.482232332
vt 0.499999374 0.982232451
v 0.0940788239 -0.158006996 0.472966343
vt 0.594078362 0.972966492
v 0.0975451171 -0.140000045 0.490392596
vt 0.597545207 0.990392745
f 19/19 20/20 21/21
v 0.0975451171 -0.140000045 0.490392596
vt 0.597545207 0.990392745
v -4.15829255e-08 -0.140000045 0.49999997
vt 0.499999374 1
v -4.02410478e-08 -0.158006996 0.482232332
vt 0.499999374 0.982232451
f 22/22 23/23 24/24
usemtl vent_4
v 0.482232362 -0.158006951 1.14502763e-08
vt 0.98223263 0.500000119
v 0.472966343 -0.158006951 -0.0940788463
vt 0.972966313 0.40592134
v 0.490392625 -0.140000001 -0.0975451469
vt 0.990392327 0.402454883
f 25/25 26/26 27/27
v 0.490392625 -0.140000001 -0.0975451469
vt 0.990392327 0.402454883
v 0.5 -0.139999986 1.49400581e-08
vt 1 0.500000119
v 0.482232362 -0.158006951 1.14502763e-08
vt 0.98223263 0.500000119
f 28/28 29/29 30/30
usemtl vent_4
v 0.340989709 -0.158006996 0.340989739
vt 0.840989232 0.840989828
v 0.353553355 -0.140000045 0.353553385
vt 0.85355401 0.853553712
v 0.277785093 -0.14000006 0.415734798
vt 0.77778405 0.915735006
f 31/31 32/32 33/33
v 0.277785093 -0.14000006 0.415734798
vt 0.77778405 0.915735006
v 0.267913878 -0.158006981 0.400961488
vt 0.767913163 0.900961518
v 0.340989709 -0.158006996 0.340989739
vt 0.840989232 0.840989828
f 34/34 35/35 36/36
usemtl vent_4
v 0.0940788239 -0.158006996 0.472966343
vt 0.594078362 0.972966492
v 0.184542298 -0.158006996 0.445524544
vt 0.684542179 0.945524573
v 0.191341683 -0.140000045 0.461939722
vt 0.691341162 0.961939812
f 37/37 38/38 39/39
v 0.191341683 -0.140000045 0.461939722
vt 0.691341162 0.961939812
v 0.0975451171 -0.140000045 0.490392596
vt 0.597545207 0.990392745
v 0.0940788239 -0.158006996 0.472966343
vt 0.594078362 0.972966492
f 40/40 41/41 42/42
usemtl vent_4
v 0.445524573 -0.158006966 0.184542328
vt 0.945523918 0.684542537
v 0.461939752 -0.140000015 0.191341713
vt 0.961938202 0.691341877
v 0.415734768 -0.14000003 0.277785122
vt 0.915735126 0.777785122
f 43/43 44/44 45/45
v 0.415734768 -0.14000003 0.277785122
vt 0.915735126 0.777785122
v 0.400961459 -0.158006981 0.267913908
vt 0.900960147 0.767914236
v 0.445524573 -0.158006966 0.184542328
vt 0.945523918 0.684542537
f 46/46 47/47 48/48
usemtl vent_4
v 0.267913878 -0.158006981 0.400961488
vt 0.767913163 0.900961518
v 0.277785093 -0.14000006 0.415734798
vt 0.77778405 0.915735006
v 0.191341683 -0.140000045 0.461939722
vt 0.691341162 0.961939812
f 49/49 50/50 51/51
v 0.191341683 -0.140000045 0.461939722
vt 0.691341162 0.961939812
v 0.184542298 -0.158006996 0.445524544
vt 0.684542179 0.945524573
v 0.267913878 -0.158006981 0.400961488
vt 0.767913163 0.900961518
f 52/52 53/53 54/54
usemtl vent_4
v 0.340989709 -0.158006996 0.340989739
vt 0.840989232 0.840989828
v 0.400961459 -0.158006981 0.267913908
vt 0.900960147 0.767914236
v 0.415734768 -0.14000003 0.277785122
vt 0.915735126 0.777785122
f 55/55 56/56 57/57
v 0.415734768 -0.14000003 0.277785122
vt 0.915735126 0.777785122
v 0.353553355 -0.140000045 0.353553385
vt 0.85355401 0.853553712
v 0.340989709 -0.158006996 0.340989739
vt 0.840989232 0.840989828
f 58/58 59/59 60/60
usemtl vent_4
v 0.472966343 -0.158006951 0.0940788761
vt 0.972966313 0.594078839
v 0.490392625 -0.140000001 0.0975451767
vt 0.990392327 0.597545028
v 0.461939752 -0.140000015 0.191341713
vt 0.961938202 0.691341877
f 61/61 62/62 63/63
v 0.461939752 -0.140000015 0.191341713
vt 0.961938202 0.691341877
v 0.445524573 -0.158006966 0.184542328
vt 0.945523918 0.684542537
v 0.472966343 -0.158006951 0.0940788761
vt 0.972966313 0.594078839
f 64/64 65/65 66/66
usemtl vent_4
v 0.267913938 -0.158006936 -0.400961488
vt 0.767913163 0.0990385562
v 0.184542358 -0.158006921 -0.445524633
vt 0.684542179 0.054475449
v 0.191341743 -0.139999986 -0.461939782
vt 0.691341162 0.0380602032
f 67/67 68/68 69/69
v 0.191341743 -0.139999986 -0.461939782
vt 0.691341162 0.0380602032
v 0.277785152 -0.139999971 -0.415734798
vt 0.77778405 0.0842652768
v 0.267913938 -0.158006936 -0.400961488
vt 0.767913163 0.0990385562
f 70/70 71/71 72/72
usemtl vent_4
v -0.340989769 -0.158007011 0.340989679
vt 0.159009337 0.840989828
v -0.353553414 -0.14000006 0.353553325
vt 0.146446079 0.853553295
v -0.415734828 -0.14000006 0.277785063
vt 0.0842649266 0.777785122
f 73/73 74/74 75/75
v -0.415734828 -0.14000006 0.277785063
vt 0.0842649266 0.777785122
v -0.400961518 -0.158006996 0.267913848
vt 0.0990383998 0.767913997
v -0.340989769 -0.158007011 0.340989679
vt 0.159009337 0.840989828
f 76/76 77/77 78/78
usemtl vent_4
v 0.184542358 -0.158006921 -0.445524633
vt 0.684542179 0.054475449
v 0.094078891 -0.158006936 -0.472966373
vt 0.594078362 0.0270336736
v 0.0975451916 -0.139999986 -0.490392655
vt 0.597545207 0.00960727036
f 79/79 80/80 81/81
v 0.0975451916 -0.139999986 -0.490392655
vt 0.597545207 0.00960727036
v 0.191341743 -0.139999986 -0.461939782
vt 0.691341162 0.0380602032
v 0.184542358 -0.158006921 -0.445524633
vt 0.684542179 0.054475449
f 82/82 83/83 84/84
usemtl vent_4
v 0.340989769 -0.158006921 -0.340989739
vt 0.840989232 0.159010336
v 0.267913938 -0.158006936 -0.400961488
vt 0.767913163 0.0990385562
v 0.277785152 -0.139999971 -0.415734798
vt 0.77778405 0.0842652768
f 85/85 86/86 87/87
v 0.277785152 -0.139999971 -0.415734798
vt 0.77778405 0.0842652768
v 0.353553414 -0.139999986 -0.353553385
vt 0.85355401 0.146446779
v 0.340989769 -0.158006921 -0.340989739
vt 0.840989232 0.159010336
f 88/88 89/89 90/90
usemtl vent_4
v -0.340989769 -0.158007011 0.340989679
vt 0.159009337 0.840989828
v -0.267913938 -0.158006996 0.400961429
vt 0.232085392 0.900961339
v -0.277785152 -0.140000075 0.415734738
vt 0.222215995 0.915735006
f 91/91 92/92 93/93
v -0.277785152 -0.140000075 0.415734738
vt 0.222215995 0.915735006
v -0.353553414 -0.14000006 0.353553325
vt 0.146446079 0.853553295
v -0.340989769 -0.158007011 0.340989679
vt 0.159009337 0.840989828
f 94/94 95/95 96/96
usemtl vent_4
v 0.340989769 -0.158006921 -0.340989739
vt 0.840989232 0.159010336
v 0.353553414 -0.139999986 -0.353553385
vt 0.85355401 0.146446779
v 0.415734828 -0.139999986 -0.277785122
vt 0.915735126 0.222214863
f 97/97 98/98 99/99
v 0.415734828 -0.139999986 -0.277785122
vt 0.915735126 0.222214863
v 0.400961518 -0.158006936 -0.267913908
vt 0.900960147 0.232086256
v 0.340989769 -0.158006921 -0.340989739
vt 0.840989232 0.159010336
f 100/100 101/101 102/102
usemtl vent_4
v 3.2573098e-08 -0.158006936 -0.482232392
vt 0.499999374 0.0177676342
v 3.39149757e-08 -0.139999971 -0.5
vt 0.499999374 0
v 0.0975451916 -0.139999986 -0.490392655
vt 0.597545207 0.00960727036
f 103/103 104/104 105/105
v 0.0975451916 -0.139999986 -0.490392655
vt 0.597545207 0.00960727036
v 0.094078891 -0.158006936 -0.472966373
vt 0.594078362 0.0270336736
v 3.2573098e-08 -0.158006936 -0.482232392
vt 0.499999374 0.0177676342
f 106/106 107/107 108/108
usemtl vent_4
v -0.267913878 -0.158006951 -0.400961548
vt 0.232085392 0.0990385562
v -0.277785093 -0.139999986 -0.415734857
vt 0.222215995 0.0842652768
v -0.191341683 -0.140000001 -0.461939782
vt 0.308658898 0.0380602032
f 109/109 110/110 111/111
v -0.191341683 -0.140000001 -0.461939782
vt 0.308658898 0.0380602032
v -0.184542298 -0.158006936 -0.445524603
vt 0.31545788 0.054475449
v -0.267913878 -0.158006951 -0.400961548
vt 0.232085392 0.0990385562
f 112/112 113/113 114/114
usemtl vent_4
v 0.472966343 -0.158006951 -0.0940788463
vt 0.972966313 0.40592134
v 0.445524573 -0.158006936 -0.184542328
vt 0.945523918 0.315457761
v 0.461939752 -0.139999986 -0.191341713
vt 0.961938202 0.308658391
f 115/115 116/116 117/117
v 0.461939752 -0.139999986 -0.191341713
vt 0.961938202 0.308658391
v 0.490392625 -0.140000001 -0.0975451469
vt 0.990392327 0.402454883
v 0.472966343 -0.158006951 -0.0940788463
vt 0.972966313 0.40592134
f 118/118 119/119 120/120
usemtl vent_4
v -0.340989709 -0.158006966 -0.340989798
vt 0.159009337 0.159010246
v -0.353553355 -0.140000001 -0.353553444
vt 0.146446079 0.146446586
v -0.277785093 -0.139999986 -0.415734857
vt 0.222215995 0.0842652768
f 121/121 122/122 123/123
v -0.277785093 -0.139999986 -0.415734857
vt 0.222215995 0.0842652768
v -0.267913878 -0.158006951 -0.400961548
vt 0.232085392 0.0990385562
v -0.340989709 -0.158006966 -0.340989798
vt 0.159009337 0.159010246
f 124/124 125/125 126/126
usemtl vent_4
v -0.445524573 -0.158006981 -0.184542388
vt 0.0544746071 0.315457761
v -0.461939752 -0.14000003 -0.191341773
vt 0.038060315 0.308658391
v -0.415734768 -0.140000015 -0.277785182
vt 0.0842649266 0.222214863
f 127/127 128/128 129/129
v -0.415734768 -0.140000015 -0.277785182
vt 0.0842649266 0.222214863
v -0.400961459 -0.158006951 -0.267913967
vt 0.0990383998 0.232085973
v -0.445524573 -0.158006981 -0.184542388
vt 0.0544746071 0.315457761
f 130/130 131/131 132/132
usemtl vent_4
v -0.184542358 -0.158007011 0.445524573
vt 0.31545788 0.945524752
v -0.0940789059 -0.158007011 0.472966313
vt 0.405921698 0.972966492
v -0.0975452065 -0.14000006 0.490392596
vt 0.402453303 0.990392745
f 133/133 134/134 135/135
v -0.0975452065 -0.14000006 0.490392596
vt 0.402453303 0.990392745
v -0.191341743 -0.14000006 0.461939722
vt 0.308658898 0.961939812
v -0.184542358 -0.158007011 0.445524573
vt 0.31545788 0.945524752
f 136/136 137/137 138/138
usemtl vent_4
v -0.400961459 -0.158006951 -0.267913967
vt 0.0990383998 0.232085973
v -0.415734768 -0.140000015 -0.277785182
vt 0.0842649266 0.222214863
v -0.353553355 -0.140000001 -0.353553444
vt 0.146446079 0.146446586
f 139/139 140/140 141/141
v -0.353553355 -0.140000001 -0.353553444
vt 0.146446079 0.146446586
v -0.340989709 -0.158006966 -0.340989798
vt 0.159009337 0.159010246
v -0.400961459 -0.158006951 -0.267913967
vt 0.0990383998 0.232085973
f 142/142 143/143 144/144
usemtl vent_4
v -0.482232362 -0.158006981 -6.13620585e-08
vt 0.0177659187 0.500000119
v -0.5 -0.140000015 -6.0557845e-08
vt 0 0.500000119
v -0.490392625 -0.14000003 -0.0975452214
vt 0.00960622169 0.402454883
f 145/145 146/146 147/147
v -0.490392625 -0.14000003 -0.0975452214
vt 0.00960622169 0.402454883
v -0.472966343 -0.158006981 -0.0940789208
vt 0.0270322487 0.40592134
v -0.482232362 -0.158006981 -6.13620585e-08
vt 0.0177659187 0.500000119
f 148/148 149/149 150/150
usemtl vent_4
v -0.472966343 -0.158006981 -0.0940789208
vt 0.0270322487 0.40592134
v -0.490392625 -0.14000003 -0.0975452214
vt 0.00960622169 0.402454883
v -0.461939752 -0.14000003 -0.191341773
vt 0.038060315 0.308658391
f 151/151 152/152 153/153
v -0.461939752 -0.14000003 -0.191341773
vt 0.038060315 0.308658391
v -0.445524573 -0.158006981 -0.184542388
vt 0.0544746071 0.315457761
v -0.472966343 -0.158006981 -0.0940789208
vt 0.0270322487 0.40592134
f 154/154 155/155 156/156
usemtl vent_4
v -4.02410478e-08 -0.158006996 0.482232332
vt 0.499999374 0.982232451
v -4.15829255e-08 -0.140000045 0.49999997
vt 0.499999374 1
v -0.0975452065 -0.14000006 0.490392596
vt 0.402453303 0.990392745
f 157/157 158/158 159/159
v -0.0975452065 -0.14000006 0.490392596
vt 0.402453303 0.990392745
v -0.0940789059 -0.158007011 0.472966313
vt 0.405921698 0.972966492
v -4.02410478e-08 -0.158006996 0.482232332
vt 0.499999374 0.982232451
f 160/160 161/161 162/162
usemtl vent_4
v -0.482232362 -0.158006981 -6.13620585e-08
vt 0.0177659187 0.500000119
v -0.472966343 -0.158006981 0.0940788016
vt 0.0270322487 0.594078839
v -0.490392625 -0.140000045 0.0975451022
vt 0.00960622169 0.597545028
f 163/163 164/164 165/165
v -0.490392625 -0.140000045 0.0975451022
vt 0.00960622169 0.597545028
v -0.5 -0.140000015 -6.0557845e-08
vt 0 0.500000119
v -0.482232362 -0.158006981 -6.13620585e-08
vt 0.0177659187 0.500000119
f 166/166 167/167 168/168
usemtl vent_4
v 3.2573098e-08 -0.158006936 -0.482232392
vt 0.499999374 0.0177676342
v -0.0940788388 -0.158006951 -0.472966403
vt 0.405921698 0.0270335786
v -0.097545132 -0.139999986 -0.490392655
vt 0.402453303 0.00960727036
f 169/169 170/170 171/171
v -0.097545132 -0.139999986 -0.490392655
vt 0.402453303 0.00960727036
v 3.39149757e-08 -0.139999971 -0.5
vt 0.499999374 0
v 3.2573098e-08 -0.158006936 -0.482232392
vt 0.499999374 0.0177676342
f 172/172 173/173 174/174
usemtl vent_4
v -0.0940788388 -0.158006951 -0.472966403
vt 0.405921698 0.0270335786
v -0.184542298 -0.158006936 -0.445524603
vt 0.31545788 0.054475449
v -0.191341683 -0.140000001 -0.461939782
vt 0.308658898 0.0380602032
f 175/175 176/176 177/177
v -0.191341683 -0.140000001 -0.461939782
vt 0.308658898 0.0380602032
v -0.097545132 -0.139999986 -0.490392655
vt 0.402453303 0.00960727036
v -0.0940788388 -0.158006951 -0.472966403
vt 0.405921698 0.0270335786
f 178/178 179/179 180/180
usemtl vent_4
v 0.400961518 -0.158006936 -0.267913908
vt 0.900960147 0.232086256
v 0.415734828 -0.139999986 -0.277785122
vt 0.915735126 0.222214863
v 0.461939752 -0.139999986 -0.191341713
vt 0.961938202 0.308658391
f 181/181 182/182 183/183
v 0.461939752 -0.139999986 -0.191341713
vt 0.961938202 0.308658391
v 0.445524573 -0.158006936 -0.184542328
vt 0.945523918 0.315457761
v 0.400961518 -0.158006936 -0.267913908
vt 0.900960147 0.232086256
f 184/184 185/185 186/186
usemtl vent_4
v 0.0794465169 -0.185000047 0.399405241
vt 0.579447269 0.899405301
v 0.0794465467 -0.185000002 -0.39940536
vt 0.579447269 0.10059461
v 0.155840248 -0.185000002 -0.376231551
vt 0.655840158 0.123768464
f 187/187 188/188 189/189
v 0.155840248 -0.185000002 -0.376231551
vt 0.655840158 0.123768464
v 0.155840218 -0.185000032 0.376231492
vt 0.655840158 0.876231432
v 0.0794465169 -0.185000047 0.399405241
vt 0.579447269 0.899405301
f 190/190 191/191 192/192
usemtl vent_4
v -0.0794465616 -0.185000062 0.399405301
vt 0.420552731 0.899405301
v -4.94687811e-08 -0.184999973 0.407230109
vt 0.499999374 0.90722996
v -4.04174898e-08 -0.173284307 0.435651273
vt 0.499999374 0.935651302
f 193/193 194/194 195/195
v -4.04174898e-08 -0.173284307 0.435651273
vt 0.499999374 0.935651302
v -0.0849913433 -0.173284322 0.427280277
vt 0.415008932 0.927280247
v -0.0794465616 -0.185000062 0.399405301
vt 0.420552731 0.899405301
f 196/196 197/197 198/198
usemtl vent_4
v -0.0849913433 -0.173284322 0.427280277
vt 0.415008932 0.927280247
v -4.04174898e-08 -0.173284307 0.435651273
vt 0.499999374 0.935651302
v -3.76135212e-08 -0.145000055 0.447423637
vt 0.499999374 0.947423637
f 199/199 200/200 201/201
v -3.76135212e-08 -0.145000055 0.447423637
vt 0.499999374 0.947423637
v -0.0872880593 -0.145000041 0.438826501
vt 0.412711471 0.938826799
v -0.0849913433 -0.173284322 0.427280277
vt 0.415008932 0.927280247
f 202/202 203/203 204/204
usemtl vent_4
v 0.155840248 -0.185000002 -0.376231551
vt 0.655840158 0.123768464
v 0.166716516 -0.173284248 -0.402489245
vt 0.666715145 0.0975108147
v 0.242034912 -0.173284233 -0.362230748
vt 0.742035091 0.137769267
f 205/205 206/206 207/207
v 0.242034912 -0.173284233 -0.362230748
vt 0.742035091 0.137769267
v 0.226244986 -0.184999943 -0.338599443
vt 0.726245284 0.161400571
v 0.155840248 -0.185000002 -0.376231551
vt 0.655840158 0.123768464
f 208/208 209/209 210/210
usemtl vent_4
v 0.166716516 -0.173284248 -0.402489245
vt 0.666715145 0.0975108147
v 0.171221644 -0.144999966 -0.413365573
vt 0.671221256 0.086634472
v 0.2485753 -0.144999981 -0.372019172
vt 0.748575389 0.127980813
f 211/211 212/212 213/213
v 0.2485753 -0.144999981 -0.372019172
vt 0.748575389 0.127980813
v 0.242034912 -0.173284233 -0.362230748
vt 0.742035091 0.137769267
v 0.166716516 -0.173284248 -0.402489245
vt 0.666715145 0.0975108147
f 214/214 215/215 216/216
usemtl vent_4
v 0.376231551 -0.185000017 0.155840218
vt 0.876231551 0.655840278
v 0.402489245 -0.173284277 0.166716516
vt 0.902489245 0.666716635
v 0.362230718 -0.173284292 0.242034882
vt 0.862229526 0.742034972
f 217/217 218/218 219/219
v 0.362230718 -0.173284292 0.242034882
vt 0.862229526 0.742034972
v 0.338599414 -0.185000032 0.226244956
vt 0.83859992 0.726244807
v 0.376231551 -0.185000017 0.155840218
vt 0.876231551 0.655840278
f 220/220 221/221 222/222
usemtl vent_4
v 0.402489245 -0.173284277 0.166716516
vt 0.902489245 0.666716635
v 0.413365543 -0.145000011 0.171221614
vt 0.913365781 0.671221614
v 0.372019142 -0.145000041 0.24857527
vt 0.872019291 0.748575091
f 223/223 224/224 225/225
v 0.372019142 -0.145000041 0.24857527
vt 0.872019291 0.748575091
v 0.362230718 -0.173284292 0.242034882
vt 0.862229526 0.742034972
v 0.402489245 -0.173284277 0.166716516
vt 0.902489245 0.666716635
f 226/226 227/227 228/228
usemtl vent_4
v -0.155840248 -0.185000047 0.376231492
vt 0.344159931 0.876231432
v -0.166716516 -0.173284307 0.402489185
vt 0.333283395 0.902489066
v -0.242034897 -0.173284307 0.362230688
vt 0.257964998 0.862230718
f 229/229 230/230 231/231
v -0.242034897 -0.173284307 0.362230688
vt 0.257964998 0.862230718
v -0.226244986 -0.185000017 0.338599384
vt 0.273753256 0.838599622
v -0.155840248 -0.185000047 0.376231492
vt 0.344159931 0.876231432
f 232/232 233/233 234/234
usemtl vent_4
v -0.166716516 -0.173284307 0.402489185
vt 0.333283395 0.902489066
v -0.171221644 -0.145000041 0.413365513
vt 0.328778803 0.913365602
v -0.2485753 -0.145000041 0.372019112
vt 0.25142467 0.872018993
f 235/235 236/236 237/237
v -0.2485753 -0.145000041 0.372019112
vt 0.25142467 0.872018993
v -0.242034897 -0.173284307 0.362230688
vt 0.257964998 0.862230718
v -0.166716516 -0.173284307 0.402489185
vt 0.333283395 0.902489066
f 238/238 239/239 240/240
usemtl vent_4
v 0.376231551 -0.185000017 0.155840218
vt 0.876231551 0.655840278
v 0.39940533 -0.185000047 0.0794465318
vt 0.899405062 0.579446554
v 0.427280307 -0.173284277 0.0849913061
vt 0.927280545 0.584991336
f 241/241 242/242 243/243
v 0.427280307 -0.173284277 0.0849913061
vt 0.927280545 0.584991336
v 0.402489245 -0.173284277 0.166716516
vt 0.902489245 0.666716635
v 0.376231551 -0.185000017 0.155840218
vt 0.876231551 0.655840278
f 244/244 245/245 246/246
usemtl vent_4
v 0.402489245 -0.173284277 0.166716516
vt 0.902489245 0.666716635
v 0.427280307 -0.173284277 0.0849913061
vt 0.927280545 0.584991336
v 0.438826531 -0.144999996 0.0872880295
vt 0.938825965 0.587288201
f 247/247 248/248 249/249
v 0.438826531 -0.144999996 0.0872880295
vt 0.938825965 0.587288201
v 0.413365543 -0.145000011 0.171221614
vt 0.913365781 0.671221614
v 0.402489245 -0.173284277 0.166716516
vt 0.902489245 0.666716635
f 250/250 251/251 252/252
usemtl vent_4
v -0.376231521 -0.185000047 0.155840203
vt 0.123766981 0.655840278
v -0.338599473 -0.185000017 0.226244882
vt 0.161400154 0.726244807
v -0.362230778 -0.173284307 0.242034793
vt 0.137769029 0.742034972
f 253/253 254/254 255/255
v -0.362230778 -0.173284307 0.242034793
vt 0.137769029 0.742034972
v -0.402489215 -0.173284307 0.166716456
vt 0.0975108519 0.666716635
v -0.376231521 -0.185000047 0.155840203
vt 0.123766981 0.655840278
f 256/256 257/257 258/258
usemtl vent_4
v -0.402489215 -0.173284307 0.166716456
vt 0.0975108519 0.666716635
v -0.362230778 -0.173284307 0.242034793
vt 0.137769029 0.742034972
v -0.372019202 -0.145000055 0.248575211
vt 0.127980858 0.748575091
f 259/259 260/260 261/261
v -0.372019202 -0.145000055 0.248575211
vt 0.127980858 0.748575091
v -0.413365543 -0.145000041 0.171221554
vt 0.0866327807 0.671221435
v -0.402489215 -0.173284307 0.166716456
vt 0.0975108519 0.666716635
f 262/262 263/263 264/264
usemtl vent_4
v -0.338599473 -0.185000017 0.226244882
vt 0.161400154 0.726244807
v -0.287955195 -0.185000032 0.287955105
vt 0.212045074 0.787955105
v -0.308051944 -0.173284307 0.308051854
vt 0.19194822 0.808052003
f 265/265 266/266 267/267
v -0.308051944 -0.173284307 0.308051854
vt 0.19194822 0.808052003
v -0.362230778 -0.173284307 0.242034793
vt 0.137769029 0.742034972
v -0.338599473 -0.185000017 0.226244882
vt 0.161400154 0.726244807
f 268/268 269/269 270/270
usemtl vent_4
v -0.308051944 -0.173284307 0.308051854
vt 0.19194822 0.808052003
v -0.316376328 -0.145000041 0.316376239
vt 0.183623224 0.816376269
v -0.372019202 -0.145000055 0.248575211
vt 0.127980858 0.748575091
f 271/271 272/272 273/273
v -0.372019202 -0.145000055 0.248575211
vt 0.127980858 0.748575091
v -0.362230778 -0.173284307 0.242034793
vt 0.137769029 0.742034972
v -0.308051944 -0.173284307 0.308051854
vt 0.19194822 0.808052003
f 274/274 275/275 276/276
usemtl vent_4
v -0.155840248 -0.185000047 0.376231492
vt 0.344159931 0.876231432
v -0.0794465616 -0.185000062 0.399405301
vt 0.420552731 0.899405301
v -0.0849913433 -0.173284322 0.427280277
vt 0.415008932 0.927280247
f 277/277 278/278 279/279
v -0.0849913433 -0.173284322 0.427280277
vt 0.415008932 0.927280247
v -0.166716516 -0.173284307 0.402489185
vt 0.333283395 0.902489066
v -0.155840248 -0.185000047 0.376231492
vt 0.344159931 0.876231432
f 280/280 281/281 282/282
usemtl vent_4
v -0.166716516 -0.173284307 0.402489185
vt 0.333283395 0.902489066
v -0.0849913433 -0.173284322 0.427280277
vt 0.415008932 0.927280247
v -0.0872880593 -0.145000041 0.438826501
vt 0.412711471 0.938826799
f 283/283 284/284 285/285
v -0.0872880593 -0.145000041 0.438826501
vt 0.412711471 0.938826799
v -0.171221644 -0.145000041 0.413365513
vt 0.328778803 0.913365602
v -0.166716516 -0.173284307 0.402489185
vt 0.333283395 0.902489066
f 286/286 287/287 288/288
usemtl vent_4
v 0.39940533 -0.185000047 0.0794465318
vt 0.899405062 0.579446554
v 0.407230139 -0.184999943 7.57824825e-09
vt 0.907229543 0.500000119
v 0.435651302 -0.173284262 8.55565219e-09
vt 0.935651481 0.500000119
f 289/289 290/290 291/291
v 0.435651302 -0.173284262 8.55565219e-09
vt 0.935651481 0.500000119
v 0.427280307 -0.173284277 0.0849913061
vt 0.927280545 0.584991336
v 0.39940533 -0.185000047 0.0794465318
vt 0.899405062 0.579446554
f 292/292 293/293 294/294
usemtl vent_4
v 0.427280307 -0.173284277 0.0849913061
vt 0.927280545 0.584991336
v 0.435651302 -0.173284262 8.55565219e-09
vt 0.935651481 0.500000119
v 0.447423667 -0.145000011 1.03746016e-08
vt 0.947423458 0.500000119
f 295/295 296/296 297/297
v 0.447423667 -0.145000011 1.03746016e-08
vt 0.947423458 0.500000119
v 0.438826531 -0.144999996 0.0872880295
vt 0.938825965 0.587288201
v 0.427280307 -0.173284277 0.0849913061
vt 0.927280545 0.584991336
f 298/298 299/299 300/300
usemtl vent_4
v -0.226244986 -0.185000017 0.338599384
vt 0.273753256 0.838599622
v -0.242034897 -0.173284307 0.362230688
vt 0.257964998 0.862230718
v -0.308051944 -0.173284307 0.308051854
vt 0.19194822 0.808052003
f 301/301 302/302 303/303
v -0.308051944 -0.173284307 0.308051854
vt 0.19194822 0.808052003
v -0.287955195 -0.185000032 0.287955105
vt 0.212045074 0.787955105
v -0.226244986 -0.185000017 0.338599384
vt 0.273753256 0.838599622
f 304/304 305/305 306/306
usemtl vent_4
v -0.242034897 -0.173284307 0.362230688
vt 0.257964998 0.862230718
v -0.2485753 -0.145000041 0.372019112
vt 0.25142467 0.872018993
v -0.316376328 -0.145000041 0.316376239
vt 0.183623224 0.816376269
f 307/307 308/308 309/309
v -0.316376328 -0.145000041 0.316376239
vt 0.183623224 0.816376269
v -0.308051944 -0.173284307 0.308051854
vt 0.19194822 0.808052003
v -0.242034897 -0.173284307 0.362230688
vt 0.257964998 0.862230718
f 310/310 311/311 312/312
usemtl vent_4
v -0.399405301 -0.185000047 0.0794466212
vt 0.100595035 0.579446554
v -0.376231521 -0.185000047 0.155840203
vt 0.123766981 0.655840278
v -0.402489215 -0.173284307 0.166716456
vt 0.0975108519 0.666716635
f 313/313 314/314 315/315
v -0.402489215 -0.173284307 0.166716456
vt 0.0975108519 0.666716635
v -0.427280307 -0.173284307 0.0849912837
vt 0.0727194175 0.584991336
v -0.399405301 -0.185000047 0.0794466212
vt 0.100595035 0.579446554
f 316/316 317/317 318/318
usemtl vent_4
v -0.427280307 -0.173284307 0.0849912837
vt 0.0727194175 0.584991336
v -0.402489215 -0.173284307 0.166716456
vt 0.0975108519 0.666716635
v -0.413365543 -0.145000041 0.171221554
vt 0.0866327807 0.671221435
f 319/319 320/320 321/321
v -0.413365543 -0.145000041 0.171221554
vt 0.0866327807 0.671221435
v -0.438826531 -0.145000026 0.0872879699
vt 0.0611741953 0.587287903
v -0.427280307 -0.173284307 0.0849912837
vt 0.0727194175 0.584991336
f 322/322 323/323 324/324
usemtl vent_4
v 0.155840248 -0.185000002 -0.376231551
vt 0.655840158 0.123768464
v 0.0794465467 -0.185000002 -0.39940536
vt 0.579447269 0.10059461
v 0.0849913284 -0.173284248 -0.427280337
vt 0.584991157 0.0727196783
f 325/325 326/326 327/327
v 0.0849913284 -0.173284248 -0.427280337
vt 0.584991157 0.0727196783
v 0.166716516 -0.173284248 -0.402489245
vt 0.666715145 0.0975108147
v 0.155840248 -0.185000002 -0.376231551
vt 0.655840158 0.123768464
f 328/328 329/329 330/330
usemtl vent_4
v 0.166716516 -0.173284248 -0.402489245
vt 0.666715145 0.0975108147
v 0.0849913284 -0.173284248 -0.427280337
vt 0.584991157 0.0727196783
v 0.0872880444 -0.144999966 -0.438826561
vt 0.587287068 0.0611735024
f 331/331 332/332 333/333
v 0.0872880444 -0.144999966 -0.438826561
vt 0.587287068 0.0611735024
v 0.171221644 -0.144999966 -0.413365573
vt 0.671221256 0.086634472
v 0.166716516 -0.173284248 -0.402489245
vt 0.666715145 0.0975108147
f 334/334 335/335 336/336
usemtl vent_4
v 0.226244986 -0.184999943 -0.338599443
vt 0.726245284 0.161400571
v 0.242034912 -0.173284233 -0.362230748
vt 0.742035091 0.137769267
v 0.308051944 -0.173284248 -0.308051914
vt 0.808051944 0.191948161
f 337/337 338/338 339/339
v 0.308051944 -0.173284248 -0.308051914
vt 0.808051944 0.191948161
v 0.287955195 -0.185000002 -0.287955165
vt 0.787953496 0.212044999
v 0.226244986 -0.184999943 -0.338599443
vt 0.726245284 0.161400571
f 340/340 341/341 342/342
usemtl vent_4
v 0.242034912 -0.173284233 -0.362230748
vt 0.742035091 0.137769267
v 0.2485753 -0.144999981 -0.372019172
vt 0.748575389 0.127980813
v 0.316376328 -0.144999966 -0.316376299
vt 0.816375434 0.183623925
f 343/343 344/344 345/345
v 0.316376328 -0.144999966 -0.316376299
vt 0.816375434 0.183623925
v 0.308051944 -0.173284248 -0.308051914
vt 0.808051944 0.191948161
v 0.242034912 -0.173284233 -0.362230748
vt 0.742035091 0.137769267
f 346/346 347/347 348/348
usemtl vent_4
v 0.338599473 -0.184999958 -0.226244941
vt 0.83859992 0.273755074
v 0.287955195 -0.185000002 -0.287955165
vt 0.787953496 0.212044999
v 0.308051944 -0.173284248 -0.308051914
vt 0.808051944 0.191948161
f 349/349 350/350 351/351
v 0.308051944 -0.173284248 -0.308051914
vt 0.808051944 0.191948161
v 0.362230778 -0.173284233 -0.242034853
vt 0.862229526 0.257965177
v 0.338599473 -0.184999958 -0.226244941
vt 0.83859992 0.273755074
f 352/352 353/353 354/354
usemtl vent_4
v 0.362230778 -0.173284233 -0.242034853
vt 0.862229526 0.257965177
v 0.308051944 -0.173284248 -0.308051914
vt 0.808051944 0.191948161
v 0.316376328 -0.144999966 -0.316376299
vt 0.816375434 0.183623925
f 355/355 356/356 357/357
v 0.316376328 -0.144999966 -0.316376299
vt 0.816375434 0.183623925
v 0.372019202 -0.144999966 -0.24857527
vt 0.872019291 0.251424789
v 0.362230778 -0.173284233 -0.242034853
vt 0.862229526 0.257965177
f 358/358 359/359 360/360
usemtl vent_4
v 0.0794465169 -0.185000047 0.399405241
vt 0.579447269 0.899405301
v 0.0849912763 -0.173284322 0.427280277
vt 0.584991157 0.927280247
v -4.04174898e-08 -0.173284307 0.435651273
vt 0.499999374 0.935651302
f 361/361 362/362 363/363
v -4.04174898e-08 -0.173284307 0.435651273
vt 0.499999374 0.935651302
v -4.94687811e-08 -0.184999973 0.407230109
vt 0.499999374 0.90722996
v 0.0794465169 -0.185000047 0.399405241
vt 0.579447269 0.899405301
f 364/364 365/365 366/366
usemtl vent_4
v 0.0849912763 -0.173284322 0.427280277
vt 0.584991157 0.927280247
v 0.0872879848 -0.145000041 0.438826472
vt 0.587287068 0.938826799
v -3.76135212e-08 -0.145000055 0.447423637
vt 0.499999374 0.947423637
f 367/367 368/368 369/369
v -3.76135212e-08 -0.145000055 0.447423637
vt 0.499999374 0.947423637
v -4.04174898e-08 -0.173284307 0.435651273
vt 0.499999374 0.935651302
v 0.0849912763 -0.173284322 0.427280277
vt 0.584991157 0.927280247
f 370/370 371/371 372/372
usemtl vent_4
v 0.155840218 -0.185000032 0.376231492
vt 0.655840158 0.876231432
v 0.166716471 -0.173284292 0.402489185
vt 0.666715145 0.902489066
v 0.0849912763 -0.173284322 0.427280277
vt 0.584991157 0.927280247
f 373/373 374/374 375/375
v 0.0849912763 -0.173284322 0.427280277
vt 0.584991157 0.927280247
v 0.0794465169 -0.185000047 0.399405241
vt 0.579447269 0.899405301
v 0.155840218 -0.185000032 0.376231492
vt 0.655840158 0.876231432
f 376/376 377/377 378/378
usemtl vent_4
v 0.166716471 -0.173284292 0.402489185
vt 0.666715145 0.902489066
v 0.171221584 -0.145000041 0.413365513
vt 0.671221256 0.913365602
v 0.0872879848 -0.145000041 0.438826472
vt 0.587287068 0.938826799
f 379/379 380/380 381/381
v 0.0872879848 -0.145000041 0.438826472
vt 0.587287068 0.938826799
v 0.0849912763 -0.173284322 0.427280277
vt 0.584991157 0.927280247
v 0.166716471 -0.173284292 0.402489185
vt 0.666715145 0.902489066
f 382/382 383/383 384/384
usemtl vent_4
v 0.155840218 -0.185000032 0.376231492
vt 0.655840158 0.876231432
v 0.226244912 -0.185000062 0.338599443
vt 0.726243734 0.838599622
v 0.242034823 -0.173284307 0.362230748
vt 0.742035091 0.862230718
f 385/385 386/386 387/387
v 0.242034823 -0.173284307 0.362230748
vt 0.742035091 0.862230718
v 0.166716471 -0.173284292 0.402489185
vt 0.666715145 0.902489066
v 0.155840218 -0.185000032 0.376231492
vt 0.655840158 0.876231432
f 388/388 389/389 390/390
usemtl vent_4
v 0.166716471 -0.173284292 0.402489185
vt 0.666715145 0.902489066
v 0.242034823 -0.173284307 0.362230748
vt 0.742035091 0.862230718
v 0.24857524 -0.145000026 0.372019172
vt 0.748575389 0.872019351
f 391/391 392/392 393/393
v 0.24857524 -0.145000026 0.372019172
vt 0.748575389 0.872019351
v 0.171221584 -0.145000041 0.413365513
vt 0.671221256 0.913365602
v 0.166716471 -0.173284292 0.402489185
vt 0.666715145 0.902489066
f 394/394 395/395 396/396
usemtl vent_4
v 0.226244912 -0.185000062 0.338599443
vt 0.726243734 0.838599622
v 0.287955135 -0.184999958 0.287955165
vt 0.787953496 0.787955284
v 0.308051884 -0.173284277 0.308051914
vt 0.808051944 0.808052003
f 397/397 398/398 399/399
v 0.308051884 -0.173284277 0.308051914
vt 0.808051944 0.808052003
v 0.242034823 -0.173284307 0.362230748
vt 0.742035091 0.862230718
v 0.226244912 -0.185000062 0.338599443
vt 0.726243734 0.838599622
f 400/400 401/401 402/402
usemtl vent_4
v 0.242034823 -0.173284307 0.362230748
vt 0.742035091 0.862230718
v 0.308051884 -0.173284277 0.308051914
vt 0.808051944 0.808052003
v 0.316376269 -0.145000026 0.316376299
vt 0.816375434 0.816376626
f 403/403 404/404 405/405
v 0.316376269 -0.145000026 0.316376299
vt 0.816375434 0.816376626
v 0.24857524 -0.145000026 0.372019172
vt 0.748575389 0.872019351
v 0.242034823 -0.173284307 0.362230748
vt 0.742035091 0.862230718
f 406/406 407/407 408/408
usemtl vent_4
v 0.338599414 -0.185000032 0.226244956
vt 0.83859992 0.726244807
v 0.362230718 -0.173284292 0.242034882
vt 0.862229526 0.742034972
v 0.308051884 -0.173284277 0.308051914
vt 0.808051944 0.808052003
f 409/409 410/410 411/411
v 0.308051884 -0.173284277 0.308051914
vt 0.808051944 0.808052003
v 0.287955135 -0.184999958 0.287955165
vt 0.787953496 0.787955284
v 0.338599414 -0.185000032 0.226244956
vt 0.83859992 0.726244807
f 412/412 413/413 414/414
usemtl vent_4
v 0.362230718 -0.173284292 0.242034882
vt 0.862229526 0.742034972
v 0.372019142 -0.145000041 0.24857527
vt 0.872019291 0.748575091
v 0.316376269 -0.145000026 0.316376299
vt 0.816375434 0.816376626
f 415/415 416/416 417/417
v 0.316376269 -0.145000026 0.316376299
vt 0.816375434 0.816376626
v 0.308051884 -0.173284277 0.308051914
vt 0.808051944 0.808052003
v 0.362230718 -0.173284292 0.242034882
vt 0.862229526 0.742034972
f 418/418 419/419 420/420
usemtl vent_4
v 0.376231521 -0.185000002 -0.155840263
vt 0.876231551 0.344159901
v 0.338599473 -0.184999958 -0.226244941
vt 0.83859992 0.273755074
v 0.362230778 -0.173284233 -0.242034853
vt 0.862229526 0.257965177
f 421/421 422/422 423/423
v 0.362230778 -0.173284233 -0.242034853
vt 0.862229526 0.257965177
v 0.402489215 -0.173284262 -0.166716516
vt 0.902489245 0.333283544
v 0.376231521 -0.185000002 -0.155840263
vt 0.876231551 0.344159901
f 424/424 425/425 426/426
usemtl vent_4
v 0.402489215 -0.173284262 -0.166716516
vt 0.902489245 0.333283544
v 0.362230778 -0.173284233 -0.242034853
vt 0.862229526 0.257965177
v 0.372019202 -0.144999966 -0.24857527
vt 0.872019291 0.251424789
f 427/427 428/428 429/429
v 0.372019202 -0.144999966 -0.24857527
vt 0.872019291 0.251424789
v 0.413365543 -0.144999981 -0.171221614
vt 0.913365781 0.328778386
v 0.402489215 -0.173284262 -0.166716516
vt 0.902489245 0.333283544
f 430/430 431/431 432/432
usemtl vent_4
v 0.376231521 -0.185000002 -0.155840263
vt 0.876231551 0.344159901
v 0.402489215 -0.173284262 -0.166716516
vt 0.902489245 0.333283544
v 0.427280307 -0.173284262 -0.0849912912
vt 0.927280545 0.415008783
f 433/433 434/434 435/435
v 0.427280307 -0.173284262 -0.0849912912
vt 0.927280545 0.415008783
v 0.39940533 -0.185000002 -0.0794465169
vt 0.899405062 0.420553505
v 0.376231521 -0.185000002 -0.155840263
vt 0.876231551 0.344159901
f 436/436 437/437 438/438
usemtl vent_4
v 0.402489215 -0.173284262 -0.166716516
vt 0.902489245 0.333283544
v 0.413365543 -0.144999981 -0.171221614
vt 0.913365781 0.328778386
v 0.438826531 -0.144999996 -0.0872880146
vt 0.938825965 0.412712187
f 439/439 440/440 441/441
v 0.438826531 -0.144999996 -0.0872880146
vt 0.938825965 0.412712187
v 0.427280307 -0.173284262 -0.0849912912
vt 0.927280545 0.415008783
v 0.402489215 -0.173284262 -0.166716516
vt 0.902489245 0.333283544
f 442/442 443/443 444/444
usemtl vent_4
v -0.0794465318 -0.185000002 -0.399405301
vt 0.420552731 0.100594707
v -0.0849912912 -0.173284248 -0.427280337
vt 0.415008932 0.0727196783
v 3.48450158e-08 -0.173284248 -0.435651332
vt 0.499999374 0.0643486604
f 445/445 446/446 447/447
v 3.48450158e-08 -0.173284248 -0.435651332
vt 0.499999374 0.0643486604
v 4.4594799e-08 -0.184999943 -0.407230169
vt 0.499999374 0.0927699357
v -0.0794465318 -0.185000002 -0.399405301
vt 0.420552731 0.100594707
f 448/448 449/449 450/450
usemtl vent_4
v -0.0849912912 -0.173284248 -0.427280337
vt 0.415008932 0.0727196783
v -0.0872879997 -0.144999996 -0.438826531
vt 0.412711471 0.0611735024
v 2.99455714e-08 -0.144999996 -0.447423697
vt 0.499999374 0.0525762439
f 451/451 452/452 453/453
v 2.99455714e-08 -0.144999996 -0.447423697
vt 0.499999374 0.0525762439
v 3.48450158e-08 -0.173284248 -0.435651332
vt 0.499999374 0.0643486604
v -0.0849912912 -0.173284248 -0.427280337
vt 0.415008932 0.0727196783
f 454/454 455/455 456/456
usemtl vent_4
v -0.155840218 -0.185000002 -0.376231551
vt 0.344159931 0.123768464
v -0.166716471 -0.173284262 -0.402489245
vt 0.333283395 0.0975108147
v -0.0849912912 -0.173284248 -0.427280337
vt 0.415008932 0.0727196783
f 457/457 458/458 459/459
v -0.0849912912 -0.173284248 -0.427280337
vt 0.415008932 0.0727196783
v -0.0794465318 -0.185000002 -0.399405301
vt 0.420552731 0.100594707
v -0.155840218 -0.185000002 -0.376231551
vt 0.344159931 0.123768464
f 460/460 461/461 462/462
usemtl vent_4
v -0.166716471 -0.173284262 -0.402489245
vt 0.333283395 0.0975108147
v -0.171221584 -0.144999981 -0.413365573
vt 0.328778803 0.086634472
v -0.0872879997 -0.144999996 -0.438826531
vt 0.412711471 0.0611735024
f 463/463 464/464 465/465
v -0.0872879997 -0.144999996 -0.438826531
vt 0.412711471 0.0611735024
v -0.0849912912 -0.173284248 -0.427280337
vt 0.415008932 0.0727196783
v -0.166716471 -0.173284262 -0.402489245
vt 0.333283395 0.0975108147
f 466/466 467/467 468/468
usemtl vent_4
v -0.155840218 -0.185000002 -0.376231551
vt 0.344159931 0.123768464
v -0.226244912 -0.185000032 -0.338599503
vt 0.273756325 0.161400571
v -0.242034823 -0.173284262 -0.362230808
vt 0.257964998 0.137769267
f 469/469 470/470 471/471
v -0.242034823 -0.173284262 -0.362230808
vt 0.257964998 0.137769267
v -0.166716471 -0.173284262 -0.402489245
vt 0.333283395 0.0975108147
v -0.155840218 -0.185000002 -0.376231551
vt 0.344159931 0.123768464
f 472/472 473/473 474/474
usemtl vent_4
v -0.242034823 -0.173284262 -0.362230808
vt 0.257964998 0.137769267
v -0.24857524 -0.144999996 -0.372019231
vt 0.25142467 0.127980813
v -0.171221584 -0.144999981 -0.413365573
vt 0.328778803 0.086634472
f 475/475 476/476 477/477
v -0.171221584 -0.144999981 -0.413365573
vt 0.328778803 0.086634472
v -0.166716471 -0.173284262 -0.402489245
vt 0.333283395 0.0975108147
v -0.242034823 -0.173284262 -0.362230808
vt 0.257964998 0.137769267
f 478/478 479/479 480/480
usemtl vent_4
v -0.226244912 -0.185000032 -0.338599503
vt 0.273756325 0.161400571
v -0.287955135 -0.184999943 -0.287955225
vt 0.212045074 0.212044999
v -0.308051884 -0.173284277 -0.308051974
vt 0.19194822 0.191948056
f 481/481 482/482 483/483
v -0.308051884 -0.173284277 -0.308051974
vt 0.19194822 0.191948056
v -0.242034823 -0.173284262 -0.362230808
vt 0.257964998 0.137769267
v -0.226244912 -0.185000032 -0.338599503
vt 0.273756325 0.161400571
f 484/484 485/485 486/486
usemtl vent_4
v -0.242034823 -0.173284262 -0.362230808
vt 0.257964998 0.137769267
v -0.308051884 -0.173284277 -0.308051974
vt 0.19194822 0.191948056
v -0.316376269 -0.145000026 -0.316376358
vt 0.183623224 0.183623731
f 487/487 488/488 489/489
v -0.316376269 -0.145000026 -0.316376358
vt 0.183623224 0.183623731
v -0.24857524 -0.144999996 -0.372019231
vt 0.25142467 0.127980813
v -0.242034823 -0.173284262 -0.362230808
vt 0.257964998 0.137769267
f 490/490 491/491 492/492
usemtl vent_4
v -0.338599414 -0.185000047 -0.226245016
vt 0.161400154 0.273755074
v -0.362230718 -0.173284277 -0.242034927
vt 0.137769029 0.257965177
v -0.308051884 -0.173284277 -0.308051974
vt 0.19194822 0.191948056
f 493/493 494/494 495/495
v -0.308051884 -0.173284277 -0.308051974
vt 0.19194822 0.191948056
v -0.287955135 -0.184999943 -0.287955225
vt 0.212045074 0.212044999
v -0.338599414 -0.185000047 -0.226245016
vt 0.161400154 0.273755074
f 496/496 497/497 498/498
usemtl vent_4
v -0.362230718 -0.173284277 -0.242034927
vt 0.137769029 0.257965177
v -0.372019142 -0.145000026 -0.24857533
vt 0.127980858 0.251424789
v -0.316376269 -0.145000026 -0.316376358
vt 0.183623224 0.183623731
f 499/499 500/500 501/501
v -0.316376269 -0.145000026 -0.316376358
vt 0.183623224 0.183623731
v -0.308051884 -0.173284277 -0.308051974
vt 0.19194822 0.191948056
v -0.362230718 -0.173284277 -0.242034927
vt 0.137769029 0.257965177
f 502/502 503/503 504/504
usemtl vent_4
v -0.376231521 -0.185000002 -0.155840278
vt 0.123766981 0.344159901
v -0.402489215 -0.173284277 -0.166716546
vt 0.0975108519 0.333283544
v -0.362230718 -0.173284277 -0.242034927
vt 0.137769029 0.257965177
f 505/505 506/506 507/507
v -0.362230718 -0.173284277 -0.242034927
vt 0.137769029 0.257965177
v -0.338599414 -0.185000047 -0.226245016
vt 0.161400154 0.273755074
v -0.376231521 -0.185000002 -0.155840278
vt 0.123766981 0.344159901
f 508/508 509/509 510/510
usemtl vent_4
v -0.402489215 -0.173284277 -0.166716546
vt 0.0975108519 0.333283544
v -0.413365543 -0.145000011 -0.171221673
vt 0.0866327807 0.328778297
v -0.372019142 -0.145000026 -0.24857533
vt 0.127980858 0.251424789
f 511/511 512/512 513/513
v -0.372019142 -0.145000026 -0.24857533
vt 0.127980858 0.251424789
v -0.362230718 -0.173284277 -0.242034927
vt 0.137769029 0.257965177
v -0.402489215 -0.173284277 -0.166716546
vt 0.0975108519 0.333283544
f 514/514 515/515 516/516
usemtl vent_4
v -0.376231521 -0.185000002 -0.155840278
vt 0.123766981 0.344159901
v -0.39940533 -0.185000047 -0.079446584
vt 0.100595035 0.420553505
v -0.427280307 -0.173284307 -0.0849913582
vt 0.0727194175 0.415008783
f 517/517 518/518 519/519
v -0.427280307 -0.173284307 -0.0849913582
vt 0.0727194175 0.415008783
v -0.402489215 -0.173284277 -0.166716546
vt 0.0975108519 0.333283544
v -0.376231521 -0.185000002 -0.155840278
vt 0.123766981 0.344159901
f 520/520 521/521 522/522
usemtl vent_4
v -0.402489215 -0.173284277 -0.166716546
vt 0.0975108519 0.333283544
v -0.427280307 -0.173284307 -0.0849913582
vt 0.0727194175 0.415008783
v -0.438826531 -0.145000026 -0.0872880742
vt 0.0611741953 0.412712008
f 523/523 524/524 525/525
v -0.438826531 -0.145000026 -0.0872880742
vt 0.0611741953 0.412712008
v -0.413365543 -0.145000011 -0.171221673
vt 0.0866327807 0.328778297
v -0.402489215 -0.173284277 -0.166716546
vt 0.0975108519 0.333283544
f 526/526 527/527 528/528
usemtl vent_4
v -0.39940533 -0.185000047 -0.079446584
vt 0.100595035 0.420553505
v -0.407230139 -0.184999973 -5.90113203e-08
vt 0.0927690119 0.500000119
v -0.435651302 -0.173284292 -5.87615112e-08
vt 0.0643470585 0.500000119
f 529/529 530/530 531/531
v -0.435651302 -0.173284292 -5.87615112e-08
vt 0.0643470585 0.500000119
v -0.427280307 -0.173284307 -0.0849913582
vt 0.0727194175 0.415008783
v -0.39940533 -0.185000047 -0.079446584
vt 0.100595035 0.420553505
f 532/532 533/533 534/534
usemtl vent_4
v -0.427280307 -0.173284307 -0.0849913582
vt 0.0727194175 0.415008783
v -0.435651302 -0.173284292 -5.87615112e-08
vt 0.0643470585 0.500000119
v -0.447423667 -0.145000041 -5.71844936e-08
vt 0.0525751151 0.500000119
f 535/535 536/536 537/537
v -0.447423667 -0.145000041 -5.71844936e-08
vt 0.0525751151 0.500000119
v -0.438826531 -0.145000026 -0.0872880742
vt 0.0611741953 0.412712008
v -0.427280307 -0.173284307 -0.0849913582
vt 0.0727194175 0.415008783
f 538/538 539/539 540/540
usemtl vent_4
v -0.407230139 -0.184999973 -5.90113203e-08
vt 0.0927690119 0.500000119
v -0.399405301 -0.185000047 0.0794466212
vt 0.100595035 0.579446554
v -0.427280307 -0.173284307 0.0849912837
vt 0.0727194175 0.584991336
f 541/541 542/542 543/543
v -0.427280307 -0.173284307 0.0849912837
vt 0.0727194175 0.584991336
v -0.435651302 -0.173284292 -5.87615112e-08
vt 0.0643470585 0.500000119
v -0.407230139 -0.184999973 -5.90113203e-08
vt 0.0927690119 0.500000119
f 544/544 545/545 546/546
usemtl vent_4
v -0.435651302 -0.173284292 -5.87615112e-08
vt 0.0643470585 0.500000119
v -0.427280307 -0.173284307 0.0849912837
vt 0.0727194175 0.584991336
v -0.438826531 -0.145000026 0.0872879699
vt 0.0611741953 0.587287903
f 547/547 548/548 549/549
v -0.438826531 -0.145000026 0.0872879699
vt 0.0611741953 0.587287903
v -0.447423667 -0.145000041 -5.71844936e-08
vt 0.0525751151 0.500000119
v -0.435651302 -0.173284292 -5.87615112e-08
vt 0.0643470585 0.500000119
f 550/550 551/551 552/552
usemtl vent_4
v 0.39940533 -0.185000002 -0.0794465169
vt 0.899405062 0.420553505
v 0.427280307 -0.173284262 -0.0849912912
vt 0.927280545 0.415008783
v 0.435651302 -0.173284262 8.55565219e-09
vt 0.935651481 0.500000119
f 553/553 554/554 555/555
v 0.435651302 -0.173284262 8.55565219e-09
vt 0.935651481 0.500000119
v 0.407230139 -0.184999943 7.57824825e-09
vt 0.907229543 0.500000119
v 0.39940533 -0.185000002 -0.0794465169
vt 0.899405062 0.420553505
f 556/556 557/557 558/558
usemtl vent_4
v 0.427280307 -0.173284262 -0.0849912912
vt 0.927280545 0.415008783
v 0.438826531 -0.144999996 -0.0872880146
vt 0.938825965 0.412712187
v 0.447423667 -0.145000011 1.03746016e-08
vt 0.947423458 0.500000119
f 559/559 560/560 561/561
v 0.447423667 -0.145000011 1.03746016e-08
vt 0.947423458 0.500000119
v 0.435651302 -0.173284262 8.55565219e-09
vt 0.935651481 0.500000119
v 0.427280307 -0.173284262 -0.0849912912
vt 0.927280545 0.415008783
f 562/562 563/563 564/564
usemtl vent_4
v 0.0794465467 -0.185000002 -0.39940536
vt 0.579447269 0.10059461
v 4.4594799e-08 -0.184999943 -0.407230169
vt 0.499999374 0.0927699357
v 3.48450158e-08 -0.173284248 -0.435651332
vt 0.499999374 0.0643486604
f 565/565 566/566 567/567
v 3.48450158e-08 -0.173284248 -0.435651332
vt 0.499999374 0.0643486604
v 0.0849913284 -0.173284248 -0.427280337
vt 0.584991157 0.0727196783
v 0.0794465467 -0.185000002 -0.39940536
vt 0.579447269 0.10059461
f 568/568 569/569 570/570
usemtl vent_4
v 0.0849913284 -0.173284248 -0.427280337
vt 0.584991157 0.0727196783
v 3.48450158e-08 -0.173284248 -0.435651332
vt 0.499999374 0.0643486604
v 2.99455714e-08 -0.144999996 -0.447423697
vt 0.499999374 0.0525762439
f 571/571 572/572 573/573
v 2.99455714e-08 -0.144999996 -0.447423697
vt 0.499999374 0.0525762439
v 0.0872880444 -0.144999966 -0.438826561
vt 0.587287068 0.0611735024
v 0.0849913284 -0.173284248 -0.427280337
vt 0.584991157 0.0727196783
f 574/574 575/575 576/576
usemtl vent_4
v -0.171221644 -0.145000041 0.413365513
vt 0.328778803 0.913365602
v -0.177486509 -0.15853335 0.428490251
vt 0.322512358 0.928490341
v -0.257670432 -0.15853335 0.385630935
vt 0.242328256 0.885630906
f 577/577 578/578 579/579
v -0.257670432 -0.15853335 0.385630935
vt 0.242328256 0.885630906
v -0.2485753 -0.145000041 0.372019112
vt 0.25142467 0.872018993
v -0.171221644 -0.145000041 0.413365513
vt 0.328778803 0.913365602
f 580/580 581/581 582/582
usemtl vent_4
v -0.177486509 -0.15853335 0.428490251
vt 0.322512358 0.928490341
v -0.184542358 -0.158007011 0.445524573
vt 0.31545788 0.945524752
v -0.267913938 -0.158006996 0.400961429
vt 0.232085392 0.900961339
f 583/583 584/584 585/585
v -0.267913938 -0.158006996 0.400961429
vt 0.232085392 0.900961339
v -0.257670432 -0.15853335 0.385630935
vt 0.242328256 0.885630906
v -0.177486509 -0.15853335 0.428490251
vt 0.322512358 0.928490341
f 586/586 587/587 588/588
usemtl vent_4
v -0.316376328 -0.145000041 0.316376239
vt 0.183623224 0.816376269
v -0.2485753 -0.145000041 0.372019112
vt 0.25142467 0.872018993
v -0.257670432 -0.15853335 0.385630935
vt 0.242328256 0.885630906
f 589/589 590/590 591/591
v -0.257670432 -0.15853335 0.385630935
vt 0.242328256 0.885630906
v -0.327952266 -0.15853335 0.327952176
vt 0.172048539 0.827952087
v -0.316376328 -0.145000041 0.316376239
vt 0.183623224 0.816376269
f 592/592 593/593 594/594
usemtl vent_4
v -0.327952266 -0.15853335 0.327952176
vt 0.172048539 0.827952087
v -0.257670432 -0.15853335 0.385630935
vt 0.242328256 0.885630906
v -0.267913938 -0.158006996 0.400961429
vt 0.232085392 0.900961339
f 595/595 596/596 597/597
v -0.267913938 -0.158006996 0.400961429
vt 0.232085392 0.900961339
v -0.340989769 -0.158007011 0.340989679
vt 0.159009337 0.840989828
v -0.327952266 -0.15853335 0.327952176
vt 0.172048539 0.827952087
f 598/598 599/599 600/600
usemtl vent_4
v -0.316376328 -0.145000041 0.316376239
vt 0.183623224 0.816376269
v -0.327952266 -0.15853335 0.327952176
vt 0.172048539 0.827952087
v -0.385631025 -0.15853335 0.257670343
vt 0.114367582 0.757670403
f 601/601 602/602 603/603
v -0.385631025 -0.15853335 0.257670343
vt 0.114367582 0.757670403
v -0.372019202 -0.145000055 0.248575211
vt 0.127980858 0.748575091
v -0.316376328 -0.145000041 0.316376239
vt 0.183623224 0.816376269
f 604/604 605/605 606/606
usemtl vent_4
v -0.327952266 -0.15853335 0.327952176
vt 0.172048539 0.827952087
v -0.340989769 -0.158007011 0.340989679
vt 0.159009337 0.840989828
v -0.400961518 -0.158006996 0.267913848
vt 0.0990383998 0.767913997
f 607/607 608/608 609/609
v -0.400961518 -0.158006996 0.267913848
vt 0.0990383998 0.767913997
v -0.385631025 -0.15853335 0.257670343
vt 0.114367582 0.757670403
v -0.327952266 -0.15853335 0.327952176
vt 0.172048539 0.827952087
f 610/610 611/611 612/612
usemtl vent_4
v -0.413365543 -0.145000041 0.171221554
vt 0.0866327807 0.671221435
v -0.372019202 -0.145000055 0.248575211
vt 0.127980858 0.748575091
v -0.385631025 -0.15853335 0.257670343
vt 0.114367582 0.757670403
f 613/613 614/614 615/615
v -0.385631025 -0.15853335 0.257670343
vt 0.114367582 0.757670403
v -0.428490281 -0.158533335 0.17748642
vt 0.071510233 0.677486181
v -0.413365543 -0.145000041 0.171221554
vt 0.0866327807 0.671221435
f 616/616 617/617 618/618
usemtl vent_4
v -0.428490281 -0.158533335 0.17748642
vt 0.071510233 0.677486181
v -0.385631025 -0.15853335 0.257670343
vt 0.114367582 0.757670403
v -0.400961518 -0.158006996 0.267913848
vt 0.0990383998 0.767913997
f 619/619 620/620 621/621
v -0.400961518 -0.158006996 0.267913848
vt 0.0990383998 0.767913997
v -0.445524603 -0.158006996 0.184542269
vt 0.0544746071 0.684542537
v -0.428490281 -0.158533335 0.17748642
vt 0.071510233 0.677486181
f 622/622 623/623 624/624
usemtl vent_4
v -0.413365543 -0.145000041 0.171221554
vt 0.0866327807 0.671221435
v -0.428490281 -0.158533335 0.17748642
vt 0.071510233 0.677486181
v -0.454882801 -0.158533335 0.0904817581
vt 0.0451164395 0.590481699
f 625/625 626/626 627/627
v -0.454882801 -0.158533335 0.0904817581
vt 0.0451164395 0.590481699
v -0.438826531 -0.145000026 0.0872879699
vt 0.0611741953 0.587287903
v -0.413365543 -0.145000041 0.171221554
vt 0.0866327807 0.671221435
f 628/628 629/629 630/630
usemtl vent_4
v -0.428490281 -0.158533335 0.17748642
vt 0.071510233 0.677486181
v -0.445524603 -0.158006996 0.184542269
vt 0.0544746071 0.684542537
v -0.472966343 -0.158006981 0.0940788016
vt 0.0270322487 0.594078839
f 631/631 632/632 633/633
v -0.472966343 -0.158006981 0.0940788016
vt 0.0270322487 0.594078839
v -0.454882801 -0.158533335 0.0904817581
vt 0.0451164395 0.590481699
v -0.428490281 -0.158533335 0.17748642
vt 0.071510233 0.677486181
f 634/634 635/635 636/636
usemtl vent_4
v -3.76135212e-08 -0.145000055 0.447423637
vt 0.499999374 0.947423637
v 0.0872879848 -0.145000041 0.438826472
vt 0.587287068 0.938826799
v 0.0904817805 -0.15853335 0.454882801
vt 0.59048301 0.95488292
f 637/637 638/638 639/639
v 0.0904817805 -0.15853335 0.454882801
vt 0.59048301 0.95488292
v -3.88495209e-08 -0.15853335 0.4637945
vt 0.499999374 0.963794529
v -3.76135212e-08 -0.145000055 0.447423637
vt 0.499999374 0.947423637
f 640/640 641/641 642/642
usemtl vent_4
v -3.88495209e-08 -0.15853335 0.4637945
vt 0.499999374 0.963794529
v 0.0904817805 -0.15853335 0.454882801
vt 0.59048301 0.95488292
v 0.0940788239 -0.158006996 0.472966343
vt 0.594078362 0.972966492
f 643/643 644/644 645/645
v 0.0940788239 -0.158006996 0.472966343
vt 0.594078362 0.972966492
v -4.02410478e-08 -0.158006996 0.482232332
vt 0.499999374 0.982232451
v -3.88495209e-08 -0.15853335 0.4637945
vt 0.499999374 0.963794529
f 646/646 647/647 648/648
usemtl vent_4
v 0.0872879848 -0.145000041 0.438826472
vt 0.587287068 0.938826799
v 0.171221584 -0.145000041 0.413365513
vt 0.671221256 0.913365602
v 0.177486435 -0.15853335 0.428490192
vt 0.677486062 0.928490162
f 649/649 650/650 651/651
v 0.177486435 -0.15853335 0.428490192
vt 0.677486062 0.928490162
v 0.0904817805 -0.15853335 0.454882801
vt 0.59048301 0.95488292
v 0.0872879848 -0.145000041 0.438826472
vt 0.587287068 0.938826799
f 652/652 653/653 654/654
usemtl vent_4
v 0.177486435 -0.15853335 0.428490192
vt 0.677486062 0.928490162
v 0.184542298 -0.158006996 0.445524544
vt 0.684542179 0.945524573
v 0.0940788239 -0.158006996 0.472966343
vt 0.594078362 0.972966492
f 655/655 656/656 657/657
v 0.0940788239 -0.158006996 0.472966343
vt 0.594078362 0.972966492
v 0.0904817805 -0.15853335 0.454882801
vt 0.59048301 0.95488292
v 0.177486435 -0.15853335 0.428490192
vt 0.677486062 0.928490162
f 658/658 659/659 660/660
usemtl vent_4
v 0.24857524 -0.145000026 0.372019172
vt 0.748575389 0.872019351
v 0.257670373 -0.158533335 0.385630995
vt 0.757668734 0.885631084
v 0.177486435 -0.15853335 0.428490192
vt 0.677486062 0.928490162
f 661/661 662/662 663/663
v 0.177486435 -0.15853335 0.428490192
vt 0.677486062 0.928490162
v 0.171221584 -0.145000041 0.413365513
vt 0.671221256 0.913365602
v 0.24857524 -0.145000026 0.372019172
vt 0.748575389 0.872019351
f 664/664 665/665 666/666
usemtl vent_4
v 0.177486435 -0.15853335 0.428490192
vt 0.677486062 0.928490162
v 0.257670373 -0.158533335 0.385630995
vt 0.757668734 0.885631084
v 0.267913878 -0.158006981 0.400961488
vt 0.767913163 0.900961518
f 667/667 668/668 669/669
v 0.267913878 -0.158006981 0.400961488
vt 0.767913163 0.900961518
v 0.184542298 -0.158006996 0.445524544
vt 0.684542179 0.945524573
v 0.177486435 -0.15853335 0.428490192
vt 0.677486062 0.928490162
f 670/670 671/671 672/672
usemtl vent_4
v 0.316376269 -0.145000026 0.316376299
vt 0.816375434 0.816376626
v 0.327952206 -0.15853335 0.327952236
vt 0.827951431 0.827952087
v 0.257670373 -0.158533335 0.385630995
vt 0.757668734 0.885631084
f 673/673 674/674 675/675
v 0.257670373 -0.158533335 0.385630995
vt 0.757668734 0.885631084
v 0.24857524 -0.145000026 0.372019172
vt 0.748575389 0.872019351
v 0.316376269 -0.145000026 0.316376299
vt 0.816375434 0.816376626
f 676/676 677/677 678/678
usemtl vent_4
v 0.327952206 -0.15853335 0.327952236
vt 0.827951431 0.827952087
v 0.340989709 -0.158006996 0.340989739
vt 0.840989232 0.840989828
v 0.267913878 -0.158006981 0.400961488
vt 0.767913163 0.900961518
f 679/679 680/680 681/681
v 0.267913878 -0.158006981 0.400961488
vt 0.767913163 0.900961518
v 0.257670373 -0.158533335 0.385630995
vt 0.757668734 0.885631084
v 0.327952206 -0.15853335 0.327952236
vt 0.827951431 0.827952087
f 682/682 683/683 684/684
usemtl vent_4
v 0.316376269 -0.145000026 0.316376299
vt 0.816375434 0.816376626
v 0.372019142 -0.145000041 0.24857527
vt 0.872019291 0.748575091
v 0.385630965 -0.15853332 0.257670403
vt 0.885631084 0.757670403
f 685/685 686/686 687/687
v 0.385630965 -0.15853332 0.257670403
vt 0.885631084 0.757670403
v 0.327952206 -0.15853335 0.327952236
vt 0.827951431 0.827952087
v 0.316376269 -0.145000026 0.316376299
vt 0.816375434 0.816376626
f 688/688 689/689 690/690
usemtl vent_4
v 0.327952206 -0.15853335 0.327952236
vt 0.827951431 0.827952087
v 0.385630965 -0.15853332 0.257670403
vt 0.885631084 0.757670403
v 0.400961459 -0.158006981 0.267913908
vt 0.900960147 0.767914236
f 691/691 692/692 693/693
v 0.400961459 -0.158006981 0.267913908
vt 0.900960147 0.767914236
v 0.340989709 -0.158006996 0.340989739
vt 0.840989232 0.840989828
v 0.327952206 -0.15853335 0.327952236
vt 0.827951431 0.827952087
f 694/694 695/695 696/696
usemtl vent_4
v 0.413365543 -0.145000011 0.171221614
vt 0.913365781 0.671221614
v 0.428490222 -0.158533305 0.177486464
vt 0.928489745 0.677486181
v 0.385630965 -0.15853332 0.257670403
vt 0.885631084 0.757670403
f 697/697 698/698 699/699
v 0.385630965 -0.15853332 0.257670403
vt 0.885631084 0.757670403
v 0.372019142 -0.145000041 0.24857527
vt 0.872019291 0.748575091
v 0.413365543 -0.145000011 0.171221614
vt 0.913365781 0.671221614
f 700/700 701/701 702/702
usemtl vent_4
v 0.428490222 -0.158533305 0.177486464
vt 0.928489745 0.677486181
v 0.445524573 -0.158006966 0.184542328
vt 0.945523918 0.684542537
v 0.400961459 -0.158006981 0.267913908
vt 0.900960147 0.767914236
f 703/703 704/704 705/705
v 0.400961459 -0.158006981 0.267913908
vt 0.900960147 0.767914236
v 0.385630965 -0.15853332 0.257670403
vt 0.885631084 0.757670403
v 0.428490222 -0.158533305 0.177486464
vt 0.928489745 0.677486181
f 706/706 707/707 708/708
usemtl vent_4
v 0.413365543 -0.145000011 0.171221614
vt 0.913365781 0.671221614
v 0.438826531 -0.144999996 0.0872880295
vt 0.938825965 0.587288201
v 0.454882801 -0.15853329 0.0904818252
vt 0.954883635 0.590481699
f 709/709 710/710 711/711
v 0.454882801 -0.15853329 0.0904818252
vt 0.954883635 0.590481699
v 0.428490222 -0.158533305 0.177486464
vt 0.928489745 0.677486181
v 0.413365543 -0.145000011 0.171221614
vt 0.913365781 0.671221614
f 712/712 713/713 714/714
usemtl vent_4
v 0.428490222 -0.158533305 0.177486464
vt 0.928489745 0.677486181
v 0.454882801 -0.15853329 0.0904818252
vt 0.954883635 0.590481699
v 0.472966343 -0.158006951 0.0940788761
vt 0.972966313 0.594078839
f 715/715 716/716 717/717
v 0.472966343 -0.158006951 0.0940788761
vt 0.972966313 0.594078839
v 0.445524573 -0.158006966 0.184542328
vt 0.945523918 0.684542537
v 0.428490222 -0.158533305 0.177486464
vt 0.928489745 0.677486181
f 718/718 719/719 720/720
usemtl vent_4
v 0.447423667 -0.145000011 1.03746016e-08
vt 0.947423458 0.500000119
v 0.463794529 -0.158533305 9.99664262e-09
vt 0.963794887 0.500000119
v 0.454882801 -0.15853329 0.0904818252
vt 0.954883635 0.590481699
f 721/721 722/722 723/723
v 0.454882801 -0.15853329 0.0904818252
vt 0.954883635 0.590481699
v 0.438826531 -0.144999996 0.0872880295
vt 0.938825965 0.587288201
v 0.447423667 -0.145000011 1.03746016e-08
vt 0.947423458 0.500000119
f 724/724 725/725 726/726
usemtl vent_4
v 0.463794529 -0.158533305 9.99664262e-09
vt 0.963794887 0.500000119
v 0.482232362 -0.158006951 1.14502763e-08
vt 0.98223263 0.500000119
v 0.472966343 -0.158006951 0.0940788761
vt 0.972966313 0.594078839
f 727/727 728/728 729/729
v 0.472966343 -0.158006951 0.0940788761
vt 0.972966313 0.594078839
v 0.454882801 -0.15853329 0.0904818252
vt 0.954883635 0.590481699
v 0.463794529 -0.158533305 9.99664262e-09
vt 0.963794887 0.500000119
f 730/730 731/731 732/732
usemtl vent_4
v 0.171221644 -0.144999966 -0.413365573
vt 0.671221256 0.086634472
v 0.0872880444 -0.144999966 -0.438826561
vt 0.587287068 0.0611735024
v 0.0904818401 -0.158533275 -0.45488283
vt 0.59048301 0.0451170914
f 733/733 734/734 735/735
v 0.0904818401 -0.158533275 -0.45488283
vt 0.59048301 0.0451170914
v 0.177486509 -0.15853326 -0.428490311
vt 0.677486062 0.0715097263
v 0.171221644 -0.144999966 -0.413365573
vt 0.671221256 0.086634472
f 736/736 737/737 738/738
usemtl vent_4
v 0.177486509 -0.15853326 -0.428490311
vt 0.677486062 0.0715097263
v 0.0904818401 -0.158533275 -0.45488283
vt 0.59048301 0.0451170914
v 0.094078891 -0.158006936 -0.472966373
vt 0.594078362 0.0270336736
f 739/739 740/740 741/741
v 0.094078891 -0.158006936 -0.472966373
vt 0.594078362 0.0270336736
v 0.184542358 -0.158006921 -0.445524633
vt 0.684542179 0.054475449
v 0.177486509 -0.15853326 -0.428490311
vt 0.677486062 0.0715097263
f 742/742 743/743 744/744
usemtl vent_4
v 0.171221644 -0.144999966 -0.413365573
vt 0.671221256 0.086634472
v 0.177486509 -0.15853326 -0.428490311
vt 0.677486062 0.0715097263
v 0.257670432 -0.15853329 -0.385630995
vt 0.757671833 0.114369072
f 745/745 746/746 747/747
v 0.257670432 -0.15853329 -0.385630995
vt 0.757671833 0.114369072
v 0.2485753 -0.144999981 -0.372019172
vt 0.748575389 0.127980813
v 0.171221644 -0.144999966 -0.413365573
vt 0.671221256 0.086634472
f 748/748 749/749 750/750
usemtl vent_4
v 0.177486509 -0.15853326 -0.428490311
vt 0.677486062 0.0715097263
v 0.184542358 -0.158006921 -0.445524633
vt 0.684542179 0.054475449
v 0.267913938 -0.158006936 -0.400961488
vt 0.767913163 0.0990385562
f 751/751 752/752 753/753
v 0.267913938 -0.158006936 -0.400961488
vt 0.767913163 0.0990385562
v 0.257670432 -0.15853329 -0.385630995
vt 0.757671833 0.114369072
v 0.177486509 -0.15853326 -0.428490311
vt 0.677486062 0.0715097263
f 754/754 755/755 756/756
usemtl vent_4
v 0.316376328 -0.144999966 -0.316376299
vt 0.816375434 0.183623925
v 0.2485753 -0.144999981 -0.372019172
vt 0.748575389 0.127980813
v 0.257670432 -0.15853329 -0.385630995
vt 0.757671833 0.114369072
f 757/757 758/758 759/759
v 0.257670432 -0.15853329 -0.385630995
vt 0.757671833 0.114369072
v 0.327952266 -0.158533275 -0.327952236
vt 0.827951431 0.172047898
v 0.316376328 -0.144999966 -0.316376299
vt 0.816375434 0.183623925
f 760/760 761/761 762/762
usemtl vent_4
v 0.327952266 -0.158533275 -0.327952236
vt 0.827951431 0.172047898
v 0.257670432 -0.15853329 -0.385630995
vt 0.757671833 0.114369072
v 0.267913938 -0.158006936 -0.400961488
vt 0.767913163 0.0990385562
f 763/763 764/764 765/765
v 0.267913938 -0.158006936 -0.400961488
vt 0.767913163 0.0990385562
v 0.340989769 -0.158006921 -0.340989739
vt 0.840989232 0.159010336
v 0.327952266 -0.158533275 -0.327952236
vt 0.827951431 0.172047898
f 766/766 767/767 768/768
usemtl vent_4
v 0.316376328 -0.144999966 -0.316376299
vt 0.816375434 0.183623925
v 0.327952266 -0.158533275 -0.327952236
vt 0.827951431 0.172047898
v 0.385631025 -0.158533275 -0.257670403
vt 0.885631084 0.242329508
f 769/769 770/770 771/771
v 0.385631025 -0.158533275 -0.257670403
vt 0.885631084 0.242329508
v 0.372019202 -0.144999966 -0.24857527
vt 0.872019291 0.251424789
v 0.316376328 -0.144999966 -0.316376299
vt 0.816375434 0.183623925
f 772/772 773/773 774/774
usemtl vent_4
v 0.327952266 -0.158533275 -0.327952236
vt 0.827951431 0.172047898
v 0.340989769 -0.158006921 -0.340989739
vt 0.840989232 0.159010336
v 0.400961518 -0.158006936 -0.267913908
vt 0.900960147 0.232086256
f 775/775 776/776 777/777
v 0.400961518 -0.158006936 -0.267913908
vt 0.900960147 0.232086256
v 0.385631025 -0.158533275 -0.257670403
vt 0.885631084 0.242329508
v 0.327952266 -0.158533275 -0.327952236
vt 0.827951431 0.172047898
f 778/778 779/779 780/780
usemtl vent_4
v 0.372019202 -0.144999966 -0.24857527
vt 0.872019291 0.251424789
v 0.385631025 -0.158533275 -0.257670403
vt 0.885631084 0.242329508
v 0.428490222 -0.15853329 -0.177486464
vt 0.928489745 0.32251358
f 781/781 782/782 783/783
v 0.428490222 -0.15853329 -0.177486464
vt 0.928489745 0.32251358
v 0.413365543 -0.144999981 -0.171221614
vt 0.913365781 0.328778386
v 0.372019202 -0.144999966 -0.24857527
vt 0.872019291 0.251424789
f 784/784 785/785 786/786
usemtl vent_4
v 0.428490222 -0.15853329 -0.177486464
vt 0.928489745 0.32251358
v 0.385631025 -0.158533275 -0.257670403
vt 0.885631084 0.242329508
v 0.400961518 -0.158006936 -0.267913908
vt 0.900960147 0.232086256
f 787/787 788/788 789/789
v 0.400961518 -0.158006936 -0.267913908
vt 0.900960147 0.232086256
v 0.445524573 -0.158006936 -0.184542328
vt 0.945523918 0.315457761
v 0.428490222 -0.15853329 -0.177486464
vt 0.928489745 0.32251358
f 790/790 791/791 792/792
usemtl vent_4
v 0.413365543 -0.144999981 -0.171221614
vt 0.913365781 0.328778386
v 0.428490222 -0.15853329 -0.177486464
vt 0.928489745 0.32251358
v 0.454882801 -0.15853329 -0.0904818028
vt 0.954883635 0.409518272
f 793/793 794/794 795/795
v 0.454882801 -0.15853329 -0.0904818028
vt 0.954883635 0.409518272
v 0.438826531 -0.144999996 -0.0872880146
vt 0.938825965 0.412712187
v 0.413365543 -0.144999981 -0.171221614
vt 0.913365781 0.328778386
f 796/796 797/797 798/798
usemtl vent_4
v 0.428490222 -0.15853329 -0.177486464
vt 0.928489745 0.32251358
v 0.445524573 -0.158006936 -0.184542328
vt 0.945523918 0.315457761
v 0.472966343 -0.158006951 -0.0940788463
vt 0.972966313 0.40592134
f 799/799 800/800 801/801
v 0.472966343 -0.158006951 -0.0940788463
vt 0.972966313 0.40592134
v 0.454882801 -0.15853329 -0.0904818028
vt 0.954883635 0.409518272
v 0.428490222 -0.15853329 -0.177486464
vt 0.928489745 0.32251358
f 802/802 803/803 804/804
usemtl vent_4
v 2.99455714e-08 -0.144999996 -0.447423697
vt 0.499999374 0.0525762439
v -0.0872879997 -0.144999996 -0.438826531
vt 0.412711471 0.0611735024
v -0.0904817954 -0.15853329 -0.45488286
vt 0.409517199 0.0451170914
f 805/805 806/806 807/807
v -0.0904817954 -0.15853329 -0.45488286
vt 0.409517199 0.0451170914
v 3.11815711e-08 -0.15853329 -0.463794559
vt 0.499999374 0.0362055823
v 2.99455714e-08 -0.144999996 -0.447423697
vt 0.499999374 0.0525762439
f 808/808 809/809 810/810
usemtl vent_4
v 3.11815711e-08 -0.15853329 -0.463794559
vt 0.499999374 0.0362055823
v -0.0904817954 -0.15853329 -0.45488286
vt 0.409517199 0.0451170914
v -0.0940788388 -0.158006951 -0.472966403
vt 0.405921698 0.0270335786
f 811/811 812/812 813/813
v -0.0940788388 -0.158006951 -0.472966403
vt 0.405921698 0.0270335786
v 3.2573098e-08 -0.158006936 -0.482232392
vt 0.499999374 0.0177676342
v 3.11815711e-08 -0.15853329 -0.463794559
vt 0.499999374 0.0362055823
f 814/814 815/815 816/816
usemtl vent_4
v -0.0872879997 -0.144999996 -0.438826531
vt 0.412711471 0.0611735024
v -0.171221584 -0.144999981 -0.413365573
vt 0.328778803 0.086634472
v -0.177486449 -0.15853329 -0.428490251
vt 0.322512358 0.0715098232
f 817/817 818/818 819/819
v -0.177486449 -0.15853329 -0.428490251
vt 0.322512358 0.0715098232
v -0.0904817954 -0.15853329 -0.45488286
vt 0.409517199 0.0451170914
v -0.0872879997 -0.144999996 -0.438826531
vt 0.412711471 0.0611735024
f 820/820 821/821 822/822
usemtl vent_4
v -0.0904817954 -0.15853329 -0.45488286
vt 0.409517199 0.0451170914
v -0.177486449 -0.15853329 -0.428490251
vt 0.322512358 0.0715098232
v -0.184542298 -0.158006936 -0.445524603
vt 0.31545788 0.054475449
f 823/823 824/824 825/825
v -0.184542298 -0.158006936 -0.445524603
vt 0.31545788 0.054475449
v -0.0940788388 -0.158006951 -0.472966403
vt 0.405921698 0.0270335786
v -0.0904817954 -0.15853329 -0.45488286
vt 0.409517199 0.0451170914
f 826/826 827/827 828/828
usemtl vent_4
v -0.24857524 -0.144999996 -0.372019231
vt 0.25142467 0.127980813
v -0.257670373 -0.158533305 -0.385631055
vt 0.242329776 0.114368878
v -0.177486449 -0.15853329 -0.428490251
vt 0.322512358 0.0715098232
f 829/829 830/830 831/831
v -0.177486449 -0.15853329 -0.428490251
vt 0.322512358 0.0715098232
v -0.171221584 -0.144999981 -0.413365573
vt 0.328778803 0.086634472
v -0.24857524 -0.144999996 -0.372019231
vt 0.25142467 0.127980813
f 832/832 833/833 834/834
usemtl vent_4
v -0.177486449 -0.15853329 -0.428490251
vt 0.322512358 0.0715098232
v -0.257670373 -0.158533305 -0.385631055
vt 0.242329776 0.114368878
v -0.267913878 -0.158006951 -0.400961548
vt 0.232085392 0.0990385562
f 835/835 836/836 837/837
v -0.267913878 -0.158006951 -0.400961548
vt 0.232085392 0.0990385562
v -0.184542298 -0.158006936 -0.445524603
vt 0.31545788 0.054475449
v -0.177486449 -0.15853329 -0.428490251
vt 0.322512358 0.0715098232
f 838/838 839/839 840/840
usemtl vent_4
v -0.316376269 -0.145000026 -0.316376358
vt 0.183623224 0.183623731
v -0.327952206 -0.158533305 -0.327952296
vt 0.172048539 0.172047704
v -0.257670373 -0.158533305 -0.385631055
vt 0.242329776 0.114368878
f 841/841 842/842 843/843
v -0.257670373 -0.158533305 -0.385631055
vt 0.242329776 0.114368878
v -0.24857524 -0.144999996 -0.372019231
vt 0.25142467 0.127980813
v -0.316376269 -0.145000026 -0.316376358
vt 0.183623224 0.183623731
f 844/844 845/845 846/846
usemtl vent_4
v -0.327952206 -0.158533305 -0.327952296
vt 0.172048539 0.172047704
v -0.340989709 -0.158006966 -0.340989798
vt 0.159009337 0.159010246
v -0.267913878 -0.158006951 -0.400961548
vt 0.232085392 0.0990385562
f 847/847 848/848 849/849
v -0.267913878 -0.158006951 -0.400961548
vt 0.232085392 0.0990385562
v -0.257670373 -0.158533305 -0.385631055
vt 0.242329776 0.114368878
v -0.327952206 -0.158533305 -0.327952296
vt 0.172048539 0.172047704
f 850/850 851/851 852/852
usemtl vent_4
v -0.316376269 -0.145000026 -0.316376358
vt 0.183623224 0.183623731
v -0.372019142 -0.145000026 -0.24857533
vt 0.127980858 0.251424789
v -0.385630965 -0.158533305 -0.257670462
vt 0.114367582 0.242329508
f 853/853 854/854 855/855
v -0.385630965 -0.158533305 -0.257670462
vt 0.114367582 0.242329508
v -0.327952206 -0.158533305 -0.327952296
vt 0.172048539 0.172047704
v -0.316376269 -0.145000026 -0.316376358
vt 0.183623224 0.183623731
f 856/856 857/857 858/858
usemtl vent_4
v -0.327952206 -0.158533305 -0.327952296
vt 0.172048539 0.172047704
v -0.385630965 -0.158533305 -0.257670462
vt 0.114367582 0.242329508
v -0.400961459 -0.158006951 -0.267913967
vt 0.0990383998 0.232085973
f 859/859 860/860 861/861
v -0.400961459 -0.158006951 -0.267913967
vt 0.0990383998 0.232085973
v -0.340989709 -0.158006966 -0.340989798
vt 0.159009337 0.159010246
v -0.327952206 -0.158533305 -0.327952296
vt 0.172048539 0.172047704
f 862/862 863/863 864/864
usemtl vent_4
v -0.413365543 -0.145000011 -0.171221673
vt 0.0866327807 0.328778297
v -0.428490222 -0.15853332 -0.177486524
vt 0.071510233 0.32251358
v -0.385630965 -0.158533305 -0.257670462
vt 0.114367582 0.242329508
f 865/865 866/866 867/867
v -0.385630965 -0.158533305 -0.257670462
vt 0.114367582 0.242329508
v -0.372019142 -0.145000026 -0.24857533
vt 0.127980858 0.251424789
v -0.413365543 -0.145000011 -0.171221673
vt 0.0866327807 0.328778297
f 868/868 869/869 870/870
usemtl vent_4
v -0.428490222 -0.15853332 -0.177486524
vt 0.071510233 0.32251358
v -0.445524573 -0.158006981 -0.184542388
vt 0.0544746071 0.315457761
v -0.400961459 -0.158006951 -0.267913967
vt 0.0990383998 0.232085973
f 871/871 872/872 873/873
v -0.400961459 -0.158006951 -0.267913967
vt 0.0990383998 0.232085973
v -0.385630965 -0.158533305 -0.257670462
vt 0.114367582 0.242329508
v -0.428490222 -0.15853332 -0.177486524
vt 0.071510233 0.32251358
f 874/874 875/875 876/876
usemtl vent_4
v -0.413365543 -0.145000011 -0.171221673
vt 0.0866327807 0.328778297
v -0.438826531 -0.145000026 -0.0872880742
vt 0.0611741953 0.412712008
v -0.454882801 -0.15853332 -0.0904818699
vt 0.0451164395 0.409518272
f 877/877 878/878 879/879
v -0.454882801 -0.15853332 -0.0904818699
vt 0.0451164395 0.409518272
v -0.428490222 -0.15853332 -0.177486524
vt 0.071510233 0.32251358
v -0.413365543 -0.145000011 -0.171221673
vt 0.0866327807 0.328778297
f 880/880 881/881 882/882
usemtl vent_4
v -0.428490222 -0.15853332 -0.177486524
vt 0.071510233 0.32251358
v -0.454882801 -0.15853332 -0.0904818699
vt 0.0451164395 0.409518272
v -0.472966343 -0.158006981 -0.0940789208
vt 0.0270322487 0.40592134
f 883/883 884/884 885/885
v -0.472966343 -0.158006981 -0.0940789208
vt 0.0270322487 0.40592134
v -0.445524573 -0.158006981 -0.184542388
vt 0.0544746071 0.315457761
v -0.428490222 -0.15853332 -0.177486524
vt 0.071510233 0.32251358
f 886/886 887/887 888/888
usemtl vent_4
v -0.447423667 -0.145000041 -5.71844936e-08
vt 0.0525751151 0.500000119
v -0.463794529 -0.158533335 -6.00326331e-08
vt 0.0362052135 0.500000119
v -0.454882801 -0.15853332 -0.0904818699
vt 0.0451164395 0.409518272
f 889/889 890/890 891/891
v -0.454882801 -0.15853332 -0.0904818699
vt 0.0451164395 0.409518272
v -0.438826531 -0.145000026 -0.0872880742
vt 0.0611741953 0.412712008
v -0.447423667 -0.145000041 -5.71844936e-08
vt 0.0525751151 0.500000119
f 892/892 893/893 894/894
usemtl vent_4
v -0.463794529 -0.158533335 -6.00326331e-08
vt 0.0362052135 0.500000119
v -0.482232362 -0.158006981 -6.13620585e-08
vt 0.0177659187 0.500000119
v -0.472966343 -0.158006981 -0.0940789208
vt 0.0270322487 0.40592134
f 895/895 896/896 897/897
v -0.472966343 -0.158006981 -0.0940789208
vt 0.0270322487 0.40592134
v -0.454882801 -0.15853332 -0.0904818699
vt 0.0451164395 0.409518272
v -0.463794529 -0.158533335 -6.00326331e-08
vt 0.0362052135 0.500000119
f 898/898 899/899 900/900
usemtl vent_4
v -0.447423667 -0.145000041 -5.71844936e-08
vt 0.0525751151 0.500000119
v -0.438826531 -0.145000026 0.0872879699
vt 0.0611741953 0.587287903
v -0.454882801 -0.158533335 0.0904817581
vt 0.0451164395 0.590481699
f 901/901 902/902 903/903
v -0.454882801 -0.158533335 0.0904817581
vt 0.0451164395 0.590481699
v -0.463794529 -0.158533335 -6.00326331e-08
vt 0.0362052135 0.500000119
v -0.447423667 -0.145000041 -5.71844936e-08
vt 0.0525751151 0.500000119
f 904/904 905/905 906/906
usemtl vent_4
v -0.463794529 -0.158533335 -6.00326331e-08
vt 0.0362052135 0.500000119
v -0.454882801 -0.158533335 0.0904817581
vt 0.0451164395 0.590481699
v -0.472966343 -0.158006981 0.0940788016
vt 0.0270322487 0.594078839
f 907/907 908/908 909/909
v -0.472966343 -0.158006981 0.0940788016
vt 0.0270322487 0.594078839
v -0.482232362 -0.158006981 -6.13620585e-08
vt 0.0177659187 0.500000119
v -0.463794529 -0.158533335 -6.00326331e-08
vt 0.0362052135 0.500000119
f 910/910 911/911 912/912
usemtl vent_4
v -3.76135212e-08 -0.145000055 0.447423637
vt 0.499999374 0.947423637
v -3.88495209e-08 -0.15853335 0.4637945
vt 0.499999374 0.963794529
v -0.090481855 -0.15853335 0.454882771
vt 0.409517199 0.95488292
f 913/913 914/914 915/915
v -0.090481855 -0.15853335 0.454882771
vt 0.409517199 0.95488292
v -0.0872880593 -0.145000041 0.438826501
vt 0.412711471 0.938826799
v -3.76135212e-08 -0.145000055 0.447423637
vt 0.499999374 0.947423637
f 916/916 917/917 918/918
usemtl vent_4
v -3.88495209e-08 -0.15853335 0.4637945
vt 0.499999374 0.963794529
v -4.02410478e-08 -0.158006996 0.482232332
vt 0.499999374 0.982232451
v -0.0940789059 -0.158007011 0.472966313
vt 0.405921698 0.972966492
f 919/919 920/920 921/921
v -0.0940789059 -0.158007011 0.472966313
vt 0.405921698 0.972966492
v -0.090481855 -0.15853335 0.454882771
vt 0.409517199 0.95488292
v -3.88495209e-08 -0.15853335 0.4637945
vt 0.499999374 0.963794529
f 922/922 923/923 924/924
usemtl vent_4
v 0.447423667 -0.145000011 1.03746016e-08
vt 0.947423458 0.500000119
v 0.438826531 -0.144999996 -0.0872880146
vt 0.938825965 0.412712187
v 0.454882801 -0.15853329 -0.0904818028
vt 0.954883635 0.409518272
f 925/925 926/926 927/927
v 0.454882801 -0.15853329 -0.0904818028
vt 0.954883635 0.409518272
v 0.463794529 -0.158533305 9.99664262e-09
vt 0.963794887 0.500000119
v 0.447423667 -0.145000011 1.03746016e-08
vt 0.947423458 0.500000119
f 928/928 929/929 930/930
usemtl vent_4
v 0.463794529 -0.158533305 9.99664262e-09
vt 0.963794887 0.500000119
v 0.454882801 -0.15853329 -0.0904818028
vt 0.954883635 0.409518272
v 0.472966343 -0.158006951 -0.0940788463
vt 0.972966313 0.40592134
f 931/931 932/932 933/933
v 0.472966343 -0.158006951 -0.0940788463
vt 0.972966313 0.40592134
v 0.482232362 -0.158006951 1.14502763e-08
vt 0.98223263 0.500000119
v 0.463794529 -0.158533305 9.99664262e-09
vt 0.963794887 0.500000119
f 934/934 935/935 936/936
usemtl vent_4
v 2.99455714e-08 -0.144999996 -0.447423697
vt 0.499999374 0.0525762439
v 3.11815711e-08 -0.15853329 -0.463794559
vt 0.499999374 0.0362055823
v 0.0904818401 -0.158533275 -0.45488283
vt 0.59048301 0.0451170914
f 937/937 938/938 939/939
v 0.0904818401 -0.158533275 -0.45488283
vt 0.59048301 0.0451170914
v 0.0872880444 -0.144999966 -0.438826561
vt 0.587287068 0.0611735024
v 2.99455714e-08 -0.144999996 -0.447423697
vt 0.499999374 0.0525762439
f 940/940 941/941 942/942
usemtl vent_4
v 3.11815711e-08 -0.15853329 -0.463794559
vt 0.499999374 0.0362055823
v 3.2573098e-08 -0.158006936 -0.482232392
vt 0.499999374 0.0177676342
v 0.094078891 -0.158006936 -0.472966373
vt 0.594078362 0.0270336736
f 943/943 944/944 945/945
v 0.094078891 -0.158006936 -0.472966373
vt 0.594078362 0.0270336736
v 0.0904818401 -0.158533275 -0.45488283
vt 0.59048301 0.0451170914
v 3.11815711e-08 -0.15853329 -0.463794559
vt 0.499999374 0.0362055823
f 946/946 947/947 948/948
usemtl vent_4
v -0.171221644 -0.145000041 0.413365513
vt 0.328778803 0.913365602
v -0.0872880593 -0.145000041 0.438826501
vt 0.412711471 0.938826799
v -0.090481855 -0.15853335 0.454882771
vt 0.409517199 0.95488292
f 949/949 950/950 951/951
v -0.090481855 -0.15853335 0.454882771
vt 0.409517199 0.95488292
v -0.177486509 -0.15853335 0.428490251
vt 0.322512358 0.928490341
v -0.171221644 -0.145000041 0.413365513
vt 0.328778803 0.913365602
f 952/952 953/953 954/954
usemtl vent_4
v -0.177486509 -0.15853335 0.428490251
vt 0.322512358 0.928490341
v -0.090481855 -0.15853335 0.454882771
vt 0.409517199 0.95488292
v -0.0940789059 -0.158007011 0.472966313
vt 0.405921698 0.972966492
f 955/955 956/956 957/957
v -0.0940789059 -0.158007011 0.472966313
vt 0.405921698 0.972966492
v -0.184542358 -0.158007011 0.445524573
vt 0.31545788 0.945524752
v -0.177486509 -0.15853335 0.428490251
vt 0.322512358 0.928490341
f 958/958 959/959 960/960
usemtl vent_4
v -0.184542358 -0.158007011 0.445524573
vt 0.31545788 0.945524752
v -0.191341743 -0.14000006 0.461939722
vt 0.308658898 0.961939812
v -0.277785152 -0.140000075 0.415734738
vt 0.222215995 0.915735006
f 961/961 962/962 963/963
v -0.277785152 -0.140000075 0.415734738
vt 0.222215995 0.915735006
v -0.267913938 -0.158006996 0.400961429
vt 0.232085392 0.900961339
v -0.184542358 -0.158007011 0.445524573
vt 0.31545788 0.945524752
f 964/964 965/965 966/966
usemtl vent_4
v -4.94687811e-08 -0.184999973 0.407230109
vt 0.499999374 0.90722996
v -0.0794465616 -0.185000062 0.399405301
vt 0.420552731 0.899405301
v -0.0794465318 -0.185000002 -0.399405301
vt 0.420552731 0.100594707
f 967/967 968/968 969/969
v -0.0794465318 -0.185000002 -0.399405301
vt 0.420552731 0.100594707
v 4.4594799e-08 -0.184999943 -0.407230169
vt 0.499999374 0.0927699357
v -4.94687811e-08 -0.184999973 0.407230109
vt 0.499999374 0.90722996
f 970/970 971/971 972/972
usemtl vent_4
v -0.0794465318 -0.185000002 -0.399405301
vt 0.420552731 0.100594707
v -0.0794465616 -0.185000062 0.399405301
vt 0.420552731 0.899405301
v -0.155840248 -0.185000047 0.376231492
vt 0.344159931 0.876231432
f 973/973 974/974 975/975
v -0.155840248 -0.185000047 0.376231492
vt 0.344159931 0.876231432
v -0.155840218 -0.185000002 -0.376231551
vt 0.344159931 0.123768464
v -0.0794465318 -0.185000002 -0.399405301
vt 0.420552731 0.100594707
f 976/976 977/977 978/978
usemtl vent_4
v -0.155840218 -0.185000002 -0.376231551
vt 0.344159931 0.123768464
v -0.155840248 -0.185000047 0.376231492
vt 0.344159931 0.876231432
v -0.226244986 -0.185000017 0.338599384
vt 0.273753256 0.838599622
f 979/979 980/980 981/981
v -0.226244986 -0.185000017 0.338599384
vt 0.273753256 0.838599622
v -0.226244912 -0.185000032 -0.338599503
vt 0.273756325 0.161400571
v -0.155840218 -0.185000002 -0.376231551
vt 0.344159931 0.123768464
f 982/982 983/983 984/984
usemtl vent_4
v -0.226244986 -0.185000017 0.338599384
vt 0.273753256 0.838599622
v -0.287955195 -0.185000032 0.287955105
vt 0.212045074 0.787955105
v -0.287955135 -0.184999943 -0.287955225
vt 0.212045074 0.212044999
f 985/985 986/986 987/987
v -0.287955135 -0.184999943 -0.287955225
vt 0.212045074 0.212044999
v -0.226244912 -0.185000032 -0.338599503
vt 0.273756325 0.161400571
v -0.226244986 -0.185000017 0.338599384
vt 0.273753256 0.838599622
f 988/988 989/989 990/990
usemtl vent_4
v -0.287955135 -0.184999943 -0.287955225
vt 0.212045074 0.212044999
v -0.287955195 -0.185000032 0.287955105
vt 0.212045074 0.787955105
v -0.338599473 -0.185000017 0.226244882
vt 0.161400154 0.726244807
f 991/991 992/992 993/993
v -0.338599473 -0.185000017 0.226244882
vt 0.161400154 0.726244807
v -0.338599414 -0.185000047 -0.226245016
vt 0.161400154 0.273755074
v -0.287955135 -0.184999943 -0.287955225
vt 0.212045074 0.212044999
f 994/994 995/995 996/996
usemtl vent_4
v -0.338599473 -0.185000017 0.226244882
vt 0.161400154 0.726244807
v -0.376231521 -0.185000047 0.155840203
vt 0.123766981 0.655840278
v -0.376231521 -0.185000002 -0.155840278
vt 0.123766981 0.344159901
f 997/997 998/998 999/999
v -0.376231521 -0.185000002 -0.155840278
vt 0.123766981 0.344159901
v -0.338599414 -0.185000047 -0.226245016
vt 0.161400154 0.273755074
v -0.338599473 -0.185000017 0.226244882
vt 0.161400154 0.726244807
f 1000/1000 1001/1001 1002/1002
usemtl vent_4
v -0.376231521 -0.185000047 0.155840203
vt 0.123766981 0.655840278
v -0.399405301 -0.185000047 0.0794466212
vt 0.100595035 0.579446554
v -0.39940533 -0.185000047 -0.079446584
vt 0.100595035 0.420553505
f 1003/1003 1004/1004 1005/1005
v -0.39940533 -0.185000047 -0.079446584
vt 0.100595035 0.420553505
v -0.376231521 -0.185000002 -0.155840278
vt 0.123766981 0.344159901
v -0.376231521 -0.185000047 0.155840203
vt 0.123766981 0.655840278
f 1006/1006 1007/1007 1008/1008
usemtl vent_4
v -0.39940533 -0.185000047 -0.079446584
vt 0.100595035 0.420553505
v -0.399405301 -0.185000047 0.0794466212
vt 0.100595035 0.579446554
v -0.407230139 -0.184999973 -5.90113203e-08
vt 0.0927690119 0.500000119
f 1009/1009 1010/1010 1011/1011
usemtl vent_4
v 0.155840218 -0.185000032 0.376231492
vt 0.655840158 0.876231432
v 0.155840248 -0.185000002 -0.376231551
vt 0.655840158 0.123768464
v 0.226244986 -0.184999943 -0.338599443
vt 0.726245284 0.161400571
f 1012/1012 1013/1013 1014/1014
v 0.226244986 -0.184999943 -0.338599443
vt 0.726245284 0.161400571
v 0.226244912 -0.185000062 0.338599443
vt 0.726243734 0.838599622
v 0.155840218 -0.185000032 0.376231492
vt 0.655840158 0.876231432
f 1015/1015 1016/1016 1017/1017
usemtl vent_4
v 0.226244986 -0.184999943 -0.338599443
vt 0.726245284 0.161400571
v 0.287955195 -0.185000002 -0.287955165
vt 0.787953496 0.212044999
v 0.287955135 -0.184999958 0.287955165
vt 0.787953496 0.787955284
f 1018/1018 1019/1019 1020/1020
v 0.287955135 -0.184999958 0.287955165
vt 0.787953496 0.787955284
v 0.226244912 -0.185000062 0.338599443
vt 0.726243734 0.838599622
v 0.226244986 -0.184999943 -0.338599443
vt 0.726245284 0.161400571
f 1021/1021 1022/1022 1023/1023
usemtl vent_4
v 0.287955135 -0.184999958 0.287955165
vt 0.787953496 0.787955284
v 0.287955195 -0.185000002 -0.287955165
vt 0.787953496 0.212044999
v 0.338599473 -0.184999958 -0.226244941
vt 0.83859992 0.273755074
f 1024/1024 1025/1025 1026/1026
v 0.338599473 -0.184999958 -0.226244941
vt 0.83859992 0.273755074
v 0.338599414 -0.185000032 0.226244956
vt 0.83859992 0.726244807
v 0.287955135 -0.184999958 0.287955165
vt 0.787953496 0.787955284
f 1027/1027 1028/1028 1029/1029
usemtl vent_4
v 0.0794465169 -0.185000047 0.399405241
vt 0.579447269 0.899405301
v -4.94687811e-08 -0.184999973 0.407230109
vt 0.499999374 0.90722996
v 4.4594799e-08 -0.184999943 -0.407230169
vt 0.499999374 0.0927699357
f 1030/1030 1031/1031 1032/1032
v 4.4594799e-08 -0.184999943 -0.407230169
vt 0.499999374 0.0927699357
v 0.0794465467 -0.185000002 -0.39940536
vt 0.579447269 0.10059461
v 0.0794465169 -0.185000047 0.399405241
vt 0.579447269 0.899405301
f 1033/1033 1034/1034 1035/1035
usemtl vent_4
v 0.338599473 -0.184999958 -0.226244941
vt 0.83859992 0.273755074
v 0.376231521 -0.185000002 -0.155840263
vt 0.876231551 0.344159901
v 0.376231551 -0.185000017 0.155840218
vt 0.876231551 0.655840278
f 1036/1036 1037/1037 1038/1038
v 0.376231551 -0.185000017 0.155840218
vt 0.876231551 0.655840278
v 0.338599414 -0.185000032 0.226244956
vt 0.83859992 0.726244807
v 0.338599473 -0.184999958 -0.226244941
vt 0.83859992 0.273755074
f 1039/1039 1040/1040 1041/1041
usemtl vent_4
v 0.376231551 -0.185000017 0.155840218
vt 0.876231551 0.655840278
v 0.376231521 -0.185000002 -0.155840263
vt 0.876231551 0.344159901
v 0.39940533 -0.185000002 -0.0794465169
vt 0.899405062 0.420553505
f 1042/1042 1043/1043 1044/1044
v 0.39940533 -0.185000002 -0.0794465169
vt 0.899405062 0.420553505
v 0.39940533 -0.185000047 0.0794465318
vt 0.899405062 0.579446554
v 0.376231551 -0.185000017 0.155840218
vt 0.876231551 0.655840278
f 1045/1045 1046/1046 1047/1047
usemtl vent_4
v 0.39940533 -0.185000047 0.0794465318
vt 0.899405062 0.579446554
v 0.39940533 -0.185000002 -0.0794465169
vt 0.899405062 0.420553505
v 0.407230139 -0.184999943 7.57824825e-09
vt 0.907229543 0.500000119
f 1048/1048 1049/1049 1050/1050
usemtl metal_4
v 0.388908684 -0.15625003 0.388908893
vt 0.888908684 0.540312469
v 0.388908714 -0.00125004724 0.388908178
vt 0.888908744 0.385312468
v 0.305563629 -0.00125005841 0.457307726
vt 0.805563629 0.385312468
f 1051/1051 1052/1052 1053/1053
v 0.305563629 -0.00125005841 0.457307726
vt 0.805563629 0.385312468
v 0.305563599 -0.156250045 0.457308441
vt 0.805563569 0.540312469
v 0.388908684 -0.15625003 0.388908893
vt 0.888908684 0.540312469
f 1054/1054 1055/1055 1056/1056
usemtl metal_4
v 0.457308322 -0.156249985 -0.30556348
vt 0.194436625 0.540312529
v 0.457308352 -0.00124999369 -0.305564195
vt 0.194435865 0.385312527
v 0.508133709 -0.00124999427 -0.210476428
vt 0.289523602 0.385312498
f 1057/1057 1058/1058 1059/1059
v 0.508133709 -0.00124999427 -0.210476428
vt 0.289523602 0.385312498
v 0.508133709 -0.156249985 -0.210475728
vt 0.289524347 0.540312529
v 0.457308322 -0.156249985 -0.30556348
vt 0.194436625 0.540312529
f 1060/1060 1061/1061 1062/1062
usemtl metal_4
v 0.550000012 -0.156249985 1.85516257e-07
vt 0.500000298 0.540312469
v 0.550000012 -0.00124998391 -5.29559259e-07
vt 0.499999523 0.385312468
v 0.53943187 -0.00125000137 0.107299134
vt 0.607299209 0.385312468
f 1063/1063 1064/1064 1065/1065
v 0.53943187 -0.00125000137 0.107299134
vt 0.607299209 0.385312468
v 0.53943187 -0.15625 0.107299857
vt 0.607299924 0.540312469
v 0.550000012 -0.156249985 1.85516257e-07
vt 0.500000298 0.540312469
f 1066/1066 1067/1067 1068/1068
usemtl metal_4
v 0.210475847 -0.15625006 0.508133948
vt 0.710475862 0.540312469
v 0.210475862 -0.00125005178 0.508133173
vt 0.710475862 0.385312438
v 0.107299641 -0.0012500569 0.539431334
vt 0.607299626 0.385312438
f 1069/1069 1070/1070 1071/1071
v 0.107299641 -0.0012500569 0.539431334
vt 0.607299626 0.385312438
v 0.107299626 -0.156250045 0.539432108
vt 0.607299626 0.540312469
v 0.210475847 -0.15625006 0.508133948
vt 0.710475862 0.540312469
f 1072/1072 1073/1073 1074/1074
usemtl metal_4
v -0.305563599 -0.15625 -0.457308203
vt 0.194436401 0.540312529
v -0.388908684 -0.156250015 -0.388908625
vt 0.111091316 0.540312529
v -0.388908654 -0.00125000998 -0.38890934
vt 0.111091346 0.385312557
f 1075/1075 1076/1076 1077/1077
v -0.388908654 -0.00125000998 -0.38890934
vt 0.111091346 0.385312557
v -0.305563569 -0.00124999881 -0.457308918
vt 0.194436431 0.385312557
v -0.305563599 -0.15625 -0.457308203
vt 0.194436401 0.540312529
f 1078/1078 1079/1079 1080/1080
usemtl metal_4
v -0.305563688 -0.156250075 0.457308382
vt 0.194436327 0.540312469
v -0.210475937 -0.156250075 0.508133948
vt 0.289524078 0.540312469
v -0.210475922 -0.00125006668 0.508133173
vt 0.289524078 0.385312468
f 1081/1081 1082/1082 1083/1083
v -0.210475922 -0.00125006668 0.508133173
vt 0.289524078 0.385312468
v -0.305563658 -0.00125007331 0.457307667
vt 0.194436342 0.385312468
v -0.305563688 -0.156250075 0.457308382
vt 0.194436327 0.540312469
f 1084/1084 1085/1085 1086/1086
usemtl metal_4
v 0.107299626 -0.156250045 0.539432108
vt 0.607299626 0.540312469
v 0.107299641 -0.0012500569 0.539431334
vt 0.607299626 0.385312438
v -2.84126536e-08 -0.00125005865 0.549999416
vt 0.49999997 0.385312438
f 1087/1087 1088/1088 1089/1089
v -2.84126536e-08 -0.00125005865 0.549999416
vt 0.49999997 0.385312438
v -4.33687823e-08 -0.156250045 0.550000191
vt 0.49999997 0.540312469
v 0.107299626 -0.156250045 0.539432108
vt 0.607299626 0.540312469
f 1090/1090 1091/1091 1092/1092
usemtl metal_4
v 0.508133709 -0.156250015 0.210476056
vt 0.71047616 0.540312469
v 0.508133709 -0.00125001825 0.210475355
vt 0.710475385 0.385312468
v 0.457308292 -0.00125003373 0.305563092
vt 0.805563152 0.385312468
f 1093/1093 1094/1094 1095/1095
v 0.457308292 -0.00125003373 0.305563092
vt 0.805563152 0.385312468
v 0.457308263 -0.15625003 0.305563807
vt 0.805563867 0.540312469
v 0.508133709 -0.156250015 0.210476056
vt 0.71047616 0.540312469
f 1096/1096 1097/1097 1098/1098
usemtl metal_4
v 0.388908774 -0.156249985 -0.388908565
vt 0.111091524 0.540312529
v 0.388908803 -0.00124998018 -0.38890928
vt 0.111090779 0.385312527
v 0.457308352 -0.00124999369 -0.305564195
vt 0.194435865 0.385312527
f 1099/1099 1100/1100 1101/1101
v 0.457308352 -0.00124999369 -0.305564195
vt 0.194435865 0.385312527
v 0.457308322 -0.156249985 -0.30556348
vt 0.19443661 0.540312529
v 0.388908774 -0.156249985 -0.388908565
vt 0.111091524 0.540312529
f 1102/1102 1103/1103 1104/1104
usemtl metal_4
v -0.53943187 -0.156250045 0.107299775
vt 0.607299864 0.540312529
v -0.508133709 -0.15625006 0.210475981
vt 0.7104761 0.540312529
v -0.508133709 -0.00125006295 0.210475281
vt 0.710475326 0.385312498
f 1105/1105 1106/1106 1107/1107
v -0.508133709 -0.00125006295 0.210475281
vt 0.710475326 0.385312498
v -0.53943187 -0.00125006097 0.107299052
vt 0.607299089 0.385312527
v -0.53943187 -0.156250045 0.107299775
vt 0.607299864 0.540312529
f 1108/1108 1109/1109 1110/1110
usemtl metal_4
v -0.107299656 -0.156249985 -0.539431691
vt 0.392700344 0.540312529
v -0.210475877 -0.156249985 -0.508133531
vt 0.289524138 0.540312529
v -0.210475862 -0.00124999054 -0.508134305
vt 0.289524138 0.385312557
f 1111/1111 1112/1112 1113/1113
v -0.210475862 -0.00124999054 -0.508134305
vt 0.289524138 0.385312557
v -0.107299641 -0.00124998542 -0.539432466
vt 0.392700374 0.385312557
v -0.107299656 -0.156249985 -0.539431691
vt 0.392700344 0.540312529
f 1114/1114 1115/1115 1116/1116
usemtl metal_4
v 3.96789162e-08 -0.15624997 -0.549999833
vt 0.50000006 0.540312529
v -0.107299656 -0.156249985 -0.539431691
vt 0.392700344 0.540312529
v -0.107299641 -0.00124998542 -0.539432466
vt 0.392700374 0.385312557
f 1117/1117 1118/1118 1119/1119
v -0.107299641 -0.00124998542 -0.539432466
vt 0.392700374 0.385312557
v 5.46350449e-08 -0.00124996877 -0.550000608
vt 0.50000006 0.385312527
v 3.96789162e-08 -0.15624997 -0.549999833
vt 0.50000006 0.540312529
f 1120/1120 1121/1121 1122/1122
usemtl metal_4
v -0.107299738 -0.156250075 0.539432108
vt 0.392700255 0.540312469
v -4.33687823e-08 -0.156250045 0.550000191
vt 0.49999997 0.540312469
v -2.84126536e-08 -0.00125005865 0.549999416
vt 0.49999997 0.385312438
f 1123/1123 1124/1124 1125/1125
v -2.84126536e-08 -0.00125005865 0.549999416
vt 0.49999997 0.385312438
v -0.107299723 -0.0012500718 0.539431334
vt 0.392700285 0.385312468
v -0.107299738 -0.156250075 0.539432108
vt 0.392700255 0.540312469
f 1126/1126 1127/1127 1128/1128
usemtl metal_4
v -0.0975452065 -0.14000006 0.490392596
vt 0.402454793 0.990392685
v -0.106398322 -0.159286365 0.534900367
vt 0.393601656 1.03490043
v -0.20870775 -0.159286365 0.503865182
vt 0.29129222 1.00386524
f 1129/1129 1130/1130 1131/1131
v -0.20870775 -0.159286365 0.503865182
vt 0.29129222 1.00386524
v -0.191341743 -0.14000006 0.461939722
vt 0.308658242 0.961939812
v -0.0975452065 -0.14000006 0.490392596
vt 0.402454793 0.990392685
f 1132/1132 1133/1133 1134/1134
usemtl metal_4
v 0.305563688 -0.156249985 -0.457308114
vt 0.805563688 0.540312529
v 0.305563718 -0.00124998391 -0.457308829
vt 0.805563688 0.385312527
v 0.388908803 -0.00124998018 -0.38890928
vt 0.888908803 0.385312527
f 1135/1135 1136/1136 1137/1137
v 0.388908803 -0.00124998018 -0.38890928
vt 0.888908803 0.385312527
v 0.388908774 -0.156249985 -0.388908565
vt 0.888908744 0.540312529
v 0.305563688 -0.156249985 -0.457308114
vt 0.805563688 0.540312529
f 1138/1138 1139/1139 1140/1140
usemtl metal_4
v -0.508133709 -0.15625006 0.210475981
vt 0.710476041 0.540312529
v -0.457308322 -0.15625006 0.305563748
vt 0.805563867 0.540312529
v -0.457308292 -0.00125006353 0.305563033
vt 0.805563092 0.385312498
f 1141/1141 1142/1142 1143/1143
v -0.457308292 -0.00125006353 0.305563033
vt 0.805563092 0.385312498
v -0.508133709 -0.00125006295 0.210475281
vt 0.710475326 0.385312498
v -0.508133709 -0.15625006 0.210475981
vt 0.710476041 0.540312529
f 1144/1144 1145/1145 1146/1146
usemtl metal_4
v 0.508133709 -0.156249985 -0.210475728
vt 0.289524376 0.540312529
v 0.508133709 -0.00124999427 -0.210476428
vt 0.289523602 0.385312498
v 0.53943187 -0.00124999625 -0.107300222
vt 0.392699838 0.385312498
f 1147/1147 1148/1148 1149/1149
v 0.53943187 -0.00124999625 -0.107300222
vt 0.392699838 0.385312498
v 0.53943187 -0.15625 -0.107299499
vt 0.392700583 0.540312529
v 0.508133709 -0.156249985 -0.210475728
vt 0.289524376 0.540312529
f 1150/1150 1151/1151 1152/1152
usemtl metal_4
v 0.457308263 -0.15625003 0.305563807
vt 0.805563867 0.540312469
v 0.457308292 -0.00125003373 0.305563092
vt 0.805563152 0.385312468
v 0.388908714 -0.00125004724 0.388908178
vt 0.888908267 0.385312468
f 1153/1153 1154/1154 1155/1155
v 0.388908714 -0.00125004724 0.388908178
vt 0.888908267 0.385312468
v 0.388908684 -0.15625003 0.388908893
vt 0.888908982 0.540312469
v 0.457308263 -0.15625003 0.305563807
vt 0.805563867 0.540312469
f 1156/1156 1157/1157 1158/1158
usemtl metal_4
v -0.550000012 -0.156250015 1.02468476e-07
vt 0.500000179 0.540312529
v -0.53943187 -0.156250045 0.107299775
vt 0.607299864 0.540312529
v -0.53943187 -0.00125006097 0.107299052
vt 0.607299089 0.385312527
f 1159/1159 1160/1160 1161/1161
v -0.53943187 -0.00125006097 0.107299052
vt 0.607299089 0.385312527
v -0.550000012 -0.00125002861 -6.12607039e-07
vt 0.499999434 0.385312498
v -0.550000012 -0.156250015 1.02468476e-07
vt 0.500000179 0.540312529
f 1162/1162 1163/1163 1164/1164
usemtl metal_4
v -0.508133709 -0.15625003 -0.210475788
vt 0.289524317 0.540312529
v -0.53943187 -0.15625003 -0.107299581
vt 0.392700464 0.540312529
v -0.53943187 -0.00125002605 -0.107300304
vt 0.392699748 0.385312527
f 1165/1165 1166/1166 1167/1167
v -0.53943187 -0.00125002605 -0.107300304
vt 0.392699748 0.385312527
v -0.508133709 -0.00125003897 -0.210476488
vt 0.289523542 0.385312557
v -0.508133709 -0.15625003 -0.210475788
vt 0.289524317 0.540312529
f 1168/1168 1169/1169 1170/1170
usemtl metal_4
v 0.107299708 -0.15624997 -0.539431691
vt 0.607299685 0.540312529
v 0.107299723 -0.00124998542 -0.539432466
vt 0.607299745 0.385312557
v 0.210475922 -0.00124999054 -0.508134305
vt 0.710475922 0.385312557
f 1171/1171 1172/1172 1173/1173
v 0.210475922 -0.00124999054 -0.508134305
vt 0.710475922 0.385312557
v 0.210475907 -0.15624997 -0.508133531
vt 0.710475922 0.540312529
v 0.107299708 -0.15624997 -0.539431691
vt 0.607299685 0.540312529
f 1174/1174 1175/1175 1176/1176
usemtl metal_4
v 0.0975451916 -0.139999986 -0.490392655
vt 0.597545207 0.00960743427
v 3.39149757e-08 -0.139999971 -0.5
vt 0.50000006 5.96046448e-08
v 3.87084e-08 -0.159286261 -0.545379341
vt 0.50000006 -0.0453792885
f 1177/1177 1178/1178 1179/1179
v 3.87084e-08 -0.159286261 -0.545379341
vt 0.50000006 -0.0453792885
v 0.106398292 -0.159286261 -0.53490001
vt 0.606398284 -0.0348999277
v 0.0975451916 -0.139999986 -0.490392655
vt 0.597545207 0.00960743427
f 1180/1180 1181/1181 1182/1182
usemtl metal_4
v 0.461939752 -0.140000015 0.191341713
vt 0.961939752 0.691341758
v 0.490392625 -0.140000001 0.0975451767
vt 0.990392625 0.597545266
v 0.534900188 -0.15928629 0.106398448
vt 1.03490019 0.606398463
f 1183/1183 1184/1184 1185/1185
v 0.534900188 -0.15928629 0.106398448
vt 1.03490019 0.606398463
v 0.503864944 -0.159286305 0.208707884
vt 1.00386488 0.708707929
v 0.461939752 -0.140000015 0.191341713
vt 0.961939752 0.691341758
f 1186/1186 1187/1187 1188/1188
usemtl metal_4
v -0.457308263 -0.156250015 -0.305563539
vt 0.19443655 0.540312529
v -0.508133709 -0.15625003 -0.210475788
vt 0.289524287 0.540312529
v -0.508133709 -0.00125003897 -0.210476488
vt 0.289523542 0.385312557
f 1189/1189 1190/1190 1191/1191
v -0.508133709 -0.00125003897 -0.210476488
vt 0.289523542 0.385312557
v -0.457308233 -0.00125002349 -0.305564255
vt 0.194435805 0.385312557
v -0.457308263 -0.156250015 -0.305563539
vt 0.19443655 0.540312529
f 1192/1192 1193/1193 1194/1194
usemtl metal_4
v -0.388908774 -0.15625006 0.388908833
vt 0.111091234 0.540312469
v -0.305563688 -0.156250075 0.457308382
vt 0.194436312 0.540312469
v -0.305563658 -0.00125007331 0.457307667
vt 0.194436342 0.385312468
f 1195/1195 1196/1196 1197/1197
v -0.305563658 -0.00125007331 0.457307667
vt 0.194436342 0.385312468
v -0.388908744 -0.00125007704 0.388908118
vt 0.111091256 0.385312498
v -0.388908774 -0.15625006 0.388908833
vt 0.111091234 0.540312469
f 1198/1198 1199/1199 1200/1200
usemtl metal_4
v 0.5 -0.139999986 1.49400581e-08
vt 1 0.50000006
v 0.490392625 -0.140000001 -0.0975451469
vt 0.990392625 0.402454913
v 0.534900129 -0.15928629 -0.106398083
vt 1.03490007 0.393601984
f 1201/1201 1202/1202 1203/1203
v 0.534900129 -0.15928629 -0.106398083
vt 1.03490007 0.393601984
v 0.545379519 -0.159286276 1.90688681e-07
vt 1.0453794 0.500000298
v 0.5 -0.139999986 1.49400581e-08
vt 1 0.50000006
f 1204/1204 1205/1205 1206/1206
usemtl metal_4
v 0.191341683 -0.140000045 0.461939722
vt 0.691341698 0.961939812
v 0.277785093 -0.14000006 0.415734798
vt 0.777785063 0.915734887
v 0.302996606 -0.15928635 0.453466654
vt 0.802996516 0.953466773
f 1207/1207 1208/1208 1209/1209
v 0.302996606 -0.15928635 0.453466654
vt 0.802996516 0.953466773
v 0.20870766 -0.15928635 0.503865182
vt 0.708707631 1.00386524
v 0.191341683 -0.140000045 0.461939722
vt 0.691341698 0.961939812
f 1210/1210 1211/1211 1212/1212
usemtl metal_4
v -0.388908684 -0.156250015 -0.388908625
vt 0.111091465 0.540312529
v -0.457308263 -0.156250015 -0.305563539
vt 0.19443655 0.540312529
v -0.457308233 -0.00125002349 -0.305564255
vt 0.194435805 0.385312557
f 1213/1213 1214/1214 1215/1215
v -0.457308233 -0.00125002349 -0.305564255
vt 0.194435805 0.385312557
v -0.388908654 -0.00125000998 -0.38890934
vt 0.11109072 0.385312557
v -0.388908684 -0.156250015 -0.388908625
vt 0.111091465 0.540312529
f 1216/1216 1217/1217 1218/1218
usemtl metal_4
v 0.277785152 -0.139999971 -0.415734798
vt 0.777785182 0.0842652917
v 0.191341743 -0.139999986 -0.461939782
vt 0.691341758 0.0380603075
v 0.20870772 -0.159286261 -0.503864765
vt 0.70870769 -0.00386470021
f 1219/1219 1220/1220 1221/1221
v 0.20870772 -0.159286261 -0.503864765
vt 0.70870769 -0.00386470021
v 0.302996665 -0.159286261 -0.453466296
vt 0.802996635 0.0465337932
v 0.277785152 -0.139999971 -0.415734798
vt 0.777785182 0.0842652917
f 1222/1222 1223/1223 1224/1224
usemtl metal_4
v -0.277785093 -0.139999986 -0.415734857
vt 0.222214907 0.0842652321
v -0.302996576 -0.15928629 -0.453466386
vt 0.197003439 0.0465337522
v -0.20870769 -0.159286276 -0.503864765
vt 0.291292369 -0.0038646555
f 1225/1225 1226/1226 1227/1227
v -0.20870769 -0.159286276 -0.503864765
vt 0.291292369 -0.0038646555
v -0.191341683 -0.140000001 -0.461939782
vt 0.308658302 0.0380603075
v -0.277785093 -0.139999986 -0.415734857
vt 0.222214907 0.0842652321
f 1228/1228 1229/1229 1230/1230
usemtl metal_4
v -0.5 -0.140000015 -6.0557845e-08
vt 0 0.5
v -0.545379519 -0.159286305 1.0833859e-07
vt -0.045379471 0.500000119
v -0.534900129 -0.15928632 -0.106398158
vt -0.0349001102 0.393601894
f 1231/1231 1232/1232 1233/1233
v -0.534900129 -0.15928632 -0.106398158
vt -0.0349001102 0.393601894
v -0.490392625 -0.14000003 -0.0975452214
vt 0.00960737467 0.402454853
v -0.5 -0.140000015 -6.0557845e-08
vt 0 0.5
f 1234/1234 1235/1235 1236/1236
usemtl metal_4
v -0.353553414 -0.14000006 0.353553325
vt 0.146446586 0.853553414
v -0.385641605 -0.15928635 0.385641664
vt 0.114358403 0.885641813
v -0.453466535 -0.15928635 0.302996755
vt 0.0465334654 0.802996874
f 1237/1237 1238/1238 1239/1239
v -0.453466535 -0.15928635 0.302996755
vt 0.0465334654 0.802996874
v -0.415734828 -0.14000006 0.277785063
vt 0.0842651725 0.777785182
v -0.353553414 -0.14000006 0.353553325
vt 0.146446586 0.853553414
f 1240/1240 1241/1241 1242/1242
usemtl metal_4
v 0.461939752 -0.139999986 -0.191341713
vt 0.961939752 0.308658361
v 0.415734828 -0.139999986 -0.277785122
vt 0.915734828 0.222214967
v 0.453466505 -0.159286276 -0.302996457
vt 0.953466475 0.197003633
f 1243/1243 1244/1244 1245/1245
v 0.453466505 -0.159286276 -0.302996457
vt 0.953466475 0.197003633
v 0.503864944 -0.159286276 -0.208707526
vt 1.00386488 0.291292548
v 0.461939752 -0.139999986 -0.191341713
vt 0.961939752 0.308658361
f 1246/1246 1247/1247 1248/1248
usemtl metal_4
v -0.191341683 -0.140000001 -0.461939782
vt 0.308658302 0.0380603075
v -0.20870769 -0.159286276 -0.503864765
vt 0.29129231 -0.00386470277
v -0.10639824 -0.159286261 -0.53490001
vt 0.393601745 -0.0348999314
f 1249/1249 1250/1250 1251/1251
v -0.10639824 -0.159286261 -0.53490001
vt 0.393601745 -0.0348999314
v -0.097545132 -0.139999986 -0.490392655
vt 0.402454853 0.00960743427
v -0.191341683 -0.140000001 -0.461939782
vt 0.308658302 0.0380603075
f 1252/1252 1253/1253 1254/1254
usemtl metal_4
v 0.0975451171 -0.140000045 0.490392596
vt 0.597545147 0.990392685
v 0.191341683 -0.140000045 0.461939722
vt 0.691341698 0.961939812
v 0.20870766 -0.15928635 0.503865182
vt 0.70870769 1.00386524
f 1255/1255 1256/1256 1257/1257
v 0.20870766 -0.15928635 0.503865182
vt 0.70870769 1.00386524
v 0.106398217 -0.15928635 0.534900367
vt 0.606398165 1.03490043
v 0.0975451171 -0.140000045 0.490392596
vt 0.597545147 0.990392685
f 1258/1258 1259/1259 1260/1260
usemtl metal_4
v 0.277785093 -0.14000006 0.415734798
vt 0.777785063 0.915734887
v 0.353553355 -0.140000045 0.353553385
vt 0.853553355 0.853553474
v 0.385641515 -0.159286335 0.385641724
vt 0.885641456 0.885641813
f 1261/1261 1262/1262 1263/1263
v 0.385641515 -0.159286335 0.385641724
vt 0.885641456 0.885641813
v 0.302996606 -0.15928635 0.453466654
vt 0.802996576 0.953466713
v 0.277785093 -0.14000006 0.415734798
vt 0.777785063 0.915734887
f 1264/1264 1265/1265 1266/1266
usemtl metal_4
v -4.15829255e-08 -0.140000045 0.49999997
vt 0.49999997 1
v 0.0975451171 -0.140000045 0.490392596
vt 0.597545147 0.990392685
v 0.106398217 -0.15928635 0.534900367
vt 0.606398225 1.03490043
f 1267/1267 1268/1268 1269/1269
v 0.106398217 -0.15928635 0.534900367
vt 0.606398225 1.03490043
v -4.36416236e-08 -0.15928635 0.545379698
vt 0.49999997 1.04537964
v -4.15829255e-08 -0.140000045 0.49999997
vt 0.49999997 1
f 1270/1270 1271/1271 1272/1272
usemtl metal_4
v 3.96789162e-08 -0.15624997 -0.549999833
vt 0.50000006 0.540312529
v 5.46350449e-08 -0.00124996877 -0.550000608
vt 0.50000006 0.385312527
v 0.107299723 -0.00124998542 -0.539432466
vt 0.607299745 0.385312557
f 1273/1273 1274/1274 1275/1275
v 0.107299723 -0.00124998542 -0.539432466
vt 0.607299745 0.385312557
v 0.107299708 -0.15624997 -0.539431691
vt 0.607299685 0.540312529
v 3.96789162e-08 -0.15624997 -0.549999833
vt 0.50000006 0.540312529
f 1276/1276 1277/1277 1278/1278
usemtl metal_4
v -4.15829255e-08 -0.140000045 0.49999997
vt 0.49999997 1
v -4.36416236e-08 -0.15928635 0.545379698
vt 0.49999997 1.04537964
v -0.106398322 -0.159286365 0.534900367
vt 0.393601656 1.03490043
f 1279/1279 1280/1280 1281/1281
v -0.106398322 -0.159286365 0.534900367
vt 0.393601656 1.03490043
v -0.0975452065 -0.14000006 0.490392596
vt 0.402454793 0.990392685
v -4.15829255e-08 -0.140000045 0.49999997
vt 0.49999997 1
f 1282/1282 1283/1283 1284/1284
usemtl metal_4
v 0.53943187 -0.15625 0.107299857
vt 0.607299924 0.540312469
v 0.53943187 -0.00125000137 0.107299134
vt 0.607299209 0.385312468
v 0.508133709 -0.00125001825 0.210475355
vt 0.710475385 0.385312468
f 1285/1285 1286/1286 1287/1287
v 0.508133709 -0.00125001825 0.210475355
vt 0.710475385 0.385312468
v 0.508133709 -0.156250015 0.210476056
vt 0.71047616 0.540312469
v 0.53943187 -0.15625 0.107299857
vt 0.607299924 0.540312469
f 1288/1288 1289/1289 1290/1290
usemtl metal_4
v 0.415734828 -0.139999986 -0.277785122
vt 0.915734828 0.222214967
v 0.353553414 -0.139999986 -0.353553385
vt 0.853553414 0.146446705
v 0.385641575 -0.159286276 -0.385641366
vt 0.885641575 0.114358723
f 1291/1291 1292/1292 1293/1293
v 0.385641575 -0.159286276 -0.385641366
vt 0.885641575 0.114358723
v 0.453466505 -0.159286276 -0.302996457
vt 0.953466475 0.197003633
v 0.415734828 -0.139999986 -0.277785122
vt 0.915734828 0.222214967
f 1294/1294 1295/1295 1296/1296
usemtl metal_4
v 0.353553355 -0.140000045 0.353553385
vt 0.853553355 0.853553474
v 0.415734768 -0.14000003 0.277785122
vt 0.915734768 0.777785182
v 0.453466475 -0.15928632 0.302996814
vt 0.953466475 0.802996874
f 1297/1297 1298/1298 1299/1299
v 0.453466475 -0.15928632 0.302996814
vt 0.953466475 0.802996874
v 0.385641515 -0.159286335 0.385641724
vt 0.885641515 0.885641754
v 0.353553355 -0.140000045 0.353553385
vt 0.853553355 0.853553474
f 1300/1300 1301/1301 1302/1302
usemtl metal_4
v 0.415734768 -0.14000003 0.277785122
vt 0.915734768 0.777785182
v 0.461939752 -0.140000015 0.191341713
vt 0.961939752 0.691341758
v 0.503864944 -0.159286305 0.208707884
vt 1.00386488 0.708707929
f 1303/1303 1304/1304 1305/1305
v 0.503864944 -0.159286305 0.208707884
vt 1.00386488 0.708707929
v 0.453466475 -0.15928632 0.302996814
vt 0.953466535 0.802996933
v 0.415734768 -0.14000003 0.277785122
vt 0.915734768 0.777785182
f 1306/1306 1307/1307 1308/1308
usemtl metal_4
v -0.490392625 -0.140000045 0.0975451022
vt 0.00960737467 0.597545147
v -0.534900188 -0.159286335 0.106398366
vt -0.0349001661 0.606398463
v -0.545379519 -0.159286305 1.0833859e-07
vt -0.045379471 0.500000119
f 1309/1309 1310/1310 1311/1311
v -0.545379519 -0.159286305 1.0833859e-07
vt -0.045379471 0.500000119
v -0.5 -0.140000015 -6.0557845e-08
vt 0 0.5
v -0.490392625 -0.140000045 0.0975451022
vt 0.00960737467 0.597545147
f 1312/1312 1313/1313 1314/1314
usemtl metal_4
v 0.353553414 -0.139999986 -0.353553385
vt 0.853553414 0.146446705
v 0.277785152 -0.139999971 -0.415734798
vt 0.777785182 0.0842652917
v 0.302996665 -0.159286261 -0.453466296
vt 0.802996695 0.0465337969
f 1315/1315 1316/1316 1317/1317
v 0.302996665 -0.159286261 -0.453466296
vt 0.802996695 0.0465337969
v 0.385641575 -0.159286276 -0.385641366
vt 0.885641575 0.114358723
v 0.353553414 -0.139999986 -0.353553385
vt 0.853553414 0.146446705
f 1318/1318 1319/1319 1320/1320
usemtl metal_4
v 0.53943187 -0.15625 -0.107299499
vt 0.392700553 0.540312529
v 0.53943187 -0.00124999625 -0.107300222
vt 0.392699838 0.385312498
v 0.550000012 -0.00124998391 -5.29559259e-07
vt 0.499999523 0.385312468
f 1321/1321 1322/1322 1323/1323
v 0.550000012 -0.00124998391 -5.29559259e-07
vt 0.499999523 0.385312468
v 0.550000012 -0.156249985 1.85516257e-07
vt 0.500000298 0.540312469
v 0.53943187 -0.15625 -0.107299499
vt 0.392700553 0.540312529
f 1324/1324 1325/1325 1326/1326
usemtl metal_4
v -0.191341743 -0.14000006 0.461939722
vt 0.308658242 0.961939812
v -0.20870775 -0.159286365 0.503865182
vt 0.29129225 1.00386524
v -0.302996695 -0.159286365 0.453466594
vt 0.197003305 0.953466713
f 1327/1327 1328/1328 1329/1329
v -0.302996695 -0.159286365 0.453466594
vt 0.197003305 0.953466713
v -0.277785152 -0.140000075 0.415734738
vt 0.222214848 0.915734828
v -0.191341743 -0.14000006 0.461939722
vt 0.308658242 0.961939812
f 1330/1330 1331/1331 1332/1332
usemtl metal_4
v 0.305563599 -0.156250045 0.457308441
vt 0.805563569 0.540312469
v 0.305563629 -0.00125005841 0.457307726
vt 0.805563629 0.385312468
v 0.210475862 -0.00125005178 0.508133173
vt 0.710475862 0.385312438
f 1333/1333 1334/1334 1335/1335
v 0.210475862 -0.00125005178 0.508133173
vt 0.710475862 0.385312438
v 0.210475847 -0.15625006 0.508133948
vt 0.710475862 0.540312469
v 0.305563599 -0.156250045 0.457308441
vt 0.805563569 0.540312469
f 1336/1336 1337/1337 1338/1338
usemtl metal_4
v -0.210475937 -0.156250075 0.508133948
vt 0.289524078 0.540312469
v -0.107299738 -0.156250075 0.539432108
vt 0.392700255 0.540312469
v -0.107299723 -0.0012500718 0.539431334
vt 0.392700285 0.385312468
f 1339/1339 1340/1340 1341/1341
v -0.107299723 -0.0012500718 0.539431334
vt 0.392700285 0.385312468
v -0.210475922 -0.00125006668 0.508133173
vt 0.289524078 0.385312468
v -0.210475937 -0.156250075 0.508133948
vt 0.289524078 0.540312469
f 1342/1342 1343/1343 1344/1344
usemtl metal_4
v 0.490392625 -0.140000001 -0.0975451469
vt 0.990392625 0.402454913
v 0.461939752 -0.139999986 -0.191341713
vt 0.961939752 0.308658361
v 0.503864944 -0.159286276 -0.208707526
vt 1.00386488 0.291292548
f 1345/1345 1346/1346 1347/1347
v 0.503864944 -0.159286276 -0.208707526
vt 1.00386488 0.291292548
v 0.534900129 -0.15928629 -0.106398083
vt 1.03490019 0.393601984
v 0.490392625 -0.140000001 -0.0975451469
vt 0.990392625 0.402454913
f 1348/1348 1349/1349 1350/1350
usemtl metal_4
v -0.461939752 -0.14000003 -0.191341773
vt 0.0380602479 0.308658302
v -0.503864944 -0.15928632 -0.208707586
vt -0.00386497681 0.291292459
v -0.453466445 -0.159286305 -0.302996516
vt 0.0465335399 0.197003573
f 1351/1351 1352/1352 1353/1353
v -0.453466445 -0.159286305 -0.302996516
vt 0.0465335399 0.197003573
v -0.415734768 -0.140000015 -0.277785182
vt 0.0842652321 0.222214907
v -0.461939752 -0.14000003 -0.191341773
vt 0.0380602479 0.308658302
f 1354/1354 1355/1355 1356/1356
usemtl metal_4
v -0.461939752 -0.14000006 0.191341653
vt 0.0380602479 0.691341758
v -0.503864944 -0.15928635 0.208707809
vt -0.00386489439 0.708707869
v -0.534900188 -0.159286335 0.106398366
vt -0.0349001698 0.606398404
f 1357/1357 1358/1358 1359/1359
v -0.534900188 -0.159286335 0.106398366
vt -0.0349001698 0.606398404
v -0.490392625 -0.140000045 0.0975451022
vt 0.00960737467 0.597545147
v -0.461939752 -0.14000006 0.191341653
vt 0.0380602479 0.691341758
f 1360/1360 1361/1361 1362/1362
usemtl metal_4
v -0.415734768 -0.140000015 -0.277785182
vt 0.0842652321 0.222214907
v -0.453466445 -0.159286305 -0.302996516
vt 0.0465335436 0.197003573
v -0.385641485 -0.15928629 -0.385641426
vt 0.1143585 0.114358664
f 1363/1363 1364/1364 1365/1365
v -0.385641485 -0.15928629 -0.385641426
vt 0.1143585 0.114358664
v -0.353553355 -0.140000001 -0.353553444
vt 0.146446645 0.146446645
v -0.415734768 -0.140000015 -0.277785182
vt 0.0842652321 0.222214907
f 1366/1366 1367/1367 1368/1368
usemtl metal_4
v 0.210475907 -0.15624997 -0.508133531
vt 0.710475922 0.540312529
v 0.210475922 -0.00124999054 -0.508134305
vt 0.710475922 0.385312557
v 0.305563718 -0.00124998391 -0.457308829
vt 0.805563688 0.385312527
f 1369/1369 1370/1370 1371/1371
v 0.305563718 -0.00124998391 -0.457308829
vt 0.805563688 0.385312527
v 0.305563688 -0.156249985 -0.457308114
vt 0.805563688 0.540312529
v 0.210475907 -0.15624997 -0.508133531
vt 0.710475922 0.540312529
f 1372/1372 1373/1373 1374/1374
usemtl metal_4
v 0.490392625 -0.140000001 0.0975451767
vt 0.990392625 0.597545266
v 0.5 -0.139999986 1.49400581e-08
vt 1 0.50000006
v 0.545379519 -0.159286276 1.90688681e-07
vt 1.0453794 0.500000298
f 1375/1375 1376/1376 1377/1377
v 0.545379519 -0.159286276 1.90688681e-07
vt 1.0453794 0.500000298
v 0.534900188 -0.15928629 0.106398448
vt 1.03490007 0.606398463
v 0.490392625 -0.140000001 0.0975451767
vt 0.990392625 0.597545266
f 1378/1378 1379/1379 1380/1380
usemtl metal_4
v -0.097545132 -0.139999986 -0.490392655
vt 0.402454853 0.00960743427
v -0.10639824 -0.159286261 -0.53490001
vt 0.393601745 -0.0348999277
v 3.87084e-08 -0.159286261 -0.545379341
vt 0.50000006 -0.0453792363
f 1381/1381 1382/1382 1383/1383
v 3.87084e-08 -0.159286261 -0.545379341
vt 0.50000006 -0.0453792363
v 3.39149757e-08 -0.139999971 -0.5
vt 0.50000006 5.96046448e-08
v -0.097545132 -0.139999986 -0.490392655
vt 0.402454853 0.00960743427
f 1384/1384 1385/1385 1386/1386
usemtl metal_4
v -0.210475877 -0.156249985 -0.508133531
vt 0.289524138 0.540312529
v -0.305563599 -0.15625 -0.457308203
vt 0.194436401 0.540312529
v -0.305563569 -0.00124999881 -0.457308918
vt 0.194436431 0.385312557
f 1387/1387 1388/1388 1389/1389
v -0.305563569 -0.00124999881 -0.457308918
vt 0.194436431 0.385312557
v -0.210475862 -0.00124999054 -0.508134305
vt 0.289524138 0.385312557
v -0.210475877 -0.156249985 -0.508133531
vt 0.289524138 0.540312529
f 1390/1390 1391/1391 1392/1392
usemtl metal_4
v -0.415734828 -0.14000006 0.277785063
vt 0.0842651725 0.777785182
v -0.453466535 -0.15928635 0.302996755
vt 0.0465334654 0.802996874
v -0.503864944 -0.15928635 0.208707809
vt -0.00386494352 0.708707929
f 1393/1393 1394/1394 1395/1395
v -0.503864944 -0.15928635 0.208707809
vt -0.00386494352 0.708707929
v -0.461939752 -0.14000006 0.191341653
vt 0.0380602479 0.691341758
v -0.415734828 -0.14000006 0.277785063
vt 0.0842651725 0.777785182
f 1396/1396 1397/1397 1398/1398
usemtl metal_4
v -0.53943187 -0.15625003 -0.107299581
vt 0.392700464 0.540312529
v -0.550000012 -0.156250015 1.02468476e-07
vt 0.500000179 0.540312529
v -0.550000012 -0.00125002861 -6.12607039e-07
vt 0.499999434 0.385312498
f 1399/1399 1400/1400 1401/1401
v -0.550000012 -0.00125002861 -6.12607039e-07
vt 0.499999434 0.385312498
v -0.53943187 -0.00125002605 -0.107300304
vt 0.392699748 0.385312527
v -0.53943187 -0.15625003 -0.107299581
vt 0.392700464 0.540312529
f 1402/1402 1403/1403 1404/1404
usemtl metal_4
v -0.490392625 -0.14000003 -0.0975452214
vt 0.00960737467 0.402454853
v -0.534900129 -0.15928632 -0.106398158
vt -0.0349001586 0.393601894
v -0.503864944 -0.15928632 -0.208707586
vt -0.00386492931 0.291292489
f 1405/1405 1406/1406 1407/1407
v -0.503864944 -0.15928632 -0.208707586
vt -0.00386492931 0.291292489
v -0.461939752 -0.14000003 -0.191341773
vt 0.0380602479 0.308658302
v -0.490392625 -0.14000003 -0.0975452214
vt 0.00960737467 0.402454853
f 1408/1408 1409/1409 1410/1410
usemtl metal_4
v 0.191341743 -0.139999986 -0.461939782
vt 0.691341758 0.0380603075
v 0.0975451916 -0.139999986 -0.490392655
vt 0.597545207 0.00960743427
v 0.106398292 -0.159286261 -0.53490001
vt 0.606398225 -0.0348999277
f 1411/1411 1412/1412 1413/1413
v 0.106398292 -0.159286261 -0.53490001
vt 0.606398225 -0.0348999277
v 0.20870772 -0.159286261 -0.503864765
vt 0.70870769 -0.00386470091
v 0.191341743 -0.139999986 -0.461939782
vt 0.691341758 0.0380603075
f 1414/1414 1415/1415 1416/1416
usemtl metal_4
v -0.457308322 -0.15625006 0.305563748
vt 0.805563867 0.540312529
v -0.388908774 -0.15625006 0.388908833
vt 0.888908982 0.540312469
v -0.388908744 -0.00125007704 0.388908118
vt 0.888908148 0.385312498
f 1417/1417 1418/1418 1419/1419
v -0.388908744 -0.00125007704 0.388908118
vt 0.888908148 0.385312498
v -0.457308292 -0.00125006353 0.305563033
vt 0.805563092 0.385312498
v -0.457308322 -0.15625006 0.305563748
vt 0.805563867 0.540312529
f 1420/1420 1421/1421 1422/1422
usemtl metal_4
v -0.353553355 -0.140000001 -0.353553444
vt 0.146446645 0.146446645
v -0.385641485 -0.15928629 -0.385641426
vt 0.1143585 0.114358664
v -0.302996576 -0.15928629 -0.453466386
vt 0.197003439 0.0465337485
f 1423/1423 1424/1424 1425/1425
v -0.302996576 -0.15928629 -0.453466386
vt 0.197003439 0.0465337485
v -0.277785093 -0.139999986 -0.415734857
vt 0.222214907 0.0842652321
v -0.353553355 -0.140000001 -0.353553444
vt 0.146446645 0.146446645
f 1426/1426 1427/1427 1428/1428
usemtl metal_4
v 0.305563599 -0.156250045 0.457308441
vt 0.805563569 0.540312469
v 0.210475847 -0.15625006 0.508133948
vt 0.710475862 0.540312469
v 0.20870766 -0.15928635 0.503865182
vt 0.710875273 0.545312464
f 1429/1429 1430/1430 1431/1431
v 0.20870766 -0.15928635 0.503865182
vt 0.710875273 0.545312464
v 0.302996606 -0.15928635 0.453466654
vt 0.805164218 0.545312464
v 0.305563599 -0.156250045 0.457308441
vt 0.805563569 0.540312469
f 1432/1432 1433/1433 1434/1434
usemtl metal_4
v 0.508133709 -0.156249985 -0.210475728
vt 0.289524347 0.540312529
v 0.503864944 -0.159286276 -0.208707526
vt 0.289124966 0.545312524
v 0.453466505 -0.159286276 -0.302996457
vt 0.194836006 0.545312524
f 1435/1435 1436/1436 1437/1437
v 0.453466505 -0.159286276 -0.302996457
vt 0.194836006 0.545312524
v 0.457308322 -0.156249985 -0.30556348
vt 0.194436625 0.540312529
v 0.508133709 -0.156249985 -0.210475728
vt 0.289524347 0.540312529
f 1438/1438 1439/1439 1440/1440
usemtl metal_4
v 0.508133709 -0.156250015 0.210476056
vt 0.71047616 0.540312469
v 0.503864944 -0.159286305 0.208707884
vt 0.710042715 0.545312464
v 0.534900188 -0.15928629 0.106398448
vt 0.607733309 0.545312464
f 1441/1441 1442/1442 1443/1443
v 0.534900188 -0.15928629 0.106398448
vt 0.607733309 0.545312464
v 0.53943187 -0.15625 0.107299857
vt 0.607299924 0.540312469
v 0.508133709 -0.156250015 0.210476056
vt 0.71047616 0.540312469
f 1444/1444 1445/1445 1446/1446
usemtl metal_4
v 0.210475847 -0.15625006 0.508133948
vt 0.710475862 0.540312469
v 0.107299626 -0.156250045 0.539432108
vt 0.607299626 0.540312469
v 0.106398217 -0.15928635 0.534900367
vt 0.607733071 0.545312464
f 1447/1447 1448/1448 1449/1449
v 0.106398217 -0.15928635 0.534900367
vt 0.607733071 0.545312464
v 0.20870766 -0.15928635 0.503865182
vt 0.710042477 0.545312464
v 0.210475847 -0.15625006 0.508133948
vt 0.710475862 0.540312469
f 1450/1450 1451/1451 1452/1452
usemtl metal_4
v -0.210475877 -0.156249985 -0.508133531
vt 0.289524138 -0.00813347101
v -0.20870769 -0.159286276 -0.503864765
vt 0.291292369 -0.0038646555
v -0.302996576 -0.15928629 -0.453466386
vt 0.197003439 0.0465337522
f 1453/1453 1454/1454 1455/1455
v -0.302996576 -0.15928629 -0.453466386
vt 0.197003439 0.0465337522
v -0.305563599 -0.15625 -0.457308203
vt 0.194436401 0.0426919162
v -0.210475877 -0.156249985 -0.508133531
vt 0.289524138 -0.00813347101
f 1456/1456 1457/1457 1458/1458
usemtl metal_4
v -0.305563688 -0.156250075 0.457308382
vt 0.194436327 0.540312469
v -0.302996695 -0.159286365 0.453466594
vt 0.194835678 0.545312464
v -0.20870775 -0.159286365 0.503865182
vt 0.289124668 0.545312464
f 1459/1459 1460/1460 1461/1461
v -0.20870775 -0.159286365 0.503865182
vt 0.289124668 0.545312464
v -0.210475937 -0.156250075 0.508133948
vt 0.289524078 0.540312469
v -0.305563688 -0.156250075 0.457308382
vt 0.194436327 0.540312469
f 1462/1462 1463/1463 1464/1464
usemtl metal_4
v 0.107299626 -0.156250045 0.539432108
vt 0.607299626 0.540312469
v -4.33687823e-08 -0.156250045 0.550000191
vt 0.49999997 0.540312469
v -4.36416236e-08 -0.15928635 0.545379698
vt 0.500450671 0.545312464
f 1465/1465 1466/1466 1467/1467
v -4.36416236e-08 -0.15928635 0.545379698
vt 0.500450671 0.545312464
v 0.106398217 -0.15928635 0.534900367
vt 0.606848896 0.545312464
v 0.107299626 -0.156250045 0.539432108
vt 0.607299626 0.540312469
f 1468/1468 1469/1469 1470/1470
usemtl metal_4
v 0.457308263 -0.15625003 0.305563807
vt 0.805563867 0.540312469
v 0.453466475 -0.15928632 0.302996814
vt 0.805164516 0.545312464
v 0.503864944 -0.159286305 0.208707884
vt 0.710875571 0.545312464
f 1471/1471 1472/1472 1473/1473
v 0.503864944 -0.159286305 0.208707884
vt 0.710875571 0.545312464
v 0.508133709 -0.156250015 0.210476056
vt 0.71047616 0.540312469
v 0.457308263 -0.15625003 0.305563807
vt 0.805563867 0.540312469
f 1474/1474 1475/1475 1476/1476
usemtl metal_4
v 0.457308322 -0.156249985 -0.30556348
vt 0.19443661 0.540312529
v 0.453466505 -0.159286276 -0.302996457
vt 0.194086567 0.545312524
v 0.385641575 -0.159286276 -0.385641366
vt 0.11144162 0.545312524
f 1477/1477 1478/1478 1479/1479
v 0.385641575 -0.159286276 -0.385641366
vt 0.11144162 0.545312524
v 0.388908774 -0.156249985 -0.388908565
vt 0.111091524 0.540312529
v 0.457308322 -0.156249985 -0.30556348
vt 0.19443661 0.540312529
f 1480/1480 1481/1481 1482/1482
usemtl metal_4
v -0.508133709 -0.15625006 0.210475981
vt -0.00813365728 0.7104761
v -0.53943187 -0.156250045 0.107299775
vt -0.03943187 0.607299864
v -0.534900188 -0.159286335 0.106398366
vt -0.0349001698 0.606398404
f 1483/1483 1484/1484 1485/1485
v -0.534900188 -0.159286335 0.106398366
vt -0.0349001698 0.606398404
v -0.503864944 -0.15928635 0.208707809
vt -0.00386489439 0.708707869
v -0.508133709 -0.15625006 0.210475981
vt -0.00813365728 0.7104761
f 1486/1486 1487/1487 1488/1488
usemtl metal_4
v -0.107299656 -0.156249985 -0.539431691
vt 0.392700344 -0.0394316316
v -0.10639824 -0.159286261 -0.53490001
vt 0.393601745 -0.0348999314
v -0.20870769 -0.159286276 -0.503864765
vt 0.29129231 -0.00386470277
f 1489/1489 1490/1490 1491/1491
v -0.20870769 -0.159286276 -0.503864765
vt 0.29129231 -0.00386470277
v -0.210475877 -0.156249985 -0.508133531
vt 0.289524138 -0.00813347101
v -0.107299656 -0.156249985 -0.539431691
vt 0.392700344 -0.0394316316
f 1492/1492 1493/1493 1494/1494
usemtl metal_4
v 3.96789162e-08 -0.15624997 -0.549999833
vt 0.50000006 -0.0499997735
v 0.107299708 -0.15624997 -0.539431691
vt 0.607299685 -0.0394316316
v 0.106398292 -0.159286261 -0.53490001
vt 0.606398284 -0.0348999277
f 1495/1495 1496/1496 1497/1497
v 0.106398292 -0.159286261 -0.53490001
vt 0.606398284 -0.0348999277
v 3.87084e-08 -0.159286261 -0.545379341
vt 0.50000006 -0.0453792885
v 3.96789162e-08 -0.15624997 -0.549999833
vt 0.50000006 -0.0499997735
f 1498/1498 1499/1499 1500/1500
usemtl metal_4
v -0.210475937 -0.156250075 0.508133948
vt 0.289524078 0.540312469
v -0.20870775 -0.159286365 0.503865182
vt 0.289957464 0.545312464
v -0.106398322 -0.159286365 0.534900367
vt 0.39226687 0.545312464
f 1501/1501 1502/1502 1503/1503
v -0.106398322 -0.159286365 0.534900367
vt 0.39226687 0.545312464
v -0.107299738 -0.156250075 0.539432108
vt 0.392700255 0.540312469
v -0.210475937 -0.156250075 0.508133948
vt 0.289524078 0.540312469
f 1504/1504 1505/1505 1506/1506
usemtl metal_4
v -0.107299738 -0.156250075 0.539432108
vt 0.392700255 0.540312469
v -0.106398322 -0.159286365 0.534900367
vt 0.393150955 0.545312464
v -4.36416236e-08 -0.15928635 0.545379698
vt 0.49954927 0.545312464
f 1507/1507 1508/1508 1509/1509
v -4.36416236e-08 -0.15928635 0.545379698
vt 0.49954927 0.545312464
v -4.33687823e-08 -0.156250045 0.550000191
vt 0.49999997 0.540312469
v -0.107299738 -0.156250075 0.539432108
vt 0.392700255 0.540312469
f 1510/1510 1511/1511 1512/1512
usemtl metal_4
v 0.305563688 -0.156249985 -0.457308114
vt 0.805563688 0.0426920056
v 0.388908774 -0.156249985 -0.388908565
vt 0.888908744 0.111091554
v 0.385641575 -0.159286276 -0.385641366
vt 0.885641575 0.114358723
f 1513/1513 1514/1514 1515/1515
v 0.385641575 -0.159286276 -0.385641366
vt 0.885641575 0.114358723
v 0.302996665 -0.159286261 -0.453466296
vt 0.802996695 0.0465337969
v 0.305563688 -0.156249985 -0.457308114
vt 0.805563688 0.0426920056
f 1516/1516 1517/1517 1518/1518
usemtl metal_4
v -0.457308322 -0.15625006 0.305563748
vt 0.0426917262 0.805563867
v -0.508133709 -0.15625006 0.210475981
vt -0.00813370943 0.7104761
v -0.503864944 -0.15928635 0.208707809
vt -0.00386494352 0.708707929
f 1519/1519 1520/1520 1521/1521
v -0.503864944 -0.15928635 0.208707809
vt -0.00386494352 0.708707929
v -0.453466535 -0.15928635 0.302996755
vt 0.0465334654 0.802996874
v -0.457308322 -0.15625006 0.305563748
vt 0.0426917262 0.805563867
f 1522/1522 1523/1523 1524/1524
usemtl metal_4
v 0.53943187 -0.15625 -0.107299499
vt 0.392700553 0.540312529
v 0.550000012 -0.156249985 1.85516257e-07
vt 0.500000298 0.540312469
v 0.545379519 -0.159286276 1.90688681e-07
vt 0.499549568 0.545312464
f 1525/1525 1526/1526 1527/1527
v 0.545379519 -0.159286276 1.90688681e-07
vt 0.499549568 0.545312464
v 0.534900129 -0.15928629 -0.106398083
vt 0.393151283 0.545312524
v 0.53943187 -0.15625 -0.107299499
vt 0.392700553 0.540312529
f 1528/1528 1529/1529 1530/1530
usemtl metal_4
v 0.388908684 -0.15625003 0.388908893
vt 0.888908982 0.540312469
v 0.385641515 -0.159286335 0.385641724
vt 0.888558865 0.545312464
v 0.453466475 -0.15928632 0.302996814
vt 0.805914044 0.545312464
f 1531/1531 1532/1532 1533/1533
v 0.453466475 -0.15928632 0.302996814
vt 0.805914044 0.545312464
v 0.457308263 -0.15625003 0.305563807
vt 0.805563867 0.540312469
v 0.388908684 -0.15625003 0.388908893
vt 0.888908982 0.540312469
f 1534/1534 1535/1535 1536/1536
usemtl metal_4
v -0.550000012 -0.156250015 1.02468476e-07
vt -0.0500000119 0.500000179
v -0.53943187 -0.15625003 -0.107299581
vt -0.03943187 0.392700493
v -0.534900129 -0.15928632 -0.106398158
vt -0.0349001102 0.393601894
f 1537/1537 1538/1538 1539/1539
v -0.534900129 -0.15928632 -0.106398158
vt -0.0349001102 0.393601894
v -0.545379519 -0.159286305 1.0833859e-07
vt -0.045379471 0.500000119
v -0.550000012 -0.156250015 1.02468476e-07
vt -0.0500000119 0.500000179
f 1540/1540 1541/1541 1542/1542
usemtl metal_4
v -0.53943187 -0.15625003 -0.107299581
vt -0.03943187 0.392700493
v -0.508133709 -0.15625003 -0.210475788
vt -0.00813370943 0.289524317
v -0.503864944 -0.15928632 -0.208707586
vt -0.00386492931 0.291292489
f 1543/1543 1544/1544 1545/1545
v -0.503864944 -0.15928632 -0.208707586
vt -0.00386492931 0.291292489
v -0.534900129 -0.15928632 -0.106398158
vt -0.0349001586 0.393601894
v -0.53943187 -0.15625003 -0.107299581
vt -0.03943187 0.392700493
f 1546/1546 1547/1547 1548/1548
usemtl metal_4
v 0.210475907 -0.15624997 -0.508133531
vt 0.710475922 -0.00813347101
v 0.305563688 -0.156249985 -0.457308114
vt 0.805563688 0.0426920056
v 0.302996665 -0.159286261 -0.453466296
vt 0.802996635 0.0465337932
f 1549/1549 1550/1550 1551/1551
v 0.302996665 -0.159286261 -0.453466296
vt 0.802996635 0.0465337932
v 0.20870772 -0.159286261 -0.503864765
vt 0.70870769 -0.00386470021
v 0.210475907 -0.15624997 -0.508133531
vt 0.710475922 -0.00813347101
f 1552/1552 1553/1553 1554/1554
usemtl metal_4
v 3.96789162e-08 -0.15624997 -0.549999833
vt 0.50000006 -0.0499997735
v 3.87084e-08 -0.159286261 -0.545379341
vt 0.50000006 -0.0453792363
v -0.10639824 -0.159286261 -0.53490001
vt 0.393601745 -0.0348999277
f 1555/1555 1556/1556 1557/1557
v -0.10639824 -0.159286261 -0.53490001
vt 0.393601745 -0.0348999277
v -0.107299656 -0.156249985 -0.539431691
vt 0.392700344 -0.0394316316
v 3.96789162e-08 -0.15624997 -0.549999833
vt 0.50000006 -0.0499997735
f 1558/1558 1559/1559 1560/1560
usemtl metal_4
v 0.53943187 -0.15625 0.107299857
vt 0.607299924 0.540312469
v 0.534900188 -0.15928629 0.106398448
vt 0.606849253 0.545312464
v 0.545379519 -0.159286276 1.90688681e-07
vt 0.500451028 0.545312464
f 1561/1561 1562/1562 1563/1563
v 0.545379519 -0.159286276 1.90688681e-07
vt 0.500451028 0.545312464
v 0.550000012 -0.156249985 1.85516257e-07
vt 0.500000298 0.540312469
v 0.53943187 -0.15625 0.107299857
vt 0.607299924 0.540312469
f 1564/1564 1565/1565 1566/1566
usemtl metal_4
v -0.508133709 -0.15625003 -0.210475788
vt -0.00813370664 0.289524317
v -0.457308263 -0.156250015 -0.305563539
vt 0.0426917374 0.19443658
v -0.453466445 -0.159286305 -0.302996516
vt 0.0465335399 0.197003573
f 1567/1567 1568/1568 1569/1569
v -0.453466445 -0.159286305 -0.302996516
vt 0.0465335399 0.197003573
v -0.503864944 -0.15928632 -0.208707586
vt -0.00386497681 0.291292459
v -0.508133709 -0.15625003 -0.210475788
vt -0.00813370664 0.289524317
f 1570/1570 1571/1571 1572/1572
usemtl metal_4
v -0.388908774 -0.15625006 0.388908833
vt 0.111091226 0.888908982
v -0.457308322 -0.15625006 0.305563748
vt 0.0426916778 0.805563867
v -0.453466535 -0.15928635 0.302996755
vt 0.0465334654 0.802996874
f 1573/1573 1574/1574 1575/1575
v -0.453466535 -0.15928635 0.302996755
vt 0.0465334654 0.802996874
v -0.385641605 -0.15928635 0.385641664
vt 0.114358403 0.885641813
v -0.388908774 -0.15625006 0.388908833
vt 0.111091226 0.888908982
f 1576/1576 1577/1577 1578/1578
usemtl metal_4
v 0.53943187 -0.15625 -0.107299499
vt 0.392700583 0.540312529
v 0.534900129 -0.15928629 -0.106398083
vt 0.392267168 0.545312524
v 0.503864944 -0.159286276 -0.208707526
vt 0.289957762 0.545312524
f 1579/1579 1580/1580 1581/1581
v 0.503864944 -0.159286276 -0.208707526
vt 0.289957762 0.545312524
v 0.508133709 -0.156249985 -0.210475728
vt 0.289524376 0.540312529
v 0.53943187 -0.15625 -0.107299499
vt 0.392700583 0.540312529
f 1582/1582 1583/1583 1584/1584
usemtl metal_4
v 0.388908684 -0.15625003 0.388908893
vt 0.888908684 0.540312469
v 0.305563599 -0.156250045 0.457308441
vt 0.805563569 0.540312469
v 0.302996606 -0.15928635 0.453466654
vt 0.805913687 0.545312464
f 1585/1585 1586/1586 1587/1587
v 0.302996606 -0.15928635 0.453466654
vt 0.805913687 0.545312464
v 0.385641515 -0.159286335 0.385641724
vt 0.888558567 0.545312464
v 0.388908684 -0.15625003 0.388908893
vt 0.888908684 0.540312469
f 1588/1588 1589/1589 1590/1590
usemtl metal_4
v -0.388908684 -0.156250015 -0.388908625
vt 0.111091316 0.111091495
v -0.385641485 -0.15928629 -0.385641426
vt 0.1143585 0.114358664
v -0.453466445 -0.159286305 -0.302996516
vt 0.0465335436 0.197003573
f 1591/1591 1592/1592 1593/1593
v -0.453466445 -0.159286305 -0.302996516
vt 0.0465335436 0.197003573
v -0.457308263 -0.156250015 -0.305563539
vt 0.0426917374 0.19443658
v -0.388908684 -0.156250015 -0.388908625
vt 0.111091316 0.111091495
f 1594/1594 1595/1595 1596/1596
usemtl metal_4
v 0.107299708 -0.15624997 -0.539431691
vt 0.607299685 -0.0394316316
v 0.210475907 -0.15624997 -0.508133531
vt 0.710475922 -0.00813347101
v 0.20870772 -0.159286261 -0.503864765
vt 0.70870769 -0.00386470091
f 1597/1597 1598/1598 1599/1599
v 0.20870772 -0.159286261 -0.503864765
vt 0.70870769 -0.00386470091
v 0.106398292 -0.159286261 -0.53490001
vt 0.606398225 -0.0348999277
v 0.107299708 -0.15624997 -0.539431691
vt 0.607299685 -0.0394316316
f 1600/1600 1601/1601 1602/1602
usemtl metal_4
v -0.305563599 -0.15625 -0.457308203
vt 0.194436401 0.0426919162
v -0.302996576 -0.15928629 -0.453466386
vt 0.197003439 0.0465337485
v -0.385641485 -0.15928629 -0.385641426
vt 0.1143585 0.114358664
f 1603/1603 1604/1604 1605/1605
v -0.385641485 -0.15928629 -0.385641426
vt 0.1143585 0.114358664
v -0.388908684 -0.156250015 -0.388908625
vt 0.111091316 0.111091495
v -0.305563599 -0.15625 -0.457308203
vt 0.194436401 0.0426919162
f 1606/1606 1607/1607 1608/1608
usemtl metal_4
v -0.53943187 -0.156250045 0.107299775
vt -0.0394318663 0.607299864
v -0.550000012 -0.156250015 1.02468476e-07
vt -0.0500000119 0.500000179
v -0.545379519 -0.159286305 1.0833859e-07
vt -0.045379471 0.500000119
f 1609/1609 1610/1610 1611/1611
v -0.545379519 -0.159286305 1.0833859e-07
vt -0.045379471 0.500000119
v -0.534900188 -0.159286335 0.106398366
vt -0.0349001661 0.606398463
v -0.53943187 -0.156250045 0.107299775
vt -0.0394318663 0.607299864
f 1612/1612 1613/1613 1614/1614
usemtl metal_4
v -0.388908774 -0.15625006 0.388908833
vt 0.111091234 0.540312469
v -0.385641605 -0.15928635 0.385641664
vt 0.111441292 0.545312464
v -0.302996695 -0.159286365 0.453466594
vt 0.194086209 0.545312464
f 1615/1615 1616/1616 1617/1617
v -0.302996695 -0.159286365 0.453466594
vt 0.194086209 0.545312464
v -0.305563688 -0.156250075 0.457308382
vt 0.194436312 0.540312469
v -0.388908774 -0.15625006 0.388908833
vt 0.111091234 0.540312469
f 1618/1618 1619/1619 1620/1620
usemtl metal_4
v -0.277785152 -0.140000075 0.415734738
vt 0.222214848 0.915734828
v -0.302996695 -0.159286365 0.453466594
vt 0.197003305 0.953466773
v -0.385641605 -0.15928635 0.385641664
vt 0.114358403 0.885641813
f 1621/1621 1622/1622 1623/1623
v -0.385641605 -0.15928635 0.385641664
vt 0.114358403 0.885641813
v -0.353553414 -0.14000006 0.353553325
vt 0.146446586 0.853553414
v -0.277785152 -0.140000075 0.415734738
vt 0.222214848 0.915734828
f 1624/1624 1625/1625 1626/1626
