# RawMetal: original asset node Character_Monster_03
v 0.0509089455 3.03685546 0.159611061
vt 0.608168244 0.461863935
v 0.0509089455 3.33268261 0.154305279
vt 0.608168244 0.500126839
v -0.114504337 3.33413672 0.148105457
vt 0.578619003 0.499643683
f 1/1 2/2 3/3
v -0.114504337 3.33413672 0.148105457
vt 0.578619003 0.499643683
v -0.160108283 3.03470922 0.154599905
vt 0.572619796 0.460305572
v 0.0509089455 3.03685546 0.159611061
vt 0.608168244 0.461863935
f 4/4 5/5 6/6
v -0.160108283 3.03470922 0.154599905
vt 0.572619796 0.460305572
v -0.114504337 3.33413672 0.148105457
vt 0.578619003 0.499643683
v -0.207620293 3.31180739 -0.0750701129
vt 0.539792299 0.501222372
f 7/7 8/8 9/9
v -0.207620293 3.31180739 -0.0750701129
vt 0.539792299 0.501222372
v -0.255345672 3.07131886 -0.0780696943
vt 0.533677042 0.470137924
v -0.160108283 3.03470922 0.154599905
vt 0.572619796 0.460305572
f 10/10 11/11 12/12
v -0.207620293 3.31180739 -0.0750701129
vt 0.305810958 0.604023576
v -0.127267167 3.29322195 -0.221655995
vt 0.308677763 0.636553884
v -0.157627463 3.11687398 -0.231310025
vt 0.283412933 0.635419905
f 13/13 14/14 15/15
v -0.157627463 3.11687398 -0.231310025
vt 0.283412933 0.635419905
v -0.255345672 3.07131886 -0.0780696943
vt 0.273347616 0.602536201
v -0.207620293 3.31180739 -0.0750701129
vt 0.305810958 0.604023576
f 16/16 17/17 18/18
v -0.127267167 3.29322195 -0.221655995
vt 0.308677763 0.636553884
v 0.0509089455 3.29003453 -0.22308594
vt 0.310254306 0.670685232
v 0.0509089455 3.11609554 -0.229019061
vt 0.287042946 0.670685112
f 19/19 20/20 21/21
v 0.0509089455 3.11609554 -0.229019061
vt 0.287042946 0.670685112
v -0.157627463 3.11687398 -0.231310025
vt 0.283412933 0.635419905
v -0.127267167 3.29322195 -0.221655995
vt 0.308677763 0.636553884
f 22/22 23/23 24/24
v -0.127267167 3.29322195 -0.221655995
vt 0.308677763 0.636553884
v -0.155247614 3.65842557 -0.29459843
vt 0.364935338 0.634092033
v 0.0509089455 3.65729165 -0.299292117
vt 0.365036011 0.670685291
f 25/25 26/26 27/27
v 0.0509089455 3.65729165 -0.299292117
vt 0.365036011 0.670685291
v 0.0509089455 3.29003453 -0.22308594
vt 0.310254306 0.670685232
v -0.127267167 3.29322195 -0.221655995
vt 0.308677763 0.636553884
f 28/28 29/29 30/30
v 0.0124261519 2.54366398 -0.285261899
vt 0.347524047 0.290560812
v -0.0274573769 2.50491834 -0.256203264
vt 0.338841528 0.277983278
v -0.134710252 2.5885942 -0.335662991
vt 0.369986027 0.263380885
f 31/31 32/32 33/33
v -0.134710252 2.5885942 -0.335662991
vt 0.369986027 0.263380885
v -0.0494615175 2.67860723 -0.389475167
vt 0.38528195 0.282469392
v 0.0124261519 2.54366398 -0.285261899
vt 0.347524047 0.290560812
f 34/34 35/35 36/36
v 0.00350169325 2.56127548 0.0245028324
vt 0.129109368 0.174755707
v -0.0563204251 2.6614871 0.128949776
vt 0.0921529531 0.163553953
v -0.0768133402 2.49317408 0.130626097
vt 0.123420358 0.143551871
f 37/37 38/38 39/39
v 0.0509089455 2.77483511 0.130173996
vt 0.0698203444 0.186083809
v -0.208765149 2.77120686 0.131372809
vt 0.0639941543 0.13734141
v -0.0563204251 2.6614871 0.128949776
vt 0.0921529531 0.163553953
f 40/40 41/41 42/42
v -0.0563204251 2.6614871 0.128949776
vt 0.0921529531 0.163553953
v 0.0509089455 2.66654801 0.150038302
vt 0.0908668861 0.186083794
v 0.0509089455 2.77483511 0.130173996
vt 0.0698203444 0.186083809
f 43/43 44/44 45/45
v 0.0509089455 2.90768552 -0.332290053
vt 0.423883885 0.299094915
v 0.0509089455 2.67811441 -0.389447212
vt 0.384741485 0.299094915
v -0.0494615175 2.67860723 -0.389475167
vt 0.38528195 0.282469392
f 46/46 47/47 48/48
v -0.0494615175 2.67860723 -0.389475167
vt 0.38528195 0.282469392
v -0.208747357 2.90856671 -0.349078566
vt 0.423333347 0.262217611
v 0.0509089455 2.90768552 -0.332290053
vt 0.423883885 0.299094915
f 49/49 50/50 51/51
v -0.0563204251 2.6614871 0.128949776
vt 0.0921529531 0.163553953
v -0.208765149 2.77120686 0.131372809
vt 0.0639941543 0.13734141
v -0.205018222 2.58175063 0.164546013
vt 0.0986763015 0.129218429
f 52/52 53/53 54/54
v 0.0509089455 2.53715301 -0.120802954
vt 0.313628286 0.299094915
v 0.00290291989 2.52938747 -0.119383171
vt 0.312916517 0.290486455
v 0.0124261519 2.54366398 -0.285261899
vt 0.347524047 0.290560812
f 55/55 56/56 57/57
v 0.0124261519 2.54366398 -0.285261899
vt 0.347524047 0.290560812
v 0.0509089455 2.54587507 -0.288771987
vt 0.348481476 0.299094915
v 0.0509089455 2.53715301 -0.120802954
vt 0.313628286 0.299094915
f 58/58 59/59 60/60
v 0.0509089455 2.66654801 0.150038302
vt 0.0908668861 0.186083794
v -0.0563204251 2.6614871 0.128949776
vt 0.0921529531 0.163553953
v 0.00350169325 2.56127548 0.0245028324
vt 0.129109368 0.174755707
f 61/61 62/62 63/63
v 0.00350169325 2.56127548 0.0245028324
vt 0.129109368 0.174755707
v 0.0509089455 2.56591082 0.0255543329
vt 0.128136918 0.186083794
v 0.0509089455 2.66654801 0.150038302
vt 0.0908668861 0.186083794
f 64/64 65/65 66/66
v 0.0509089455 2.67811441 -0.389447212
vt 0.384741485 0.299094915
v 0.0509089455 2.54587507 -0.288771987
vt 0.348481476 0.299094915
v 0.0124261519 2.54366398 -0.285261899
vt 0.347524047 0.290560812
f 67/67 68/68 69/69
v 0.0124261519 2.54366398 -0.285261899
vt 0.347524047 0.290560812
v -0.0494615175 2.67860723 -0.389475167
vt 0.38528195 0.282469392
v 0.0509089455 2.67811441 -0.389447212
vt 0.384741485 0.299094915
f 70/70 71/71 72/72
v 0.00350169325 2.56127548 0.0245028324
vt 0.129109368 0.174755707
v -0.0768133402 2.49317408 0.130626097
vt 0.123420358 0.143551871
v -0.00358643895 2.46061683 -0.101764113
vt 0.162121505 0.166919068
f 73/73 74/74 75/75
v -0.00358643895 2.46061683 -0.101764113
vt 0.162121505 0.166919068
v 0.00290291989 2.52938747 -0.119383171
vt 0.159620211 0.178035378
v 0.00350169325 2.56127548 0.0245028324
vt 0.129109368 0.174755707
f 76/76 77/77 78/78
v -0.171871677 3.70559216 0.127801761
vt 0.571057796 0.55649972
v 0.0509089455 3.70530653 0.134463832
vt 0.608168185 0.55559808
v 0.0509089455 3.82772183 0.12594004
vt 0.608168185 0.575982034
f 79/79 80/80 81/81
v 0.0509089455 3.82772183 0.12594004
vt 0.608168185 0.575982034
v -0.197914839 3.83215261 0.123001412
vt 0.568496168 0.577423215
v -0.171871677 3.70559216 0.127801761
vt 0.571057796 0.55649972
f 82/82 83/83 84/84
v -0.127267167 3.29322195 -0.221655995
vt 0.308677763 0.636553884
v -0.207620293 3.31180739 -0.0750701129
vt 0.305810958 0.604023576
v -0.266480446 3.62073278 -0.110960975
vt 0.349074662 0.597052991
f 85/85 86/86 87/87
v -0.266480446 3.62073278 -0.110960975
vt 0.349074662 0.597052991
v -0.155247614 3.65842557 -0.29459843
vt 0.364935338 0.634092033
v -0.127267167 3.29322195 -0.221655995
vt 0.308677763 0.636553884
f 88/88 89/89 90/90
v -0.114504337 3.33413672 0.148105457
vt 0.578619003 0.499643683
v 0.0509089455 3.33268261 0.154305279
vt 0.608168244 0.500126839
v 0.0509089455 3.59602737 0.130674347
vt 0.608168185 0.537642837
f 91/91 92/92 93/93
v 0.0509089455 3.59602737 0.130674347
vt 0.608168185 0.537642837
v -0.153434783 3.5973177 0.12447454
vt 0.57296586 0.538348258
v -0.114504337 3.33413672 0.148105457
vt 0.578619003 0.499643683
f 94/94 95/95 96/96
v -0.207620293 3.31180739 -0.0750701129
vt 0.539792299 0.501222372
v -0.114504337 3.33413672 0.148105457
vt 0.578619003 0.499643683
v -0.153434783 3.5973177 0.12447454
vt 0.57296586 0.538348258
f 97/97 98/98 99/99
v -0.153434783 3.5973177 0.12447454
vt 0.57296586 0.538348258
v -0.266480446 3.62073278 -0.110960975
vt 0.531641245 0.544345081
v -0.207620293 3.31180739 -0.0750701129
vt 0.539792299 0.501222372
f 100/100 101/101 102/102
v -0.299613655 3.90420723 -0.0708717108
vt 0.534089148 0.591695726
v -0.197914839 3.83215261 0.123001412
vt 0.568496168 0.577423215
v -0.194016144 4.02438641 0.089975521
vt 0.567259252 0.608538806
f 103/103 104/104 105/105
v -0.194016144 4.02438641 0.089975521
vt 0.567259252 0.608538806
v -0.298278958 4.03371239 -0.00984125212
vt 0.543859303 0.614304066
v -0.299613655 3.90420723 -0.0708717108
vt 0.534089148 0.591695726
f 106/106 107/107 108/108
v -0.17294541 3.82156253 -0.35855481
vt 0.39406243 0.6338799
v -0.284117907 3.77368617 -0.13544783
vt 0.373343349 0.594186306
v -0.346993595 3.9597795 -0.314023346
vt 0.417845726 0.604653656
f 109/109 110/110 111/111
v -0.17294541 3.82156253 -0.35855481
vt 0.39406243 0.6338799
v -0.177724168 3.99235463 -0.362753212
vt 0.421941608 0.63417691
v 0.0509089455 3.99170327 -0.383950949
vt 0.420876682 0.670685351
f 112/112 113/113 114/114
v 0.0509089455 3.99170327 -0.383950949
vt 0.420876682 0.670685351
v 0.0509089455 3.81871033 -0.372841567
vt 0.393028706 0.670685351
v -0.17294541 3.82156253 -0.35855481
vt 0.39406243 0.6338799
f 115/115 116/116 117/117
v -0.284117907 3.77368617 -0.13544783
vt 0.525881946 0.569020689
v -0.171871677 3.70559216 0.127801761
vt 0.571057796 0.55649972
v -0.299613655 3.90420723 -0.0708717108
vt 0.534089148 0.591695726
f 118/118 119/119 120/120
v 0.0509089455 4.11530972 -0.343140364
vt 0.441710174 0.670685351
v -0.169667706 4.11478376 -0.320190132
vt 0.442777038 0.635104716
v -0.124146938 4.19558096 -0.266644657
vt 0.458797544 0.642020762
f 121/121 122/122 123/123
v -0.124146938 4.19558096 -0.266644657
vt 0.458797544 0.642020762
v 0.0509089455 4.19787073 -0.287966847
vt 0.457628906 0.670685351
v 0.0509089455 4.11530972 -0.343140364
vt 0.441710174 0.670685351
f 124/124 125/125 126/126
v -0.197914839 3.83215261 0.123001412
vt 0.568496168 0.577423215
v 0.0509089455 3.82772183 0.12594004
vt 0.608168185 0.575982034
v 0.0509089455 4.02141953 0.106413543
vt 0.608168185 0.608788311
f 127/127 128/128 129/129
v 0.0509089455 4.02141953 0.106413543
vt 0.608168185 0.608788311
v -0.194016144 4.02438641 0.089975521
vt 0.567259252 0.608538806
v -0.197914839 3.83215261 0.123001412
vt 0.568496168 0.577423215
f 130/130 131/131 132/132
v -0.177724168 3.99235463 -0.362753212
vt 0.421941608 0.63417691
v -0.346993595 3.9597795 -0.314023346
vt 0.417845726 0.604653656
v -0.299913347 4.1091404 -0.304765522
vt 0.442441046 0.613508105
f 133/133 134/134 135/135
v -0.177724168 3.99235463 -0.362753212
vt 0.421941608 0.63417691
v -0.169667706 4.11478376 -0.320190132
vt 0.442777038 0.635104716
v 0.0509089455 4.11530972 -0.343140364
vt 0.441710174 0.670685351
f 136/136 137/137 138/138
v 0.0509089455 4.11530972 -0.343140364
vt 0.441710174 0.670685351
v 0.0509089455 3.99170327 -0.383950949
vt 0.420876682 0.670685351
v -0.177724168 3.99235463 -0.362753212
vt 0.421941608 0.63417691
f 139/139 140/140 141/141
v 0.0509089455 4.19787073 -0.287966847
vt 0.457628906 0.670685351
v -0.124146938 4.19558096 -0.266644657
vt 0.458797544 0.642020762
v -0.054689195 4.3353343 -0.122169405
vt 0.492297143 0.65204072
f 142/142 143/143 144/144
v -0.054689195 4.3353343 -0.122169405
vt 0.492297143 0.65204072
v 0.0509089455 4.35743141 -0.15640682
vt 0.491549939 0.670685351
v 0.0509089455 4.19787073 -0.287966847
vt 0.457628906 0.670685351
f 145/145 146/146 147/147
v -0.298278958 4.03371239 -0.00984125212
vt 0.543859303 0.614304066
v -0.194016144 4.02438641 0.089975521
vt 0.567259252 0.608538806
v -0.185496792 4.11337423 0.0386422686
vt 0.566597998 0.626266956
f 148/148 149/149 150/150
v -0.185496792 4.11337423 0.0386422686
vt 0.566597998 0.626266956
v -0.276213855 4.19332027 -0.0777014196
vt 0.543842673 0.6450876
v -0.298278958 4.03371239 -0.00984125212
vt 0.543859303 0.614304066
f 151/151 152/152 153/153
v 0.0509089455 4.02141953 0.106413543
vt 0.608168185 0.608788311
v 0.0509089455 4.11634207 0.0553520508
vt 0.608168185 0.626801074
v -0.185496792 4.11337423 0.0386422686
vt 0.566597998 0.626266956
f 154/154 155/155 156/156
v -0.185496792 4.11337423 0.0386422686
vt 0.566597998 0.626266956
v -0.194016144 4.02438641 0.089975521
vt 0.567259252 0.608538806
v 0.0509089455 4.02141953 0.106413543
vt 0.608168185 0.608788311
f 157/157 158/158 159/159
v -0.169667706 4.11478376 -0.320190132
vt 0.442777038 0.635104716
v -0.299913347 4.1091404 -0.304765522
vt 0.442441046 0.613508105
v -0.276827246 4.22224712 -0.222296044
vt 0.465792537 0.616364121
f 160/160 161/161 162/162
v -0.276827246 4.22224712 -0.222296044
vt 0.465792537 0.616364121
v -0.124146938 4.19558096 -0.266644657
vt 0.458797544 0.642020762
v -0.169667706 4.11478376 -0.320190132
vt 0.442777038 0.635104716
f 163/163 164/164 165/165
v -0.185496792 4.11337423 0.0386422686
vt 0.566597998 0.626266956
v -0.0580119751 4.29242325 0.0399960168
vt 0.589225709 0.6573686
v -0.0902098715 4.30875874 -0.0419756472
vt 0.576355815 0.665648222
f 166/166 167/167 168/168
v -0.0902098715 4.30875874 -0.0419756472
vt 0.576355815 0.665648222
v -0.276213855 4.19332027 -0.0777014196
vt 0.543842673 0.6450876
v -0.185496792 4.11337423 0.0386422686
vt 0.566597998 0.626266956
f 169/169 170/170 171/171
v 0.0509089455 4.11634207 0.0553520508
vt 0.608168185 0.626801074
v 0.0509089455 4.28779078 0.0580646284
vt 0.608168185 0.656539381
v -0.0580119751 4.29242325 0.0399960168
vt 0.589225709 0.6573686
f 172/172 173/173 174/174
v -0.0580119751 4.29242325 0.0399960168
vt 0.589225709 0.6573686
v -0.185496792 4.11337423 0.0386422686
vt 0.566597998 0.626266956
v 0.0509089455 4.11634207 0.0553520508
vt 0.608168185 0.626801074
f 175/175 176/176 177/177
v -0.124146938 4.19558096 -0.266644657
vt 0.458797544 0.642020762
v -0.276827246 4.22224712 -0.222296044
vt 0.465792537 0.616364121
v -0.054689195 4.3353343 -0.122169405
vt 0.492297143 0.65204072
f 178/178 179/179 180/180
v -0.157627463 3.11687398 -0.231310025
vt 0.455615014 0.265666991
v 0.0509089455 3.11609554 -0.229019061
vt 0.455391556 0.299094915
v 0.0509089455 2.90768552 -0.332290053
vt 0.423883885 0.299094915
f 181/181 182/182 183/183
v 0.0509089455 2.90768552 -0.332290053
vt 0.423883885 0.299094915
v -0.208747357 2.90856671 -0.349078566
vt 0.423333347 0.262217611
v -0.157627463 3.11687398 -0.231310025
vt 0.455615014 0.265666991
f 184/184 185/185 186/186
v -0.255345672 3.07131886 -0.0780696943
vt 0.462109149 0.234954238
v -0.157627463 3.11687398 -0.231310025
vt 0.455615014 0.265666991
v -0.208747357 2.90856671 -0.349078566
vt 0.423333347 0.262217611
f 187/187 188/188 189/189
v -0.208747357 2.90856671 -0.349078566
vt 0.423333347 0.262217611
v -0.317405432 2.83795071 -0.12431813
vt 0.429967493 0.223067537
v -0.255345672 3.07131886 -0.0780696943
vt 0.462109149 0.234954238
f 190/190 191/191 192/192
v -0.208765149 2.77120686 0.131372809
vt 0.0639941543 0.13734141
v -0.160108283 3.03470922 0.154599905
vt 0.0277115908 0.152113348
v -0.255345672 3.07131886 -0.0780696943
vt 0.0129686613 0.118697375
f 193/193 194/194 195/195
v -0.255345672 3.07131886 -0.0780696943
vt 0.0129686613 0.118697375
v -0.317405432 2.83795071 -0.12431813
vt 0.0398026966 0.0992032737
v -0.208765149 2.77120686 0.131372809
vt 0.0639941543 0.13734141
f 196/196 197/197 198/198
v 0.0509089455 2.77483511 0.130173996
vt 0.0698203444 0.186083809
v 0.0509089455 3.03685546 0.159611061
vt 0.0293934569 0.186083809
v -0.160108283 3.03470922 0.154599905
vt 0.0277115908 0.152113348
f 199/199 200/200 201/201
v -0.160108283 3.03470922 0.154599905
vt 0.0277115908 0.152113348
v -0.208765149 2.77120686 0.131372809
vt 0.0639941543 0.13734141
v 0.0509089455 2.77483511 0.130173996
vt 0.0698203444 0.186083809
f 202/202 203/203 204/204
v -0.266480446 3.62073278 -0.110960975
vt 0.531641245 0.544345081
v -0.171871677 3.70559216 0.127801761
vt 0.571057796 0.55649972
v -0.284117907 3.77368617 -0.13544783
vt 0.525881946 0.569020689
f 205/205 206/206 207/207
v -0.155247614 3.65842557 -0.29459843
vt 0.364935338 0.634092033
v -0.17294541 3.82156253 -0.35855481
vt 0.39406243 0.6338799
v 0.0509089455 3.81871033 -0.372841567
vt 0.393028706 0.670685351
f 208/208 209/209 210/210
v 0.0509089455 3.81871033 -0.372841567
vt 0.393028706 0.670685351
v 0.0509089455 3.65729165 -0.299292117
vt 0.365036011 0.670685291
v -0.155247614 3.65842557 -0.29459843
vt 0.364935338 0.634092033
f 211/211 212/212 213/213
v -0.155247614 3.65842557 -0.29459843
vt 0.364935338 0.634092033
v -0.266480446 3.62073278 -0.110960975
vt 0.349074662 0.597052991
v -0.284117907 3.77368617 -0.13544783
vt 0.373343349 0.594186306
f 214/214 215/215 216/216
v -0.284117907 3.77368617 -0.13544783
vt 0.373343349 0.594186306
v -0.17294541 3.82156253 -0.35855481
vt 0.39406243 0.6338799
v -0.155247614 3.65842557 -0.29459843
vt 0.364935338 0.634092033
f 217/217 218/218 219/219
v -0.153434783 3.5973177 0.12447454
vt 0.57296586 0.538348258
v 0.0509089455 3.59602737 0.130674347
vt 0.608168185 0.537642837
v 0.0509089455 3.70530653 0.134463832
vt 0.608168185 0.55559808
f 220/220 221/221 222/222
v 0.0509089455 3.70530653 0.134463832
vt 0.608168185 0.55559808
v -0.171871677 3.70559216 0.127801761
vt 0.571057796 0.55649972
v -0.153434783 3.5973177 0.12447454
vt 0.57296586 0.538348258
f 223/223 224/224 225/225
v -0.346993595 3.9597795 -0.314023346
vt 0.509686947 0.79022187
v -0.299613655 3.90420723 -0.0708717108
vt 0.512914836 0.83288008
v -0.731750429 3.4122808 -0.228406966
vt 0.432155579 0.830376029
f 226/226 227/227 228/228
v -0.731750429 3.4122808 -0.228406966
vt 0.432155579 0.830376029
v -0.758203149 3.4355967 -0.313545853
vt 0.428395927 0.814899445
v -0.346993595 3.9597795 -0.314023346
vt 0.509686947 0.79022187
f 229/229 230/230 231/231
v -0.299913347 4.1091404 -0.304765522
vt 0.530115485 0.773886859
v -0.399300873 4.1280508 -0.271650732
vt 0.517382205 0.76248163
v -0.363519251 4.20724916 -0.204875097
vt 0.528042555 0.748857856
f 232/232 233/233 234/234
v -0.363519251 4.20724916 -0.204875097
vt 0.528042555 0.748857856
v -0.276827246 4.22224712 -0.222296044
vt 0.5418365 0.753898859
v -0.299913347 4.1091404 -0.304765522
vt 0.530115485 0.773886859
f 235/235 236/236 237/237
v -0.346993595 3.9597795 -0.314023346
vt 0.417845726 0.604653656
v -0.284117907 3.77368617 -0.13544783
vt 0.373343349 0.594186306
v -0.299613655 3.90420723 -0.0708717108
vt 0.387200981 0.575059116
f 238/238 239/239 240/240
v -0.373556793 4.18364716 -0.0728528127
vt 0.788664818 0.038671881
v -0.363519251 4.20724916 -0.204875097
vt 0.806697845 0.0276775733
v -0.470362544 4.14970684 -0.159965172
vt 0.805952728 0.0500619933
f 241/241 242/242 243/243
v -0.470362544 4.14970684 -0.159965172
vt 0.805952728 0.0500619933
v -0.474416196 4.13968992 -0.108908758
vt 0.797561288 0.0525859594
v -0.373556793 4.18364716 -0.0728528127
vt 0.788664818 0.038671881
f 244/244 245/245 246/246
v -0.299913347 4.1091404 -0.304765522
vt 0.442441046 0.613508105
v -0.169667706 4.11478376 -0.320190132
vt 0.442777038 0.635104716
v -0.177724168 3.99235463 -0.362753212
vt 0.421941608 0.63417691
f 247/247 248/248 249/249
v -0.054689195 4.3353343 -0.122169405
vt 0.572915077 0.681165695
v -0.276827246 4.22224712 -0.222296044
vt 0.528915465 0.6658535
v -0.276213855 4.19332027 -0.0777014196
vt 0.543842673 0.6450876
f 250/250 251/251 252/252
v -0.276213855 4.19332027 -0.0777014196
vt 0.543842673 0.6450876
v -0.0902098715 4.30875874 -0.0419756472
vt 0.576355815 0.665648222
v -0.054689195 4.3353343 -0.122169405
vt 0.572915077 0.681165695
f 253/253 254/254 255/255
v -0.475162923 3.99785471 -0.258837104
vt 0.494009405 0.770863831
v -0.512600541 4.05684423 -0.191302046
vt 0.492550582 0.75470227
v -0.484588325 4.11634731 -0.190098152
vt 0.502593279 0.749988556
f 256/256 257/257 258/258
v -0.484588325 4.11634731 -0.190098152
vt 0.502593279 0.749988556
v -0.399300873 4.1280508 -0.271650732
vt 0.517382205 0.76248163
v -0.475162923 3.99785471 -0.258837104
vt 0.494009405 0.770863831
f 259/259 260/260 261/261
v -0.276213855 4.19332027 -0.0777014196
vt 0.780898452 0.0252051447
v -0.276827246 4.22224712 -0.222296044
vt 0.80249548 0.0132698659
v -0.363519251 4.20724916 -0.204875097
vt 0.806697845 0.0276775733
f 262/262 263/263 264/264
v -0.363519251 4.20724916 -0.204875097
vt 0.806697845 0.0276775733
v -0.373556793 4.18364716 -0.0728528127
vt 0.788664818 0.038671881
v -0.276213855 4.19332027 -0.0777014196
vt 0.780898452 0.0252051447
f 265/265 266/266 267/267
v -0.298278958 4.03371239 -0.00984125212
vt 0.761521041 0.0479570627
v -0.423758537 4.0686307 -0.0222789794
vt 0.780432224 0.0570065901
v -0.452733338 3.95616031 -0.060445562
vt 0.774845183 0.0753687546
f 268/268 269/269 270/270
v -0.452733338 3.95616031 -0.060445562
vt 0.774845183 0.0753687546
v -0.299613655 3.90420723 -0.0708717108
vt 0.747723103 0.0670569539
v -0.298278958 4.03371239 -0.00984125212
vt 0.761521041 0.0479570627
f 271/271 272/272 273/273
v -0.298278958 4.03371239 -0.00984125212
vt 0.761521041 0.0479570627
v -0.276213855 4.19332027 -0.0777014196
vt 0.780898452 0.0252051447
v -0.373556793 4.18364716 -0.0728528127
vt 0.788664818 0.038671881
f 274/274 275/275 276/276
v -0.373556793 4.18364716 -0.0728528127
vt 0.788664818 0.038671881
v -0.423758537 4.0686307 -0.0222789794
vt 0.780432224 0.0570065901
v -0.298278958 4.03371239 -0.00984125212
vt 0.761521041 0.0479570627
f 277/277 278/278 279/279
v -0.346993595 3.9597795 -0.314023346
vt 0.509686947 0.79022187
v -0.475162923 3.99785471 -0.258837104
vt 0.494009405 0.770863831
v -0.399300873 4.1280508 -0.271650732
vt 0.517382205 0.76248163
f 280/280 281/281 282/282
v -0.399300873 4.1280508 -0.271650732
vt 0.517382205 0.76248163
v -0.299913347 4.1091404 -0.304765522
vt 0.530115485 0.773886859
v -0.346993595 3.9597795 -0.314023346
vt 0.509686947 0.79022187
f 283/283 284/284 285/285
v -0.512600541 4.05684423 -0.191302046
vt 0.80896765 0.0689915791
v -0.503435433 4.03968525 -0.114435509
vt 0.794383287 0.0692423061
v -0.494849384 4.09087372 -0.091297321
vt 0.794211805 0.0602933429
f 286/286 287/287 288/288
v -0.494849384 4.09087372 -0.091297321
vt 0.794211805 0.0602933429
v -0.484588325 4.11634731 -0.190098152
vt 0.811206698 0.0566586703
v -0.512600541 4.05684423 -0.191302046
vt 0.80896765 0.0689915791
f 289/289 290/290 291/291
v -0.484588325 4.11634731 -0.190098152
vt 0.811206698 0.0566586703
v -0.494849384 4.09087372 -0.091297321
vt 0.794211805 0.0602933429
v -0.474416196 4.13968992 -0.108908758
vt 0.797561288 0.0525859594
f 292/292 293/293 294/294
v -0.474416196 4.13968992 -0.108908758
vt 0.797561288 0.0525859594
v -0.470362544 4.14970684 -0.159965172
vt 0.805952728 0.0500619933
v -0.484588325 4.11634731 -0.190098152
vt 0.811206698 0.0566586703
f 295/295 296/296 297/297
v -0.399300873 4.1280508 -0.271650732
vt 0.517382205 0.76248163
v -0.484588325 4.11634731 -0.190098152
vt 0.502593279 0.749988556
v -0.470362544 4.14970684 -0.159965172
vt 0.506818593 0.74357754
f 298/298 299/299 300/300
v -0.470362544 4.14970684 -0.159965172
vt 0.506818593 0.74357754
v -0.363519251 4.20724916 -0.204875097
vt 0.528042555 0.748857856
v -0.399300873 4.1280508 -0.271650732
vt 0.517382205 0.76248163
f 301/301 302/302 303/303
v -0.423758537 4.0686307 -0.0222789794
vt 0.780432224 0.0570065901
v -0.373556793 4.18364716 -0.0728528127
vt 0.788664818 0.038671881
v -0.474416196 4.13968992 -0.108908758
vt 0.797561288 0.0525859594
f 304/304 305/305 306/306
v -0.474416196 4.13968992 -0.108908758
vt 0.797561288 0.0525859594
v -0.494849384 4.09087372 -0.091297321
vt 0.794211805 0.0602933429
v -0.423758537 4.0686307 -0.0222789794
vt 0.780432224 0.0570065901
f 307/307 308/308 309/309
v -0.423758537 4.0686307 -0.0222789794
vt 0.780432224 0.0570065901
v -0.494849384 4.09087372 -0.091297321
vt 0.794211805 0.0602933429
v -0.503435433 4.03968525 -0.114435509
vt 0.794383287 0.0692423061
f 310/310 311/311 312/312
v -0.503435433 4.03968525 -0.114435509
vt 0.794383287 0.0692423061
v -0.452733338 3.95616031 -0.060445562
vt 0.774845183 0.0753687546
v -0.423758537 4.0686307 -0.0222789794
vt 0.780432224 0.0570065901
f 313/313 314/314 315/315
v -0.475162923 3.99785471 -0.258837104
vt 0.494009405 0.770863831
v -0.346993595 3.9597795 -0.314023346
vt 0.509686947 0.79022187
v -0.758203149 3.4355967 -0.313545853
vt 0.428395927 0.814899445
f 316/316 317/317 318/318
v -0.758203149 3.4355967 -0.313545853
vt 0.428395927 0.814899445
v -0.828182817 3.48134875 -0.335246474
vt 0.422991395 0.801109016
v -0.475162923 3.99785471 -0.258837104
vt 0.494009405 0.770863831
f 319/319 320/320 321/321
v -0.758203149 3.4355967 -0.313545853
vt 0.428395927 0.814899445
v -0.800058901 3.31398034 -0.243869662
vt 0.412142366 0.83288008
v -0.82503593 3.34943056 -0.319588184
vt 0.409797996 0.818961561
f 322/322 323/323 324/324
v -0.873080075 3.50804901 -0.26913628
vt 0.417442918 0.787759721
v -0.828182817 3.48134875 -0.335246474
vt 0.422991395 0.801109016
v -0.92751193 3.42263579 -0.265097886
vt 0.401183516 0.793397188
f 325/325 326/326 327/327
v -0.452733338 3.95616031 -0.060445562
vt 0.774845183 0.0753687546
v -0.503435433 4.03968525 -0.114435509
vt 0.794383287 0.0692423061
v -0.846153677 3.49152207 -0.182112798
vt 0.781830788 0.150796309
f 328/328 329/329 330/330
v -0.846153677 3.49152207 -0.182112798
vt 0.781830788 0.150796309
v -0.774121761 3.44380045 -0.162101194
vt 0.767210722 0.14942421
v -0.452733338 3.95616031 -0.060445562
vt 0.774845183 0.0753687546
f 331/331 332/332 333/333
v -0.512600541 4.05684423 -0.191302046
vt 0.80896765 0.0689915791
v -0.873080075 3.50804901 -0.26913628
vt 0.797613919 0.152880237
v -0.846153677 3.49152207 -0.182112798
vt 0.781830788 0.150796309
f 334/334 335/335 336/336
v -0.846153677 3.49152207 -0.182112798
vt 0.781830788 0.150796309
v -0.503435433 4.03968525 -0.114435509
vt 0.794383287 0.0692423061
v -0.512600541 4.05684423 -0.191302046
vt 0.80896765 0.0689915791
f 337/337 338/338 339/339
v -0.475162923 3.99785471 -0.258837104
vt 0.494009405 0.770863831
v -0.828182817 3.48134875 -0.335246474
vt 0.422991395 0.801109016
v -0.873080075 3.50804901 -0.26913628
vt 0.417442918 0.787759721
f 340/340 341/341 342/342
v -0.873080075 3.50804901 -0.26913628
vt 0.417442918 0.787759721
v -0.512600541 4.05684423 -0.191302046
vt 0.492550582 0.75470227
v -0.475162923 3.99785471 -0.258837104
vt 0.494009405 0.770863831
f 343/343 344/344 345/345
v -0.452733338 3.95616031 -0.060445562
vt 0.774845183 0.0753687546
v -0.774121761 3.44380045 -0.162101194
vt 0.767210722 0.14942421
v -0.731750429 3.4122808 -0.228406966
vt 0.753076077 0.14945057
f 346/346 347/347 348/348
v -0.731750429 3.4122808 -0.228406966
vt 0.753076077 0.14945057
v -0.299613655 3.90420723 -0.0708717108
vt 0.747723103 0.0670569539
v -0.452733338 3.95616031 -0.060445562
vt 0.774845183 0.0753687546
f 349/349 350/350 351/351
v -0.346993595 3.9597795 -0.314023346
vt 0.417845726 0.604653656
v -0.177724168 3.99235463 -0.362753212
vt 0.421941608 0.63417691
v -0.17294541 3.82156253 -0.35855481
vt 0.39406243 0.6338799
f 352/352 353/353 354/354
v -0.902287245 3.39589858 -0.18997623
vt 0.485523432 0.887938023
v -0.92751193 3.42263579 -0.265097886
vt 0.487652838 0.902595222
v -0.97746855 3.31493402 -0.178457931
vt 0.467315853 0.888465941
f 355/355 356/356 357/357
v -0.82503593 3.34943056 -0.319588184
vt 0.222198278 0.905099928
v -0.800058901 3.31398034 -0.243869662
vt 0.220707059 0.919573903
v -0.896726191 3.24859262 -0.329445392
vt 0.201721355 0.904169381
f 358/358 359/359 360/360
v -0.846153677 3.49152207 -0.182112798
vt 0.781830788 0.150796309
v -0.92751193 3.42263579 -0.265097886
vt 0.794644892 0.170291498
v -0.902287245 3.39589858 -0.18997623
vt 0.780064642 0.169911563
f 361/361 362/362 363/363
v -0.731750429 3.4122808 -0.228406966
vt 0.753076077 0.14945057
v -0.774121761 3.44380045 -0.162101194
vt 0.767210722 0.14942421
v -0.800058901 3.31398034 -0.243869662
vt 0.752268434 0.170291498
f 364/364 365/365 366/366
v -0.774121761 3.44380045 -0.162101194
vt 0.767210722 0.14942421
v -0.846153677 3.49152207 -0.182112798
vt 0.781830788 0.150796309
v -0.902287245 3.39589858 -0.18997623
vt 0.780064642 0.169911563
f 367/367 368/368 369/369
v -0.902287245 3.39589858 -0.18997623
vt 0.780064642 0.169911563
v -0.838847697 3.34148073 -0.179489121
vt 0.765991509 0.170074627
v -0.774121761 3.44380045 -0.162101194
vt 0.767210722 0.14942421
f 370/370 371/371 372/372
v -0.828182817 3.48134875 -0.335246474
vt 0.422991395 0.801109016
v -0.758203149 3.4355967 -0.313545853
vt 0.428395927 0.814899445
v -0.82503593 3.34943056 -0.319588184
vt 0.409797996 0.818961561
f 373/373 374/374 375/375
v -0.82503593 3.34943056 -0.319588184
vt 0.409797996 0.818961561
v -0.888952971 3.40138483 -0.329869568
vt 0.406329542 0.805660069
v -0.828182817 3.48134875 -0.335246474
vt 0.422991395 0.801109016
f 376/376 377/377 378/378
v -0.896726191 3.24859262 -0.329445392
vt 0.201721355 0.904169381
v -1.30223882 2.6277566 -0.0437027588
vt 0.13206473 0.900408745
v -1.33438718 2.64203429 -0.0686213896
vt 0.132538676 0.892429352
f 379/379 380/380 381/381
v -1.33438718 2.64203429 -0.0686213896
vt 0.132538676 0.892429352
v -0.966981471 3.31530237 -0.336130351
vt 0.203907341 0.889026701
v -0.896726191 3.24859262 -0.329445392
vt 0.201721355 0.904169381
f 382/382 383/383 384/384
v -0.906735837 3.24629545 -0.172120973
vt 0.465904742 0.873484075
v -0.97746855 3.31493402 -0.178457931
vt 0.467315853 0.888465941
v -1.35130143 2.68018579 0.00174054143
vt 0.397382259 0.888194501
f 385/385 386/386 387/387
v -1.35130143 2.68018579 0.00174054143
vt 0.397382259 0.888194501
v -1.31914163 2.66575789 0.0265220217
vt 0.397681177 0.880273342
v -0.906735837 3.24629545 -0.172120973
vt 0.465904742 0.873484075
f 388/388 389/389 390/390
v -0.800058901 3.31398034 -0.243869662
vt 0.487652838 0.859663367
v -0.838847697 3.34148073 -0.179489121
vt 0.485807478 0.873715818
v -0.906735837 3.24629545 -0.172120973
vt 0.465904742 0.873484075
f 391/391 392/392 393/393
v -0.838847697 3.34148073 -0.179489121
vt 0.485807478 0.873715818
v -0.902287245 3.39589858 -0.18997623
vt 0.485523432 0.887938023
v -0.97746855 3.31493402 -0.178457931
vt 0.467315853 0.888465941
f 394/394 395/395 396/396
v -0.97746855 3.31493402 -0.178457931
vt 0.467315853 0.888465941
v -0.906735837 3.24629545 -0.172120973
vt 0.465904742 0.873484075
v -0.838847697 3.34148073 -0.179489121
vt 0.485807478 0.873715818
f 397/397 398/398 399/399
v -0.82503593 3.34943056 -0.319588184
vt 0.222198278 0.905099928
v -0.896726191 3.24859262 -0.329445392
vt 0.201721355 0.904169381
v -0.966981471 3.31530237 -0.336130351
vt 0.203907341 0.889026701
f 400/400 401/401 402/402
v -0.966981471 3.31530237 -0.336130351
vt 0.203907341 0.889026701
v -0.888952971 3.40138483 -0.329869568
vt 0.222810954 0.891240776
v -0.82503593 3.34943056 -0.319588184
vt 0.222198278 0.905099928
f 403/403 404/404 405/405
v -0.92751193 3.42263579 -0.265097886
vt 0.222927049 0.877593815
v -0.888952971 3.40138483 -0.329869568
vt 0.222810954 0.891240776
v -0.966981471 3.31530237 -0.336130351
vt 0.203907341 0.889026701
f 406/406 407/407 408/408
v -1.31914163 2.66575789 0.0265220217
vt 0.397681177 0.880273342
v -1.35054195 2.6188798 0.061981108
vt 0.386300743 0.878406227
v -1.31453049 2.5937655 0.026260417
vt 0.389782488 0.870120883
f 409/409 410/410 411/411
v -1.31453049 2.5937655 0.026260417
vt 0.389782488 0.870120883
v -1.2946192 2.63980317 0.00400102139
vt 0.398336619 0.872709036
v -1.31914163 2.66575789 0.0265220217
vt 0.397681177 0.880273342
f 412/412 413/413 414/414
v -1.35130143 2.68018579 0.00174054143
vt 0.397382259 0.888194501
v -1.35897684 2.66834855 -0.0462248474
vt 0.396949619 0.89703244
v -1.41299224 2.61580634 -0.0226244014
vt 0.383756071 0.897773504
f 415/415 416/416 417/417
v -1.41299224 2.61580634 -0.0226244014
vt 0.383756071 0.897773504
v -1.39978874 2.62986708 0.0374282114
vt 0.383712292 0.887379766
v -1.35130143 2.68018579 0.00174054143
vt 0.397382259 0.888194501
f 418/418 419/419 420/420
v -1.00772345 3.34725761 -0.260830909
vt 0.204425678 0.873506308
v -0.966981471 3.31530237 -0.336130351
vt 0.203907341 0.889026701
v -1.33438718 2.64203429 -0.0686213896
vt 0.132538676 0.892429352
f 421/421 422/422 423/423
v -1.33438718 2.64203429 -0.0686213896
vt 0.132538676 0.892429352
v -1.35897684 2.66834855 -0.0462248474
vt 0.133330971 0.88493365
v -1.00772345 3.34725761 -0.260830909
vt 0.204425678 0.873506308
f 424/424 425/425 426/426
v -0.866584361 3.20807028 -0.247179121
vt 0.19931902 0.919573903
v -1.2946192 2.63980317 0.00400102139
vt 0.131649524 0.909223855
v -1.30223882 2.6277566 -0.0437027588
vt 0.13206473 0.900408745
f 427/427 428/428 429/429
v -1.30223882 2.6277566 -0.0437027588
vt 0.13206473 0.900408745
v -0.896726191 3.24859262 -0.329445392
vt 0.201721355 0.904169381
v -0.866584361 3.20807028 -0.247179121
vt 0.19931902 0.919573903
f 430/430 431/431 432/432
v -0.97746855 3.31493402 -0.178457931
vt 0.467315853 0.888465941
v -1.00772345 3.34725761 -0.260830909
vt 0.468479127 0.904092848
v -1.35897684 2.66834855 -0.0462248474
vt 0.396949619 0.89703244
f 433/433 434/434 435/435
v -1.35897684 2.66834855 -0.0462248474
vt 0.396949619 0.89703244
v -1.35130143 2.68018579 0.00174054143
vt 0.397382259 0.888194501
v -0.97746855 3.31493402 -0.178457931
vt 0.467315853 0.888465941
f 436/436 437/437 438/438
v -0.906735837 3.24629545 -0.172120973
vt 0.465904742 0.873484075
v -1.31914163 2.66575789 0.0265220217
vt 0.397681177 0.880273342
v -1.2946192 2.63980317 0.00400102139
vt 0.398336619 0.872709036
f 439/439 440/440 441/441
v -1.2946192 2.63980317 0.00400102139
vt 0.398336619 0.872709036
v -0.866584361 3.20807028 -0.247179121
vt 0.465334207 0.857852638
v -0.906735837 3.24629545 -0.172120973
vt 0.465904742 0.873484075
f 442/442 443/443 444/444
v -1.43112683 2.56050348 0.0742029548
vt 0.565233946 0.912951112
v -1.44599521 2.53970575 -0.00547521934
vt 0.550587237 0.913023233
v -1.47929418 2.45928073 -0.00900563598
vt 0.546062827 0.899142265
f 445/445 446/446 447/447
v -1.47929418 2.45928073 -0.00900563598
vt 0.546062827 0.899142265
v -1.45702076 2.4975071 0.133658692
vt 0.570034206 0.898768902
v -1.43112683 2.56050348 0.0742029548
vt 0.565233946 0.912951112
f 448/448 449/449 450/450
v -1.37630892 2.51563525 -0.0190533511
vt 0.637037218 0.928625286
v -1.36144304 2.53642678 0.0605994202
vt 0.636389315 0.91332221
v -1.40270317 2.48122144 0.111140236
vt 0.650595486 0.906987429
f 451/451 452/452 453/453
v -1.40270317 2.48122144 0.111140236
vt 0.650595486 0.906987429
v -1.4249804 2.44460297 -0.0319812708
vt 0.651596844 0.935028017
v -1.37630892 2.51563525 -0.0190533511
vt 0.637037218 0.928625286
f 454/454 455/455 456/456
v -1.35130143 2.68018579 0.00174054143
vt 0.397382259 0.888194501
v -1.39978874 2.62986708 0.0374282114
vt 0.383712292 0.887379766
v -1.35054195 2.6188798 0.061981108
vt 0.386300743 0.878406227
f 457/457 458/458 459/459
v -1.35054195 2.6188798 0.061981108
vt 0.386300743 0.878406227
v -1.31914163 2.66575789 0.0265220217
vt 0.397681177 0.880273342
v -1.35130143 2.68018579 0.00174054143
vt 0.397382259 0.888194501
f 460/460 461/461 462/462
v -1.33438718 2.64203429 -0.0686213896
vt 0.132538676 0.892429352
v -1.30223882 2.6277566 -0.0437027588
vt 0.13206473 0.900408745
v -1.32773018 2.57971239 -0.0337617174
vt 0.122363314 0.899731278
f 463/463 464/464 465/465
v -1.32773018 2.57971239 -0.0337617174
vt 0.122363314 0.899731278
v -1.37695026 2.59075832 -0.0581139624
vt 0.120499924 0.89081651
v -1.33438718 2.64203429 -0.0686213896
vt 0.132538676 0.892429352
f 466/466 467/467 468/468
v -1.35897684 2.66834855 -0.0462248474
vt 0.133330971 0.88493365
v -1.33438718 2.64203429 -0.0686213896
vt 0.132538676 0.892429352
v -1.37695026 2.59075832 -0.0581139624
vt 0.120499924 0.89081651
f 469/469 470/470 471/471
v -1.37695026 2.59075832 -0.0581139624
vt 0.120499924 0.89081651
v -1.41299224 2.61580634 -0.0226244014
vt 0.120346561 0.881247699
v -1.35897684 2.66834855 -0.0462248474
vt 0.133330971 0.88493365
f 472/472 473/473 474/474
v -1.2946192 2.63980317 0.00400102139
vt 0.131649524 0.909223855
v -1.31453049 2.5937655 0.026260417
vt 0.122921266 0.909804642
v -1.32773018 2.57971239 -0.0337617174
vt 0.122363314 0.899731278
f 475/475 476/476 477/477
v -1.32773018 2.57971239 -0.0337617174
vt 0.122363314 0.899731278
v -1.30223882 2.6277566 -0.0437027588
vt 0.13206473 0.900408745
v -1.2946192 2.63980317 0.00400102139
vt 0.131649524 0.909223855
f 478/478 479/479 480/480
v -1.38884699 2.55887151 0.1072644
vt 0.636860967 0.90317452
v -1.42460322 2.49759722 0.14872773
vt 0.650519192 0.898807287
v -1.40270317 2.48122144 0.111140236
vt 0.650595486 0.906987429
f 481/481 482/482 483/483
v -1.40270317 2.48122144 0.111140236
vt 0.650595486 0.906987429
v -1.36144304 2.53642678 0.0605994202
vt 0.636389315 0.91332221
v -1.38884699 2.55887151 0.1072644
vt 0.636860967 0.90317452
f 484/484 485/485 486/486
v -1.38884699 2.55887151 0.1072644
vt 0.57477504 0.913963675
v -1.43112683 2.56050348 0.0742029548
vt 0.565233946 0.912951112
v -1.45702076 2.4975071 0.133658692
vt 0.570034206 0.898768902
f 487/487 488/488 489/489
v -1.45702076 2.4975071 0.133658692
vt 0.570034206 0.898768902
v -1.42460322 2.49759722 0.14872773
vt 0.575759649 0.899734378
v -1.38884699 2.55887151 0.1072644
vt 0.57477504 0.913963675
f 490/490 491/491 492/492
v -1.41858494 2.51727486 -0.0520919375
vt 0.638556838 0.938167036
v -1.37630892 2.51563525 -0.0190533511
vt 0.637037218 0.928625286
v -1.4249804 2.44460297 -0.0319812708
vt 0.651596844 0.935028017
f 493/493 494/494 495/495
v -1.4249804 2.44460297 -0.0319812708
vt 0.651596844 0.935028017
v -1.45740175 2.44617009 -0.0475201793
vt 0.652326226 0.941247463
v -1.41858494 2.51727486 -0.0520919375
vt 0.638556838 0.938167036
f 496/496 497/497 498/498
v -1.41858494 2.51727486 -0.0520919375
vt 0.540275574 0.913981915
v -1.45740175 2.44617009 -0.0475201793
vt 0.538323104 0.900001109
v -1.47929418 2.45928073 -0.00900563598
vt 0.546062827 0.899142265
f 499/499 500/500 501/501
v -1.47929418 2.45928073 -0.00900563598
vt 0.546062827 0.899142265
v -1.44599521 2.53970575 -0.00547521934
vt 0.550587237 0.913023233
v -1.41858494 2.51727486 -0.0520919375
vt 0.540275574 0.913981915
f 502/502 503/503 504/504
v -1.45219886 2.26240945 0.0331612341
vt 0.683440566 0.933379829
v -1.45384347 2.24873209 0.0376237817
vt 0.685696602 0.933345675
v -1.4765321 2.25140667 0.0267785527
vt 0.685313582 0.937201917
f 505/505 506/506 507/507
v -1.4765321 2.25140667 0.0267785527
vt 0.685313582 0.937201917
v -1.47581577 2.26487041 0.0219629593
vt 0.683157802 0.937434077
v -1.45219886 2.26240945 0.0331612341
vt 0.683440566 0.933379829
f 508/508 509/509 510/510
v -1.37695026 2.59075832 -0.0581139624
vt 0.542604983 0.928862512
v -1.41858494 2.51727486 -0.0520919375
vt 0.540275574 0.913981915
v -1.44599521 2.53970575 -0.00547521934
vt 0.550587237 0.913023233
f 511/511 512/512 513/513
v -1.44599521 2.53970575 -0.00547521934
vt 0.550587237 0.913023233
v -1.41299224 2.61580634 -0.0226244014
vt 0.552446723 0.927936852
v -1.37695026 2.59075832 -0.0581139624
vt 0.542604983 0.928862512
f 514/514 515/515 516/516
v -1.37695026 2.59075832 -0.0581139624
vt 0.623690784 0.936023712
v -1.32773018 2.57971239 -0.0337617174
vt 0.622313857 0.92624408
v -1.37630892 2.51563525 -0.0190533511
vt 0.637037218 0.928625286
f 517/517 518/518 519/519
v -1.37630892 2.51563525 -0.0190533511
vt 0.637037218 0.928625286
v -1.41858494 2.51727486 -0.0520919375
vt 0.638556838 0.938167036
v -1.37695026 2.59075832 -0.0581139624
vt 0.623690784 0.936023712
f 520/520 521/521 522/522
v -1.39978874 2.62986708 0.0374282114
vt 0.563605666 0.927743971
v -1.43112683 2.56050348 0.0742029548
vt 0.565233946 0.912951112
v -1.38884699 2.55887151 0.1072644
vt 0.57477504 0.913963675
f 523/523 524/524 525/525
v -1.38884699 2.55887151 0.1072644
vt 0.57477504 0.913963675
v -1.35054195 2.6188798 0.061981108
vt 0.573613763 0.928862512
v -1.39978874 2.62986708 0.0374282114
vt 0.563605666 0.927743971
f 526/526 527/527 528/528
v -1.35054195 2.6188798 0.061981108
vt 0.215599477 0.57432127
v -1.3276031 2.57371068 0.144417569
vt 0.215599477 0.557351589
v -1.30392528 2.55362296 0.105085194
vt 0.22330749 0.560172737
f 529/529 530/530 531/531
v -1.30392528 2.55362296 0.105085194
vt 0.22330749 0.560172737
v -1.31453049 2.5937655 0.026260417
vt 0.225797847 0.575894773
v -1.35054195 2.6188798 0.061981108
vt 0.215599477 0.57432127
f 532/532 533/533 534/534
v -1.32773018 2.57971239 -0.0337617174
vt 0.622313857 0.92624408
v -1.31453049 2.5937655 0.026260417
vt 0.621999025 0.914985776
v -1.36144304 2.53642678 0.0605994202
vt 0.636389315 0.91332221
f 535/535 536/536 537/537
v -1.36144304 2.53642678 0.0605994202
vt 0.636389315 0.91332221
v -1.37630892 2.51563525 -0.0190533511
vt 0.637037218 0.928625286
v -1.32773018 2.57971239 -0.0337617174
vt 0.622313857 0.92624408
f 538/538 539/539 540/540
v -1.39978874 2.62986708 0.0374282114
vt 0.563605666 0.927743971
v -1.41299224 2.61580634 -0.0226244014
vt 0.552446723 0.927936852
v -1.44599521 2.53970575 -0.00547521934
vt 0.550587237 0.913023233
f 541/541 542/542 543/543
v -1.44599521 2.53970575 -0.00547521934
vt 0.550587237 0.913023233
v -1.43112683 2.56050348 0.0742029548
vt 0.565233946 0.912951112
v -1.39978874 2.62986708 0.0374282114
vt 0.563605666 0.927743971
f 544/544 545/545 546/546
v -1.34677529 2.52833843 0.094021529
vt 0.195969433 0.50781858
v -1.33979833 2.43137145 0.162928119
vt 0.194307908 0.487526625
v -1.34637403 2.44256711 0.179988414
vt 0.197954282 0.48718062
f 547/547 548/548 549/549
v -1.34637403 2.44256711 0.179988414
vt 0.197954282 0.48718062
v -1.37048757 2.54835129 0.133087218
vt 0.204349801 0.506322861
v -1.34677529 2.52833843 0.094021529
vt 0.195969433 0.50781858
f 550/550 551/551 552/552
v -1.36144304 2.53642678 0.0605994202
vt 0.236859947 0.565111578
v -1.31453049 2.5937655 0.026260417
vt 0.225797847 0.575894773
v -1.30392528 2.55362296 0.105085194
vt 0.22330749 0.560172737
f 553/553 554/554 555/555
v -1.30392528 2.55362296 0.105085194
vt 0.22330749 0.560172737
v -1.34677529 2.52833843 0.094021529
vt 0.233242467 0.558967948
v -1.36144304 2.53642678 0.0605994202
vt 0.236859947 0.565111578
f 556/556 557/557 558/558
v -1.38884699 2.55887151 0.1072644
vt 0.204104722 0.512014449
v -1.36144304 2.53642678 0.0605994202
vt 0.194307908 0.513970673
v -1.34677529 2.52833843 0.094021529
vt 0.195969433 0.50781858
f 559/559 560/560 561/561
v -1.34677529 2.52833843 0.094021529
vt 0.195969433 0.50781858
v -1.37048757 2.54835129 0.133087218
vt 0.204349801 0.506322861
v -1.38884699 2.55887151 0.1072644
vt 0.204104722 0.512014449
f 562/562 563/563 564/564
v -1.38884699 2.55887151 0.1072644
vt 0.57477504 0.913963675
v -1.37048757 2.54835129 0.133087218
vt 0.580443859 0.912148833
v -1.3276031 2.57371068 0.144417569
vt 0.587065876 0.918444812
f 565/565 566/566 567/567
v -1.3276031 2.57371068 0.144417569
vt 0.587065876 0.918444812
v -1.35054195 2.6188798 0.061981108
vt 0.573613763 0.928862512
v -1.38884699 2.55887151 0.1072644
vt 0.57477504 0.913963675
f 568/568 569/569 570/570
v -1.31851172 2.43038726 0.172742173
vt 0.229423046 0.540696383
v -1.32540357 2.44114113 0.189815149
vt 0.226894855 0.538483202
v -1.34637403 2.44256711 0.179988414
vt 0.231030524 0.536157072
f 571/571 572/572 573/573
v -1.34637403 2.44256711 0.179988414
vt 0.231030524 0.536157072
v -1.33979833 2.43137145 0.162928119
vt 0.232700154 0.540201783
v -1.31851172 2.43038726 0.172742173
vt 0.229423046 0.540696383
f 574/574 575/575 576/576
v -1.34677529 2.52833843 0.094021529
vt 0.233242467 0.558967948
v -1.30392528 2.55362296 0.105085194
vt 0.22330749 0.560172737
v -1.31851172 2.43038726 0.172742173
vt 0.229423046 0.540696383
f 577/577 578/578 579/579
v -1.31851172 2.43038726 0.172742173
vt 0.229423046 0.540696383
v -1.33979833 2.43137145 0.162928119
vt 0.232700154 0.540201783
v -1.34677529 2.52833843 0.094021529
vt 0.233242467 0.558967948
f 580/580 581/581 582/582
v -1.37048757 2.54835129 0.133087218
vt 0.580443859 0.912148833
v -1.34637403 2.44256711 0.179988414
vt 0.591923535 0.89446038
v -1.32540357 2.44114113 0.189815149
vt 0.596020222 0.895073712
f 583/583 584/584 585/585
v -1.32540357 2.44114113 0.189815149
vt 0.596020222 0.895073712
v -1.3276031 2.57371068 0.144417569
vt 0.587065876 0.918444812
v -1.37048757 2.54835129 0.133087218
vt 0.580443859 0.912148833
f 586/586 587/587 588/588
v -1.30392528 2.55362296 0.105085194
vt 0.22330749 0.560172737
v -1.3276031 2.57371068 0.144417569
vt 0.215599477 0.557351589
v -1.32540357 2.44114113 0.189815149
vt 0.226894855 0.538483202
f 589/589 590/590 591/591
v -1.32540357 2.44114113 0.189815149
vt 0.226894855 0.538483202
v -1.31851172 2.43038726 0.172742173
vt 0.229423046 0.540696383
v -1.30392528 2.55362296 0.105085194
vt 0.22330749 0.560172737
f 592/592 593/593 594/594
v -1.41078508 2.44090867 0.120781571
vt 0.658337653 0.906761765
v -1.43224061 2.45635223 0.156987369
vt 0.657575548 0.899330616
v -1.41886055 2.39756465 0.131278843
vt 0.665552557 0.906037092
f 595/595 596/596 597/597
v -1.4706713 2.40819645 0.153441712
vt 0.56976521 0.883825183
v -1.4638505 2.45458841 0.143058747
vt 0.569973171 0.89171207
v -1.49126077 2.37487459 0.0219147019
vt 0.546676159 0.883951902
f 598/598 599/599 600/600
v -1.4638505 2.45458841 0.143058747
vt 0.569973171 0.89171207
v -1.48528063 2.41885495 0.00595163926
vt 0.546350241 0.891814172
v -1.49126077 2.37487459 0.0219147019
vt 0.546676159 0.883951902
f 601/601 602/602 603/603
v -1.48831451 2.37732697 0.0384187587
vt 0.549520433 0.883546591
v -1.48171723 2.38658214 0.0828715116
vt 0.557256699 0.883042812
v -1.49126077 2.37487459 0.0219147019
vt 0.546676159 0.883951902
f 604/604 605/605 606/606
v -1.48171723 2.38658214 0.0828715116
vt 0.557256699 0.883042812
v -1.47512627 2.39891458 0.126455635
vt 0.564937413 0.883282602
v -1.49126077 2.37487459 0.0219147019
vt 0.546676159 0.883951902
f 607/607 608/608 609/609
v -1.47512627 2.39891458 0.126455635
vt 0.564937413 0.883282602
v -1.4706713 2.40819645 0.153441712
vt 0.56976521 0.883825183
v -1.49126077 2.37487459 0.0219147019
vt 0.546676159 0.883951902
f 610/610 611/611 612/612
v -1.43945503 2.36725378 -0.0010990313
vt 0.666003108 0.934021413
v -1.43222153 2.40757036 -0.0170036778
vt 0.658838689 0.934313416
v -1.42839146 2.38027072 0.0718992874
vt 0.670414031 0.918473959
f 613/613 614/614 615/615
v -1.43222153 2.40757036 -0.0170036778
vt 0.658838689 0.934313416
v -1.41078508 2.44090867 0.120781571
vt 0.658337653 0.906761765
v -1.42839146 2.38027072 0.0718992874
vt 0.670414031 0.918473959
f 616/616 617/617 618/618
v -1.41078508 2.44090867 0.120781571
vt 0.658337653 0.906761765
v -1.41886055 2.39756465 0.131278843
vt 0.665552557 0.906037092
v -1.42180049 2.39245057 0.115526587
vt 0.665995121 0.908605337
f 619/619 620/620 621/621
v -1.41078508 2.44090867 0.120781571
vt 0.658337653 0.906761765
v -1.42180049 2.39245057 0.115526587
vt 0.665995121 0.908605337
v -1.42839146 2.38027072 0.0718992874
vt 0.670414031 0.918473959
f 622/622 623/623 624/624
v -1.43499005 2.37124133 0.0273805
vt 0.666664064 0.929498196
v -1.43945503 2.36725378 -0.0010990313
vt 0.666003108 0.934021413
v -1.42839146 2.38027072 0.0718992874
vt 0.670414031 0.918473959
f 625/625 626/626 627/627
v -1.48528063 2.41885495 0.00595163926
vt 0.546350241 0.891814172
v -1.46383405 2.40884542 -0.0317628421
vt 0.538693428 0.892708004
v -1.49126077 2.37487459 0.0219147019
vt 0.546676159 0.883951902
f 628/628 629/629 630/630
v -1.43224061 2.45635223 0.156987369
vt 0.575881183 0.892278075
v -1.4638505 2.45458841 0.143058747
vt 0.569973171 0.89171207
v -1.4706713 2.40819645 0.153441712
vt 0.56976521 0.883825183
f 631/631 632/632 633/633
v -1.46383405 2.40884542 -0.0317628421
vt 0.659096658 0.940123558
v -1.43222153 2.40757036 -0.0170036778
vt 0.658838689 0.934313416
v -1.43945503 2.36725378 -0.0010990313
vt 0.666003108 0.934021413
f 634/634 635/635 636/636
v -1.45740175 2.44617009 -0.0475201793
vt 0.652326226 0.941247463
v -1.4249804 2.44460297 -0.0319812708
vt 0.651596844 0.935028017
v -1.46383405 2.40884542 -0.0317628421
vt 0.659096658 0.940123558
f 637/637 638/638 639/639
v -1.42460322 2.49759722 0.14872773
vt 0.575759649 0.899734378
v -1.45702076 2.4975071 0.133658692
vt 0.570034206 0.898768902
v -1.43224061 2.45635223 0.156987369
vt 0.575881183 0.892278075
f 640/640 641/641 642/642
v -1.47929418 2.45928073 -0.00900563598
vt 0.546062827 0.899142265
v -1.46383405 2.40884542 -0.0317628421
vt 0.538693428 0.892708004
v -1.48528063 2.41885495 0.00595163926
vt 0.546350241 0.891814172
f 643/643 644/644 645/645
v -1.40270317 2.48122144 0.111140236
vt 0.650595486 0.906987429
v -1.41078508 2.44090867 0.120781571
vt 0.658337653 0.906761765
v -1.43222153 2.40757036 -0.0170036778
vt 0.658838689 0.934313416
f 646/646 647/647 648/648
v -1.43222153 2.40757036 -0.0170036778
vt 0.658838689 0.934313416
v -1.4249804 2.44460297 -0.0319812708
vt 0.651596844 0.935028017
v -1.40270317 2.48122144 0.111140236
vt 0.650595486 0.906987429
f 649/649 650/650 651/651
v -1.45702076 2.4975071 0.133658692
vt 0.570034206 0.898768902
v -1.47929418 2.45928073 -0.00900563598
vt 0.546062827 0.899142265
v -1.48528063 2.41885495 0.00595163926
vt 0.546350241 0.891814172
f 652/652 653/653 654/654
v -1.48528063 2.41885495 0.00595163926
vt 0.546350241 0.891814172
v -1.4638505 2.45458841 0.143058747
vt 0.569973171 0.89171207
v -1.45702076 2.4975071 0.133658692
vt 0.570034206 0.898768902
f 655/655 656/656 657/657
v -1.40270317 2.48122144 0.111140236
vt 0.650595486 0.906987429
v -1.43224061 2.45635223 0.156987369
vt 0.657575548 0.899330616
v -1.41078508 2.44090867 0.120781571
vt 0.658337653 0.906761765
f 658/658 659/659 660/660
v -1.43224061 2.45635223 0.156987369
vt 0.575881183 0.892278075
v -1.45702076 2.4975071 0.133658692
vt 0.570034206 0.898768902
v -1.4638505 2.45458841 0.143058747
vt 0.569973171 0.89171207
f 661/661 662/662 663/663
v -1.4706713 2.40819645 0.153441712
vt 0.56976521 0.883825183
v -1.43987036 2.41165328 0.166222334
vt 0.575370193 0.88435024
v -1.43224061 2.45635223 0.156987369
vt 0.575881183 0.892278075
f 664/664 665/665 666/666
v -1.43224061 2.45635223 0.156987369
vt 0.657575548 0.899330616
v -1.40270317 2.48122144 0.111140236
vt 0.650595486 0.906987429
v -1.42460322 2.49759722 0.14872773
vt 0.650519192 0.898807287
f 667/667 668/668 669/669
v -1.41886055 2.39756465 0.131278843
vt 0.665552557 0.906037092
v -1.43224061 2.45635223 0.156987369
vt 0.657575548 0.899330616
v -1.43987036 2.41165328 0.166222334
vt 0.664822698 0.899226189
f 670/670 671/671 672/672
v -1.46383405 2.40884542 -0.0317628421
vt 0.659096658 0.940123558
v -1.4249804 2.44460297 -0.0319812708
vt 0.651596844 0.935028017
v -1.43222153 2.40757036 -0.0170036778
vt 0.658838689 0.934313416
f 673/673 674/674 675/675
v -1.43945503 2.36725378 -0.0010990313
vt 0.666003108 0.934021413
v -1.47025859 2.36794472 -0.0149946436
vt 0.66617018 0.939456105
v -1.46383405 2.40884542 -0.0317628421
vt 0.659096658 0.940123558
f 676/676 677/677 678/678
v -1.49126077 2.37487459 0.0219147019
vt 0.546676159 0.883951902
v -1.46383405 2.40884542 -0.0317628421
vt 0.538693428 0.892708004
v -1.47025859 2.36794472 -0.0149946436
vt 0.539422572 0.884998918
f 679/679 680/680 681/681
v -1.46383405 2.40884542 -0.0317628421
vt 0.538693428 0.892708004
v -1.47929418 2.45928073 -0.00900563598
vt 0.546062827 0.899142265
v -1.45740175 2.44617009 -0.0475201793
vt 0.538323104 0.900001109
f 682/682 683/683 684/684
v -0.171871677 3.70559216 0.127801761
vt 0.571057796 0.55649972
v -0.266480446 3.62073278 -0.110960975
vt 0.531641245 0.544345081
v -0.153434783 3.5973177 0.12447454
vt 0.57296586 0.538348258
f 685/685 686/686 687/687
v -0.299613655 3.90420723 -0.0708717108
vt 0.534089148 0.591695726
v -0.171871677 3.70559216 0.127801761
vt 0.571057796 0.55649972
v -0.197914839 3.83215261 0.123001412
vt 0.568496168 0.577423215
f 688/688 689/689 690/690
v -0.205018222 2.58175063 0.164546013
vt 0.0986763015 0.129218429
v -0.307687879 2.64527917 0.0428076498
vt 0.0790030211 0.108804785
v -0.368140519 2.37356663 0.0383578055
vt 0.11490076 0.0849244967
f 691/691 692/692 693/693
v -0.368140519 2.37356663 0.0383578055
vt 0.11490076 0.0849244967
v -0.241813898 2.30112839 0.154729426
vt 0.134000167 0.105383366
v -0.205018222 2.58175063 0.164546013
vt 0.0986763015 0.129218429
f 694/694 695/695 696/696
v 0.0509089455 2.53715301 -0.120802954
vt 0.158940926 0.186083809
v 0.0509089455 2.56591082 0.0255543329
vt 0.128136918 0.186083794
v 0.00350169325 2.56127548 0.0245028324
vt 0.129109368 0.174755707
f 697/697 698/698 699/699
v 0.00350169325 2.56127548 0.0245028324
vt 0.129109368 0.174755707
v 0.00290291989 2.52938747 -0.119383171
vt 0.159620211 0.178035378
v 0.0509089455 2.53715301 -0.120802954
vt 0.158940926 0.186083809
f 700/700 701/701 702/702
v -0.0768133402 2.49317408 0.130626097
vt 0.123420358 0.143551871
v -0.102650136 2.21357799 0.126684219
vt 0.155175567 0.119836174
v -0.024726389 2.21826148 0.000628080394
vt 0.17613408 0.13478072
f 703/703 704/704 705/705
v -0.024726389 2.21826148 0.000628080394
vt 0.17613408 0.13478072
v -0.00358643895 2.46061683 -0.101764113
vt 0.162121505 0.166919068
v -0.0768133402 2.49317408 0.130626097
vt 0.123420358 0.143551871
f 706/706 707/707 708/708
v -0.346798033 2.70297217 -0.17493768
vt 0.404705703 0.220129058
v -0.271450967 2.66975951 -0.300940484
vt 0.390886098 0.242474481
v -0.324325293 2.39036012 -0.207150817
vt 0.349315673 0.212549701
f 709/709 710/710 711/711
v -0.324325293 2.39036012 -0.207150817
vt 0.349315673 0.212549701
v -0.403214812 2.40676022 -0.114476144
vt 0.360896498 0.193837047
v -0.346798033 2.70297217 -0.17493768
vt 0.404705703 0.220129058
f 712/712 713/713 714/714
v -0.134710252 2.5885942 -0.335662991
vt 0.369986027 0.263380885
v -0.179775745 2.33602476 -0.238835648
vt 0.329458922 0.233608902
v -0.324325293 2.39036012 -0.207150817
vt 0.349315673 0.212549701
f 715/715 716/716 717/717
v -0.324325293 2.39036012 -0.207150817
vt 0.349315673 0.212549701
v -0.271450967 2.66975951 -0.300940484
vt 0.390886098 0.242474481
v -0.134710252 2.5885942 -0.335662991
vt 0.369986027 0.263380885
f 718/718 719/719 720/720
v 0.00290291989 2.52938747 -0.119383171
vt 0.312916517 0.290486455
v -0.00358643895 2.46061683 -0.101764113
vt 0.307150036 0.279935837
v -0.0274573769 2.50491834 -0.256203264
vt 0.338841528 0.277983278
f 721/721 722/722 723/723
v -0.0274573769 2.50491834 -0.256203264
vt 0.338841528 0.277983278
v 0.0124261519 2.54366398 -0.285261899
vt 0.347524047 0.290560812
v 0.00290291989 2.52938747 -0.119383171
vt 0.312916517 0.290486455
f 724/724 725/725 726/726
v -0.0494615175 2.67860723 -0.389475167
vt 0.38528195 0.282469392
v -0.134710252 2.5885942 -0.335662991
vt 0.369986027 0.263380885
v -0.271450967 2.66975951 -0.300940484
vt 0.390886098 0.242474481
f 727/727 728/728 729/729
v -0.271450967 2.66975951 -0.300940484
vt 0.390886098 0.242474481
v -0.208747357 2.90856671 -0.349078566
vt 0.423333347 0.262217611
v -0.0494615175 2.67860723 -0.389475167
vt 0.38528195 0.282469392
f 730/730 731/731 732/732
v -0.317405432 2.83795071 -0.12431813
vt 0.0398026966 0.0992032737
v -0.346798033 2.70297217 -0.17493768
vt 0.0564679727 0.0815952197
v -0.307687879 2.64527917 0.0428076498
vt 0.0790030211 0.108804785
f 733/733 734/734 735/735
v -0.307687879 2.64527917 0.0428076498
vt 0.0790030211 0.108804785
v -0.208765149 2.77120686 0.131372809
vt 0.0639941543 0.13734141
v -0.317405432 2.83795071 -0.12431813
vt 0.0398026966 0.0992032737
f 736/736 737/737 738/738
v -0.317405432 2.83795071 -0.12431813
vt 0.429967493 0.223067537
v -0.208747357 2.90856671 -0.349078566
vt 0.423333347 0.262217611
v -0.271450967 2.66975951 -0.300940484
vt 0.390886098 0.242474481
f 739/739 740/740 741/741
v -0.271450967 2.66975951 -0.300940484
vt 0.390886098 0.242474481
v -0.346798033 2.70297217 -0.17493768
vt 0.404705703 0.220129058
v -0.317405432 2.83795071 -0.12431813
vt 0.429967493 0.223067537
f 742/742 743/743 744/744
v -0.179775745 2.33602476 -0.238835648
vt 0.329458922 0.233608902
v -0.259871095 1.91132867 -0.114196762
vt 0.284958124 0.199090749
v -0.365413994 1.94965017 -0.0851000473
vt 0.297056735 0.184425458
f 745/745 746/746 747/747
v -0.365413994 1.94965017 -0.0851000473
vt 0.297056735 0.184425458
v -0.324325293 2.39036012 -0.207150817
vt 0.349315673 0.212549701
v -0.179775745 2.33602476 -0.238835648
vt 0.329458922 0.233608902
f 748/748 749/749 750/750
v -0.024726389 2.21826148 0.000628080394
vt 0.280765682 0.259223044
v -0.140670687 1.85338151 0.0693314821
vt 0.25601542 0.226208195
v -0.166779876 1.88411772 -0.0506696142
vt 0.271243811 0.212647662
f 751/751 752/752 753/753
v -0.166779876 1.88411772 -0.0506696142
vt 0.271243811 0.212647662
v -0.0579884835 2.24868011 -0.152053475
vt 0.30405134 0.247256622
v -0.024726389 2.21826148 0.000628080394
vt 0.280765682 0.259223044
f 754/754 755/755 756/756
v -0.368140519 2.37356663 0.0383578055
vt 0.11490076 0.0849244967
v -0.403214812 2.40676022 -0.114476144
vt 0.101541996 0.0644282177
v -0.421067536 1.9400152 0.0197888352
vt 0.156512901 0.0447093025
f 757/757 758/758 759/759
v -0.421067536 1.9400152 0.0197888352
vt 0.156512901 0.0447093025
v -0.393718272 1.91599691 0.139838189
vt 0.166133493 0.0622745827
v -0.368140519 2.37356663 0.0383578055
vt 0.11490076 0.0849244967
f 760/760 761/761 762/762
v -0.102650136 2.21357799 0.126684219
vt 0.155175567 0.119836174
v -0.241813898 2.30112839 0.154729426
vt 0.134000167 0.105383366
v -0.299788892 1.88951874 0.202577978
vt 0.177298024 0.0771382451
f 763/763 764/764 765/765
v -0.299788892 1.88951874 0.202577978
vt 0.177298024 0.0771382451
v -0.197223365 1.85290158 0.1751398
vt 0.190553069 0.090043433
v -0.102650136 2.21357799 0.126684219
vt 0.155175567 0.119836174
f 766/766 767/767 768/768
v -0.0274573769 2.50491834 -0.256203264
vt 0.338841528 0.277983278
v -0.0579884835 2.24868011 -0.152053475
vt 0.30405134 0.247256622
v -0.179775745 2.33602476 -0.238835648
vt 0.329458922 0.233608902
f 769/769 770/770 771/771
v -0.179775745 2.33602476 -0.238835648
vt 0.329458922 0.233608902
v -0.134710252 2.5885942 -0.335662991
vt 0.369986027 0.263380885
v -0.0274573769 2.50491834 -0.256203264
vt 0.338841528 0.277983278
f 772/772 773/773 774/774
v -0.0768133402 2.49317408 0.130626097
vt 0.123420358 0.143551871
v -0.205018222 2.58175063 0.164546013
vt 0.0986763015 0.129218429
v -0.241813898 2.30112839 0.154729426
vt 0.134000167 0.105383366
f 775/775 776/776 777/777
v -0.241813898 2.30112839 0.154729426
vt 0.134000167 0.105383366
v -0.102650136 2.21357799 0.126684219
vt 0.155175567 0.119836174
v -0.0768133402 2.49317408 0.130626097
vt 0.123420358 0.143551871
f 778/778 779/779 780/780
v -0.307687879 2.64527917 0.0428076498
vt 0.0790030211 0.108804785
v -0.346798033 2.70297217 -0.17493768
vt 0.0564679727 0.0815952197
v -0.403214812 2.40676022 -0.114476144
vt 0.101541996 0.0644282177
f 781/781 782/782 783/783
v -0.403214812 2.40676022 -0.114476144
vt 0.101541996 0.0644282177
v -0.368140519 2.37356663 0.0383578055
vt 0.11490076 0.0849244967
v -0.307687879 2.64527917 0.0428076498
vt 0.0790030211 0.108804785
f 784/784 785/785 786/786
v -0.00358643895 2.46061683 -0.101764113
vt 0.307150036 0.279935837
v -0.024726389 2.21826148 0.000628080394
vt 0.280765682 0.259223044
v -0.0579884835 2.24868011 -0.152053475
vt 0.30405134 0.247256622
f 787/787 788/788 789/789
v -0.0579884835 2.24868011 -0.152053475
vt 0.30405134 0.247256622
v -0.0274573769 2.50491834 -0.256203264
vt 0.338841528 0.277983278
v -0.00358643895 2.46061683 -0.101764113
vt 0.307150036 0.279935837
f 790/790 791/791 792/792
v -0.197223365 1.85290158 0.1751398
vt 0.190553069 0.090043433
v -0.299788892 1.88951874 0.202577978
vt 0.177298024 0.0771382451
v -0.326636553 1.6132232 0.201074392
vt 0.214671224 0.0538050458
f 793/793 794/794 795/795
v -0.326636553 1.6132232 0.201074392
vt 0.214671224 0.0538050458
v -0.240343958 1.61078358 0.176661178
vt 0.224204913 0.0657083765
v -0.197223365 1.85290158 0.1751398
vt 0.190553069 0.090043433
f 796/796 797/797 798/798
v -0.166779876 1.88411772 -0.0506696142
vt 0.271243811 0.212647662
v -0.218812227 1.62248611 0.00247456157
vt 0.237748832 0.185955331
v -0.296565801 1.63052607 -0.0442386679
vt 0.247773901 0.173964068
f 799/799 800/800 801/801
v -0.296565801 1.63052607 -0.0442386679
vt 0.247773901 0.173964068
v -0.259871095 1.91132867 -0.114196762
vt 0.284958124 0.199090749
v -0.166779876 1.88411772 -0.0506696142
vt 0.271243811 0.212647662
f 802/802 803/803 804/804
v -0.299788892 1.88951874 0.202577978
vt 0.177298024 0.0771382451
v -0.393718272 1.91599691 0.139838189
vt 0.166133493 0.0622745827
v -0.404268861 1.6192807 0.154226542
vt 0.205797419 0.0409729369
f 805/805 806/806 807/807
v -0.404268861 1.6192807 0.154226542
vt 0.205797419 0.0409729369
v -0.326636553 1.6132232 0.201074392
vt 0.214671224 0.0538050458
v -0.299788892 1.88951874 0.202577978
vt 0.177298024 0.0771382451
f 808/808 809/809 810/810
v -0.197223365 1.85290158 0.1751398
vt 0.190553069 0.090043433
v -0.240343958 1.61078358 0.176661178
vt 0.224204913 0.0657083765
v -0.195129871 1.61391532 0.0942679048
vt 0.234432906 0.0775037333
f 811/811 812/812 813/813
v -0.195129871 1.61391532 0.0942679048
vt 0.234432906 0.0775037333
v -0.140670687 1.85338151 0.0693314821
vt 0.204295188 0.104385644
v -0.197223365 1.85290158 0.1751398
vt 0.190553069 0.090043433
f 814/814 815/815 816/816
v -0.403214812 2.40676022 -0.114476144
vt 0.360896498 0.193837047
v -0.324325293 2.39036012 -0.207150817
vt 0.349315673 0.212549701
v -0.365413994 1.94965017 -0.0851000473
vt 0.297056735 0.184425458
f 817/817 818/818 819/819
v -0.365413994 1.94965017 -0.0851000473
vt 0.297056735 0.184425458
v -0.421067536 1.9400152 0.0197888352
vt 0.306884855 0.166854113
v -0.403214812 2.40676022 -0.114476144
vt 0.360896498 0.193837047
f 820/820 821/821 822/822
v -0.102650136 2.21357799 0.126684219
vt 0.155175567 0.119836174
v -0.197223365 1.85290158 0.1751398
vt 0.190553069 0.090043433
v -0.140670687 1.85338151 0.0693314821
vt 0.204295188 0.104385644
f 823/823 824/824 825/825
v -0.140670687 1.85338151 0.0693314821
vt 0.204295188 0.104385644
v -0.024726389 2.21826148 0.000628080394
vt 0.17613408 0.13478072
v -0.102650136 2.21357799 0.126684219
vt 0.155175567 0.119836174
f 826/826 827/827 828/828
v -0.241813898 2.30112839 0.154729426
vt 0.134000167 0.105383366
v -0.368140519 2.37356663 0.0383578055
vt 0.11490076 0.0849244967
v -0.393718272 1.91599691 0.139838189
vt 0.166133493 0.0622745827
f 829/829 830/830 831/831
v -0.393718272 1.91599691 0.139838189
vt 0.166133493 0.0622745827
v -0.299788892 1.88951874 0.202577978
vt 0.177298024 0.0771382451
v -0.241813898 2.30112839 0.154729426
vt 0.134000167 0.105383366
f 832/832 833/833 834/834
v -0.0579884835 2.24868011 -0.152053475
vt 0.30405134 0.247256622
v -0.166779876 1.88411772 -0.0506696142
vt 0.271243811 0.212647662
v -0.259871095 1.91132867 -0.114196762
vt 0.284958124 0.199090749
f 835/835 836/836 837/837
v -0.259871095 1.91132867 -0.114196762
vt 0.284958124 0.199090749
v -0.179775745 2.33602476 -0.238835648
vt 0.329458922 0.233608902
v -0.0579884835 2.24868011 -0.152053475
vt 0.30405134 0.247256622
f 838/838 839/839 840/840
v -0.296565801 1.63052607 -0.0442386679
vt 0.247773901 0.173964068
v -0.228892952 1.46035242 -0.0163433105
vt 0.218096152 0.168071359
v -0.30154267 1.45985579 -0.0661170855
vt 0.225960627 0.156305119
f 841/841 842/842 843/843
v -0.326636553 1.6132232 0.201074392
vt 0.214671224 0.0538050458
v -0.402885914 1.46327579 0.14123258
vt 0.226288542 0.0274791569
v -0.330253333 1.4652276 0.191519409
vt 0.233802736 0.0396423787
f 844/844 845/845 846/846
v -0.195129871 1.61391532 0.0942679048
vt 0.234432906 0.0775037333
v -0.240343958 1.61078358 0.176661178
vt 0.224204913 0.0657083765
v -0.20702979 1.46230304 0.0801208466
vt 0.253115058 0.0615969412
f 847/847 848/848 849/849
v -0.427790582 1.62686348 0.0624966957
vt 0.265889287 0.148266137
v -0.382678717 1.6321553 -0.0197467338
vt 0.257202983 0.161537394
v -0.424227148 1.46072316 0.0446617566
vt 0.244718835 0.134532571
f 850/850 851/851 852/852
v -0.393718272 1.91599691 0.139838189
vt 0.166133493 0.0622745827
v -0.421067536 1.9400152 0.0197888352
vt 0.156512901 0.0447093025
v -0.427790582 1.62686348 0.0624966957
vt 0.197876245 0.02724557
f 853/853 854/854 855/855
v -0.427790582 1.62686348 0.0624966957
vt 0.197876245 0.02724557
v -0.404268861 1.6192807 0.154226542
vt 0.205797419 0.0409729369
v -0.393718272 1.91599691 0.139838189
vt 0.166133493 0.0622745827
f 856/856 857/857 858/858
v -0.140670687 1.85338151 0.0693314821
vt 0.25601542 0.226208195
v -0.195129871 1.61391532 0.0942679048
vt 0.227223411 0.197823331
v -0.218812227 1.62248611 0.00247456157
vt 0.237748832 0.185955331
f 859/859 860/860 861/861
v -0.218812227 1.62248611 0.00247456157
vt 0.237748832 0.185955331
v -0.166779876 1.88411772 -0.0506696142
vt 0.271243811 0.212647662
v -0.140670687 1.85338151 0.0693314821
vt 0.25601542 0.226208195
f 862/862 863/863 864/864
v -0.259871095 1.91132867 -0.114196762
vt 0.284958124 0.199090749
v -0.296565801 1.63052607 -0.0442386679
vt 0.247773901 0.173964068
v -0.382678717 1.6321553 -0.0197467338
vt 0.257202983 0.161537394
f 865/865 866/866 867/867
v -0.382678717 1.6321553 -0.0197467338
vt 0.257202983 0.161537394
v -0.365413994 1.94965017 -0.0851000473
vt 0.297056735 0.184425458
v -0.259871095 1.91132867 -0.114196762
vt 0.284958124 0.199090749
f 868/868 869/869 870/870
v -0.421067536 1.9400152 0.0197888352
vt 0.306884855 0.166854113
v -0.365413994 1.94965017 -0.0851000473
vt 0.297056735 0.184425458
v -0.382678717 1.6321553 -0.0197467338
vt 0.257202983 0.161537394
f 871/871 872/872 873/873
v -0.382678717 1.6321553 -0.0197467338
vt 0.257202983 0.161537394
v -0.427790582 1.62686348 0.0624966957
vt 0.265889287 0.148266137
v -0.421067536 1.9400152 0.0197888352
vt 0.306884855 0.166854113
f 874/874 875/875 876/876
v -0.20702979 1.46230304 0.0801208466
vt 0.0198666863 0.780244529
v -0.268203735 1.26774406 0.0962032825
vt 0.0494886041 0.76381588
v -0.227240145 1.26563227 0.0296613015
vt 0.0521664955 0.777812958
f 877/877 878/878 879/879
v -0.424227148 1.46072316 0.0446617566
vt 0.721416593 0.19589515
v -0.395728558 1.28050315 -0.0646439642
vt 0.704437554 0.163787112
v -0.43668139 1.2816664 0.00213168212
vt 0.718487263 0.165477142
f 880/880 881/881 882/882
v -0.381841838 1.45995998 -0.0410943143
vt 0.704546809 0.193933874
v -0.30154267 1.45985579 -0.0661170855
vt 0.689663351 0.194457382
v -0.31748414 1.27488112 -0.0839469507
vt 0.689728022 0.163432971
f 883/883 884/884 885/885
v -0.31748414 1.27488112 -0.0839469507
vt 0.689728022 0.163432971
v -0.395728558 1.28050315 -0.0646439642
vt 0.704437554 0.163787112
v -0.381841838 1.45995998 -0.0410943143
vt 0.704546809 0.193933874
f 886/886 887/887 888/888
v -0.228892952 1.46035242 -0.0163433105
vt 0.674330533 0.196706563
v -0.20702979 1.46230304 0.0801208466
vt 0.657076597 0.199705437
v -0.227240145 1.26563227 0.0296613015
vt 0.661713421 0.166619644
f 889/889 890/890 891/891
v -0.227240145 1.26563227 0.0296613015
vt 0.661713421 0.166619644
v -0.247669548 1.26874352 -0.0449066535
vt 0.675253332 0.16456607
v -0.228892952 1.46035242 -0.0163433105
vt 0.674330533 0.196706563
f 892/892 893/893 894/894
v -0.326636553 1.6132232 0.201074392
vt 0.214671224 0.0538050458
v -0.330253333 1.4652276 0.191519409
vt 0.233802736 0.0396423787
v -0.249391586 1.46484292 0.166367099
vt 0.2422086 0.0504455864
f 895/895 896/896 897/897
v -0.249391586 1.46484292 0.166367099
vt 0.2422086 0.0504455864
v -0.240343958 1.61078358 0.176661178
vt 0.224204913 0.0657083765
v -0.326636553 1.6132232 0.201074392
vt 0.214671224 0.0538050458
f 898/898 899/899 900/900
v -0.427790582 1.62686348 0.0624966957
vt 0.197876245 0.02724557
v -0.424227148 1.46072316 0.0446617566
vt 0.219157562 0.0130073801
v -0.402885914 1.46327579 0.14123258
vt 0.226288542 0.0274791569
f 901/901 902/902 903/903
v -0.402885914 1.46327579 0.14123258
vt 0.226288542 0.0274791569
v -0.404268861 1.6192807 0.154226542
vt 0.205797419 0.0409729369
v -0.427790582 1.62686348 0.0624966957
vt 0.197876245 0.02724557
f 904/904 905/905 906/906
v -0.218812227 1.62248611 0.00247456157
vt 0.237748832 0.185955331
v -0.195129871 1.61391532 0.0942679048
vt 0.227223411 0.197823331
v -0.20702979 1.46230304 0.0801208466
vt 0.209086671 0.18130976
f 907/907 908/908 909/909
v -0.20702979 1.46230304 0.0801208466
vt 0.209086671 0.18130976
v -0.228892952 1.46035242 -0.0163433105
vt 0.218096152 0.168071359
v -0.218812227 1.62248611 0.00247456157
vt 0.237748832 0.185955331
f 910/910 911/911 912/912
v -0.296565801 1.63052607 -0.0442386679
vt 0.247773901 0.173964068
v -0.30154267 1.45985579 -0.0661170855
vt 0.225960627 0.156305119
v -0.381841838 1.45995998 -0.0410943143
vt 0.234559715 0.14583756
f 913/913 914/914 915/915
v -0.381841838 1.45995998 -0.0410943143
vt 0.234559715 0.14583756
v -0.382678717 1.6321553 -0.0197467338
vt 0.257202983 0.161537394
v -0.296565801 1.63052607 -0.0442386679
vt 0.247773901 0.173964068
f 916/916 917/917 918/918
v -0.247669548 1.26874352 -0.0449066535
vt 0.675253332 0.16456607
v -0.227240145 1.26563227 0.0296613015
vt 0.661713421 0.166619644
v -0.187095001 1.03787732 -0.0676968768
vt 0.657865107 0.122715287
f 919/919 920/920 921/921
v -0.187095001 1.03787732 -0.0676968768
vt 0.657865107 0.122715287
v -0.218616664 1.06800008 -0.147844926
vt 0.674615562 0.125647306
v -0.247669548 1.26874352 -0.0449066535
vt 0.675253332 0.16456607
f 922/922 923/923 924/924
v -0.43668139 1.2816664 0.00213168212
vt 0.0509445146 0.719859123
v -0.433402419 1.04472852 -0.101398371
vt 0.0974332541 0.715508699
v -0.402295381 1.01793683 -0.0228758492
vt 0.101180449 0.732109368
f 925/925 926/926 927/927
v -0.402295381 1.01793683 -0.0228758492
vt 0.101180449 0.732109368
v -0.415877342 1.27867568 0.0766488463
vt 0.0491100848 0.733728826
v -0.43668139 1.2816664 0.00213168212
vt 0.0509445146 0.719859123
f 928/928 929/929 930/930
v -0.268203735 1.26774406 0.0962032825
vt 0.0494886041 0.76381588
v -0.346185923 1.27337122 0.11550881
vt 0.048158817 0.748754859
v -0.316833943 1.00038123 0.0187830515
vt 0.10251563 0.748135388
f 931/931 932/932 933/933
v -0.316833943 1.00038123 0.0187830515
vt 0.10251563 0.748135388
v -0.227729052 1.00732648 -0.000319290761
vt 0.100119859 0.76401341
v -0.268203735 1.26774406 0.0962032825
vt 0.0494886041 0.76381588
f 934/934 935/935 936/936
v -0.31748414 1.27488112 -0.0839469507
vt 0.689728022 0.163432971
v -0.247669548 1.26874352 -0.0449066535
vt 0.675253332 0.16456607
v -0.218616664 1.06800008 -0.147844926
vt 0.674615562 0.125647306
f 937/937 938/938 939/939
v -0.218616664 1.06800008 -0.147844926
vt 0.674615562 0.125647306
v -0.303588539 1.08109057 -0.192201152
vt 0.69019264 0.125663772
v -0.31748414 1.27488112 -0.0839469507
vt 0.689728022 0.163432971
f 940/940 941/941 942/942
v -0.330253333 1.4652276 0.191519409
vt 0.0134339351 0.751077294
v -0.402885914 1.46327579 0.14123258
vt 0.0166782793 0.736726999
v -0.346185923 1.27337122 0.11550881
vt 0.048158817 0.748754859
f 943/943 944/944 945/945
v -0.30154267 1.45985579 -0.0661170855
vt 0.689663351 0.194457382
v -0.228892952 1.46035242 -0.0163433105
vt 0.674330533 0.196706563
v -0.31748414 1.27488112 -0.0839469507
vt 0.689728022 0.163432971
f 946/946 947/947 948/948
v -0.249391586 1.46484292 0.166367099
vt 0.0147645073 0.765134752
v -0.330253333 1.4652276 0.191519409
vt 0.0134339351 0.751077294
v -0.346185923 1.27337122 0.11550881
vt 0.048158817 0.748754859
f 949/949 950/950 951/951
v -0.346185923 1.27337122 0.11550881
vt 0.048158817 0.748754859
v -0.268203735 1.26774406 0.0962032825
vt 0.0494886041 0.76381588
v -0.249391586 1.46484292 0.166367099
vt 0.0147645073 0.765134752
f 952/952 953/953 954/954
v -0.424227148 1.46072316 0.0446617566
vt 0.0213751439 0.72079289
v -0.43668139 1.2816664 0.00213168212
vt 0.0509445146 0.719859123
v -0.415877342 1.27867568 0.0766488463
vt 0.0491100848 0.733728826
f 955/955 956/956 957/957
v -0.415877342 1.27867568 0.0766488463
vt 0.0491100848 0.733728826
v -0.402885914 1.46327579 0.14123258
vt 0.0166782793 0.736726999
v -0.424227148 1.46072316 0.0446617566
vt 0.0213751439 0.72079289
f 958/958 959/959 960/960
v -0.316833943 1.00038123 0.0187830515
vt 0.10251563 0.748135388
v -0.330600023 0.279227883 -0.0884094909
vt 0.196493894 0.752157271
v -0.28353247 0.276045442 -0.104687504
vt 0.196505576 0.760469675
f 961/961 962/962 963/963
v -0.28353247 0.276045442 -0.104687504
vt 0.196505576 0.760469675
v -0.227729052 1.00732648 -0.000319290761
vt 0.100119859 0.76401341
v -0.316833943 1.00038123 0.0187830515
vt 0.10251563 0.748135388
f 964/964 965/965 966/966
v -0.218616664 1.06800008 -0.147844926
vt 0.674615562 0.125647306
v -0.261419773 0.264433175 -0.223751381
vt 0.66872859 0.0165016931
v -0.310451269 0.265666276 -0.258682191
vt 0.67915225 0.0158245433
f 967/967 968/968 969/969
v -0.310451269 0.265666276 -0.258682191
vt 0.67915225 0.0158245433
v -0.303588539 1.08109057 -0.192201152
vt 0.69019264 0.125663772
v -0.218616664 1.06800008 -0.147844926
vt 0.674615562 0.125647306
f 970/970 971/971 972/972
v -0.316833943 1.00038123 0.0187830515
vt 0.10251563 0.748135388
v -0.402295381 1.01793683 -0.0228758492
vt 0.101180449 0.732109368
v -0.373579651 0.275987029 -0.120889314
vt 0.197758242 0.743263721
f 973/973 974/974 975/975
v -0.373579651 0.275987029 -0.120889314
vt 0.197758242 0.743263721
v -0.330600023 0.279227883 -0.0884094909
vt 0.196493894 0.752157271
v -0.316833943 1.00038123 0.0187830515
vt 0.10251563 0.748135388
f 976/976 977/977 978/978
v -0.227729052 1.00732648 -0.000319290761
vt 0.100119859 0.76401341
v -0.28353247 0.276045442 -0.104687504
vt 0.196505576 0.760469675
v -0.247808605 0.267539412 -0.161194459
vt 0.197769016 0.771595597
f 979/979 980/980 981/981
v -0.247808605 0.267539412 -0.161194459
vt 0.197769016 0.771595597
v -0.187095001 1.03787732 -0.0676968768
vt 0.0955907553 0.78024447
v -0.227729052 1.00732648 -0.000319290761
vt 0.100119859 0.76401341
f 982/982 983/983 984/984
v -0.31748414 1.27488112 -0.0839469507
vt 0.689728022 0.163432971
v -0.303588539 1.08109057 -0.192201152
vt 0.69019264 0.125663772
v -0.392215937 1.07280302 -0.172499418
vt 0.705336571 0.122782148
f 985/985 986/986 987/987
v -0.392215937 1.07280302 -0.172499418
vt 0.705336571 0.122782148
v -0.395728558 1.28050315 -0.0646439642
vt 0.704437554 0.163787112
v -0.31748414 1.27488112 -0.0839469507
vt 0.689728022 0.163432971
f 988/988 989/989 990/990
v -0.395728558 1.28050315 -0.0646439642
vt 0.704437554 0.163787112
v -0.392215937 1.07280302 -0.172499418
vt 0.705336571 0.122782148
v -0.433402419 1.04472852 -0.101398371
vt 0.721416593 0.117567025
f 991/991 992/992 993/993
v -0.433402419 1.04472852 -0.101398371
vt 0.721416593 0.117567025
v -0.43668139 1.2816664 0.00213168212
vt 0.718487263 0.165477142
v -0.395728558 1.28050315 -0.0646439642
vt 0.704437554 0.163787112
f 994/994 995/995 996/996
v -0.227240145 1.26563227 0.0296613015
vt 0.0521664955 0.777812958
v -0.268203735 1.26774406 0.0962032825
vt 0.0494886041 0.76381588
v -0.227729052 1.00732648 -0.000319290761
vt 0.100119859 0.76401341
f 997/997 998/998 999/999
v -0.227729052 1.00732648 -0.000319290761
vt 0.100119859 0.76401341
v -0.187095001 1.03787732 -0.0676968768
vt 0.0955907553 0.78024447
v -0.227240145 1.26563227 0.0296613015
vt 0.0521664955 0.777812958
f 1000/1000 1001/1001 1002/1002
v -0.346185923 1.27337122 0.11550881
vt 0.048158817 0.748754859
v -0.415877342 1.27867568 0.0766488463
vt 0.0491100848 0.733728826
v -0.402295381 1.01793683 -0.0228758492
vt 0.101180449 0.732109368
f 1003/1003 1004/1004 1005/1005
v -0.402295381 1.01793683 -0.0228758492
vt 0.101180449 0.732109368
v -0.316833943 1.00038123 0.0187830515
vt 0.10251563 0.748135388
v -0.346185923 1.27337122 0.11550881
vt 0.048158817 0.748754859
f 1006/1006 1007/1007 1008/1008
v -0.346476734 0.000854665239 0.112801313
vt 0.134837881 0.821626544
v -0.27509886 0.000284465088 0.0912987888
vt 0.138515204 0.833804369
v -0.249864638 0.000106674415 0.261632442
vt 0.109452203 0.838129103
f 1009/1009 1010/1010 1011/1011
v -0.249864638 0.000106674415 0.261632442
vt 0.109452203 0.838129103
v -0.349459797 0.000901652791 0.287127614
vt 0.105090715 0.821136534
v -0.346476734 0.000854665239 0.112801313
vt 0.134837881 0.821626544
f 1012/1012 1013/1013 1014/1014
v -0.310451269 0.265666276 -0.258682191
vt 0.837733209 0.956143975
v -0.261419773 0.264433175 -0.223751381
vt 0.83647114 0.94594568
v -0.228445321 -0.00013080315 -0.281342864
vt 0.881975353 0.940305948
f 1015/1015 1016/1016 1017/1017
v -0.228445321 -0.00013080315 -0.281342864
vt 0.881975353 0.940305948
v -0.318300724 0.000577819708 -0.33082962
vt 0.883967459 0.957697034
v -0.310451269 0.265666276 -0.258682191
vt 0.837733209 0.956143975
f 1018/1018 1019/1019 1020/1020
v -0.445142955 0.00162297499 -0.0105778128
vt 0.715504289 0.624644041
v -0.445781738 0.00164964364 0.1485347
vt 0.715392411 0.597493112
v -0.425594866 0.0363721661 0.14367339
vt 0.722247958 0.598307312
f 1021/1021 1022/1022 1023/1023
v -0.425594866 0.0363721661 0.14367339
vt 0.722247958 0.598307312
v -0.417001218 0.0940804854 -0.0388135128
vt 0.731979609 0.629517615
v -0.445142955 0.00162297499 -0.0105778128
vt 0.715504289 0.624644041
f 1024/1024 1025/1025 1026/1026
v -0.331654072 0.108024351 0.0447252505
vt 0.910753965 0.517659545
v -0.391912401 0.104989208 0.0162177868
vt 0.923181832 0.514557242
v -0.402502388 0.0371874608 0.224982142
vt 0.918822765 0.552890897
f 1027/1027 1028/1028 1029/1029
v -0.402502388 0.0371874608 0.224982142
vt 0.918822765 0.552890897
v -0.33260271 0.0332849547 0.270229876
vt 0.907653391 0.55760771
v -0.331654072 0.108024351 0.0447252505
vt 0.910753965 0.517659545
f 1030/1030 1031/1031 1032/1032
v -0.402295381 1.01793683 -0.0228758492
vt 0.101180449 0.732109368
v -0.433402419 1.04472852 -0.101398371
vt 0.0974332541 0.715508699
v -0.393261075 0.271099061 -0.183441147
vt 0.199705571 0.732364416
f 1033/1033 1034/1034 1035/1035
v -0.393261075 0.271099061 -0.183441147
vt 0.199705571 0.732364416
v -0.373579651 0.275987029 -0.120889314
vt 0.197758242 0.743263721
v -0.402295381 1.01793683 -0.0228758492
vt 0.101180449 0.732109368
f 1036/1036 1037/1037 1038/1038
v -0.187095001 1.03787732 -0.0676968768
vt 0.657865107 0.122715287
v -0.247808605 0.267539412 -0.161194459
vt 0.657760501 0.0169478934
v -0.261419773 0.264433175 -0.223751381
vt 0.66872859 0.0165016931
f 1039/1039 1040/1040 1041/1041
v -0.261419773 0.264433175 -0.223751381
vt 0.66872859 0.0165016931
v -0.218616664 1.06800008 -0.147844926
vt 0.674615562 0.125647306
v -0.187095001 1.03787732 -0.0676968768
vt 0.657865107 0.122715287
f 1042/1042 1043/1043 1044/1044
v -0.392215937 1.07280302 -0.172499418
vt 0.705336571 0.122782148
v -0.303588539 1.08109057 -0.192201152
vt 0.69019264 0.125663772
v -0.310451269 0.265666276 -0.258682191
vt 0.67915225 0.0158245433
f 1045/1045 1046/1046 1047/1047
v -0.310451269 0.265666276 -0.258682191
vt 0.67915225 0.0158245433
v -0.366074353 0.268046141 -0.240941197
vt 0.689386785 0.0145422863
v -0.392215937 1.07280302 -0.172499418
vt 0.705336571 0.122782148
f 1048/1048 1049/1049 1050/1050
v -0.433402419 1.04472852 -0.101398371
vt 0.721416593 0.117567025
v -0.392215937 1.07280302 -0.172499418
vt 0.705336571 0.122782148
v -0.366074353 0.268046141 -0.240941197
vt 0.689386785 0.0145422863
f 1051/1051 1052/1052 1053/1053
v -0.366074353 0.268046141 -0.240941197
vt 0.689386785 0.0145422863
v -0.393261075 0.271099061 -0.183441147
vt 0.700137019 0.0126687465
v -0.433402419 1.04472852 -0.101398371
vt 0.721416593 0.117567025
f 1054/1054 1055/1055 1056/1056
v -0.410566479 0.00133723998 -0.0872563943
vt 0.168968886 0.810667872
v -0.444852144 0.00159884628 -0.223873302
vt 0.192277208 0.804802179
v -0.332786858 0.000708622858 -0.164333746
vt 0.1821298 0.823932111
f 1057/1057 1058/1058 1059/1059
v -0.332786858 0.000708622858 -0.164333746
vt 0.1821298 0.823932111
v -0.346467853 0.000833076367 -0.0448533185
vt 0.161740139 0.821610749
v -0.410566479 0.00133723998 -0.0872563943
vt 0.168968886 0.810667872
f 1060/1060 1061/1061 1062/1062
v -0.332786858 0.000708622858 -0.164333746
vt 0.1821298 0.823932111
v -0.318300724 0.000577819708 -0.33082962
vt 0.210542172 0.826385915
v -0.228445321 -0.00013080315 -0.281342864
vt 0.202107504 0.841724694
f 1063/1063 1064/1064 1065/1065
v -0.228445321 -0.00013080315 -0.281342864
vt 0.202107504 0.841724694
v -0.207755566 -0.000283195172 -0.193112969
vt 0.187054172 0.845264912
v -0.332786858 0.000708622858 -0.164333746
vt 0.1821298 0.823932111
f 1066/1066 1067/1067 1068/1068
v -0.403001487 0.0012546943 -0.305474132
vt 0.206206113 0.811934829
v -0.318300724 0.000577819708 -0.33082962
vt 0.210542172 0.826385915
v -0.332786858 0.000708622858 -0.164333746
vt 0.1821298 0.823932111
f 1069/1069 1070/1070 1071/1071
v -0.332786858 0.000708622858 -0.164333746
vt 0.1821298 0.823932111
v -0.444852144 0.00159884628 -0.223873302
vt 0.192277208 0.804802179
v -0.403001487 0.0012546943 -0.305474132
vt 0.206206113 0.811934829
f 1072/1072 1073/1073 1074/1074
v -0.332786858 0.000708622858 -0.164333746
vt 0.1821298 0.823932111
v -0.207755566 -0.000283195172 -0.193112969
vt 0.187054172 0.845264912
v -0.275150925 0.000262876216 -0.0663609132
vt 0.165418014 0.833778143
f 1075/1075 1076/1076 1077/1077
v -0.275150925 0.000262876216 -0.0663609132
vt 0.165418014 0.833778143
v -0.346467853 0.000833076367 -0.0448533185
vt 0.161740139 0.821610749
v -0.332786858 0.000708622858 -0.164333746
vt 0.1821298 0.823932111
f 1078/1078 1079/1079 1080/1080
v -0.410651565 0.00136009871 0.0704033077
vt 0.142065674 0.810670674
v -0.424617022 0.00149344176 0.237592578
vt 0.113535099 0.808305919
v -0.445781738 0.00164964364 0.1485347
vt 0.128729597 0.80468452
f 1081/1081 1082/1082 1083/1083
v -0.445781738 0.00164964364 0.1485347
vt 0.128729597 0.80468452
v -0.445142955 0.00162297499 -0.0105778128
vt 0.155880541 0.804776013
v -0.410651565 0.00136009871 0.0704033077
vt 0.142065674 0.810670674
f 1084/1084 1085/1085 1086/1086
v -0.261419773 0.264433175 -0.223751381
vt 0.83647114 0.94594568
v -0.247808605 0.267539412 -0.161194459
vt 0.832724452 0.935673356
v -0.207755566 -0.000283195172 -0.193112969
vt 0.877356648 0.925547779
f 1087/1087 1088/1088 1089/1089
v -0.207755566 -0.000283195172 -0.193112969
vt 0.877356648 0.925547779
v -0.228445321 -0.00013080315 -0.281342864
vt 0.881975353 0.940305948
v -0.261419773 0.264433175 -0.223751381
vt 0.83647114 0.94594568
f 1090/1090 1091/1091 1092/1092
v -0.310451269 0.265666276 -0.258682191
vt 0.837733209 0.956143975
v -0.318300724 0.000577819708 -0.33082962
vt 0.883967459 0.957697034
v -0.403001487 0.0012546943 -0.305474132
vt 0.882617891 0.97272408
f 1093/1093 1094/1094 1095/1095
v -0.403001487 0.0012546943 -0.305474132
vt 0.882617891 0.97272408
v -0.366074353 0.268046141 -0.240941197
vt 0.836430252 0.966031253
v -0.310451269 0.265666276 -0.258682191
vt 0.837733209 0.956143975
f 1096/1096 1097/1097 1098/1098
v -0.366074353 0.268046141 -0.240941197
vt 0.836430252 0.966031253
v -0.403001487 0.0012546943 -0.305474132
vt 0.882617891 0.97272408
v -0.444852144 0.00159884628 -0.223873302
vt 0.878046572 0.987690508
f 1099/1099 1100/1100 1101/1101
v -0.444852144 0.00159884628 -0.223873302
vt 0.878046572 0.987690508
v -0.393261075 0.271099061 -0.183441147
vt 0.832724452 0.976246238
v -0.366074353 0.268046141 -0.240941197
vt 0.836430252 0.966031253
f 1102/1102 1103/1103 1104/1104
v -0.33260271 0.0332849547 0.270229876
vt 0.907653391 0.55760771
v -0.349459797 0.000901652791 0.287127614
vt 0.909901798 0.563509941
v -0.249864638 0.000106674415 0.261632442
vt 0.894305646 0.55905813
f 1105/1105 1106/1106 1107/1107
v -0.249864638 0.000106674415 0.261632442
vt 0.894305646 0.55905813
v -0.253859848 0.0291246548 0.247419327
vt 0.896420896 0.554333031
v -0.33260271 0.0332849547 0.270229876
vt 0.907653391 0.55760771
f 1108/1108 1109/1109 1110/1110
v -0.402502388 0.0371874608 0.224982142
vt 0.918822765 0.552890897
v -0.424617022 0.00149344176 0.237592578
vt 0.923364758 0.55804044
v -0.349459797 0.000901652791 0.287127614
vt 0.909901798 0.563509941
f 1111/1111 1112/1112 1113/1113
v -0.349459797 0.000901652791 0.287127614
vt 0.909901798 0.563509941
v -0.33260271 0.0332849547 0.270229876
vt 0.907653391 0.55760771
v -0.402502388 0.0371874608 0.224982142
vt 0.918822765 0.552890897
f 1114/1114 1115/1115 1116/1116
v -0.253859848 0.0291246548 0.247419327
vt 0.896420896 0.554333031
v -0.249864638 0.000106674415 0.261632442
vt 0.894305646 0.55905813
v -0.207994938 -0.000237477565 0.179490596
vt 0.885010004 0.547652602
f 1117/1117 1118/1118 1119/1119
v -0.207994938 -0.000237477565 0.179490596
vt 0.885010004 0.547652602
v -0.213488042 0.0272235647 0.172498345
vt 0.888383567 0.544273555
v -0.253859848 0.0291246548 0.247419327
vt 0.896420896 0.554333031
f 1120/1120 1121/1121 1122/1122
v -0.402502388 0.0371874608 0.224982142
vt 0.918822765 0.552890897
v -0.425594866 0.0363721661 0.14367339
vt 0.926373363 0.541951537
v -0.445781738 0.00164964364 0.1485347
vt 0.931958795 0.545742571
f 1123/1123 1124/1124 1125/1125
v -0.445781738 0.00164964364 0.1485347
vt 0.931958795 0.545742571
v -0.424617022 0.00149344176 0.237592578
vt 0.923364758 0.55804044
v -0.402502388 0.0371874608 0.224982142
vt 0.918822765 0.552890897
f 1126/1126 1127/1127 1128/1128
v -0.391912401 0.104989208 0.0162177868
vt 0.923181832 0.514557242
v -0.417001218 0.0940804854 -0.0388135128
vt 0.931958795 0.507567704
v -0.425594866 0.0363721661 0.14367339
vt 0.926373363 0.541951537
f 1129/1129 1130/1130 1131/1131
v -0.425594866 0.0363721661 0.14367339
vt 0.926373363 0.541951537
v -0.402502388 0.0371874608 0.224982142
vt 0.918822765 0.552890897
v -0.391912401 0.104989208 0.0162177868
vt 0.923181832 0.514557242
f 1132/1132 1133/1133 1134/1134
v -0.27509886 0.000284465088 0.0912987888
vt 0.138515204 0.833804369
v -0.208307326 -0.000256526575 0.0180947445
vt 0.151013836 0.845193982
v -0.207994938 -0.000237477565 0.179490596
vt 0.123473607 0.845264912
f 1135/1135 1136/1136 1137/1137
v -0.207994938 -0.000237477565 0.179490596
vt 0.123473607 0.845264912
v -0.249864638 0.000106674415 0.261632442
vt 0.109452203 0.838129103
v -0.27509886 0.000284465088 0.0912987888
vt 0.138515204 0.833804369
f 1138/1138 1139/1139 1140/1140
v -0.331654072 0.108024351 0.0447252505
vt 0.910753965 0.517659545
v -0.33260271 0.0332849547 0.270229876
vt 0.907653391 0.55760771
v -0.253859848 0.0291246548 0.247419327
vt 0.896420896 0.554333031
f 1141/1141 1142/1142 1143/1143
v -0.253859848 0.0291246548 0.247419327
vt 0.896420896 0.554333031
v -0.267733246 0.10345386 0.0304486565
vt 0.898443043 0.515662611
v -0.331654072 0.108024351 0.0447252505
vt 0.910753965 0.517659545
f 1144/1144 1145/1145 1146/1146
v -0.267733246 0.10345386 0.0304486565
vt 0.898443043 0.515662611
v -0.253859848 0.0291246548 0.247419327
vt 0.896420896 0.554333031
v -0.213488042 0.0272235647 0.172498345
vt 0.888383567 0.544273555
f 1147/1147 1148/1148 1149/1149
v -0.213488042 0.0272235647 0.172498345
vt 0.888383567 0.544273555
v -0.223629087 0.0890947208 -0.0195765607
vt 0.888111293 0.509441137
v -0.267733246 0.10345386 0.0304486565
vt 0.898443043 0.515662611
f 1150/1150 1151/1151 1152/1152
v -0.208307326 -0.000256526575 0.0180947445
vt 0.776120067 0.96171385
v -0.223629087 0.0890947208 -0.0195765607
vt 0.767898858 0.947117984
v -0.213488042 0.0272235647 0.172498345
vt 0.801713765 0.953845143
f 1153/1153 1154/1154 1155/1155
v -0.213488042 0.0272235647 0.172498345
vt 0.801713765 0.953845143
v -0.207994938 -0.000237477565 0.179490596
vt 0.803466141 0.95844841
v -0.208307326 -0.000256526575 0.0180947445
vt 0.776120067 0.96171385
f 1156/1156 1157/1157 1158/1158
v -0.346476734 0.000854665239 0.112801313
vt 0.134837881 0.821626544
v -0.349459797 0.000901652791 0.287127614
vt 0.105090715 0.821136534
v -0.424617022 0.00149344176 0.237592578
vt 0.113535099 0.808305919
f 1159/1159 1160/1160 1161/1161
v -0.424617022 0.00149344176 0.237592578
vt 0.113535099 0.808305919
v -0.410651565 0.00136009871 0.0704033077
vt 0.142065674 0.810670674
v -0.346476734 0.000854665239 0.112801313
vt 0.134837881 0.821626544
f 1162/1162 1163/1163 1164/1164
v -0.346467853 0.000833076367 -0.0448533185
vt 0.161740139 0.821610749
v -0.346476734 0.000854665239 0.112801313
vt 0.134837881 0.821626544
v -0.410651565 0.00136009871 0.0704033077
vt 0.142065674 0.810670674
f 1165/1165 1166/1166 1167/1167
v -0.410651565 0.00136009871 0.0704033077
vt 0.142065674 0.810670674
v -0.410566479 0.00133723998 -0.0872563943
vt 0.168968886 0.810667872
v -0.346467853 0.000833076367 -0.0448533185
vt 0.161740139 0.821610749
f 1168/1168 1169/1169 1170/1170
v -0.207755566 -0.000283195172 -0.193112969
vt 0.740337431 0.966017008
v -0.247808605 0.267539412 -0.161194459
vt 0.740337431 0.920250595
v -0.223629087 0.0890947208 -0.0195765607
vt 0.767898858 0.947117984
f 1171/1171 1172/1172 1173/1173
v -0.223629087 0.0890947208 -0.0195765607
vt 0.767898858 0.947117984
v -0.208307326 -0.000256526575 0.0180947445
vt 0.776120067 0.96171385
v -0.207755566 -0.000283195172 -0.193112969
vt 0.740337431 0.966017008
f 1174/1174 1175/1175 1176/1176
v -0.28353247 0.276045442 -0.104687504
vt 0.90346843 0.477952152
v -0.267733246 0.10345386 0.0304486565
vt 0.898443043 0.515662611
v -0.223629087 0.0890947208 -0.0195765607
vt 0.888111293 0.509441137
f 1177/1177 1178/1178 1179/1179
v -0.223629087 0.0890947208 -0.0195765607
vt 0.888111293 0.509441137
v -0.247808605 0.267539412 -0.161194459
vt 0.893796623 0.472209394
v -0.28353247 0.276045442 -0.104687504
vt 0.90346843 0.477952152
f 1180/1180 1181/1181 1182/1182
v -0.330600023 0.279227883 -0.0884094909
vt 0.911483526 0.479600817
v -0.331654072 0.108024351 0.0447252505
vt 0.910753965 0.517659545
v -0.267733246 0.10345386 0.0304486565
vt 0.898443043 0.515662611
f 1183/1183 1184/1184 1185/1185
v -0.267733246 0.10345386 0.0304486565
vt 0.898443043 0.515662611
v -0.28353247 0.276045442 -0.104687504
vt 0.90346843 0.477952152
v -0.330600023 0.279227883 -0.0884094909
vt 0.911483526 0.479600817
f 1186/1186 1187/1187 1188/1188
v -0.275150925 0.000262876216 -0.0663609132
vt 0.165418014 0.833778143
v -0.207755566 -0.000283195172 -0.193112969
vt 0.187054172 0.845264912
v -0.208307326 -0.000256526575 0.0180947445
vt 0.151013836 0.845193982
f 1189/1189 1190/1190 1191/1191
v -0.208307326 -0.000256526575 0.0180947445
vt 0.151013836 0.845193982
v -0.27509886 0.000284465088 0.0912987888
vt 0.138515204 0.833804369
v -0.275150925 0.000262876216 -0.0663609132
vt 0.165418014 0.833778143
f 1192/1192 1193/1193 1194/1194
v -0.373579651 0.275987029 -0.120889314
vt 0.919656932 0.476541847
v -0.393261075 0.271099061 -0.183441147
vt 0.928381085 0.469951332
v -0.417001218 0.0940804854 -0.0388135128
vt 0.931958795 0.507567704
f 1195/1195 1196/1196 1197/1197
v -0.417001218 0.0940804854 -0.0388135128
vt 0.931958795 0.507567704
v -0.391912401 0.104989208 0.0162177868
vt 0.923181832 0.514557242
v -0.373579651 0.275987029 -0.120889314
vt 0.919656932 0.476541847
f 1198/1198 1199/1199 1200/1200
v -0.410566479 0.00133723998 -0.0872563943
vt 0.168968886 0.810667872
v -0.410651565 0.00136009871 0.0704033077
vt 0.142065674 0.810670674
v -0.445142955 0.00162297499 -0.0105778128
vt 0.155880541 0.804776013
f 1201/1201 1202/1202 1203/1203
v -0.445142955 0.00162297499 -0.0105778128
vt 0.155880541 0.804776013
v -0.444852144 0.00159884628 -0.223873302
vt 0.192277208 0.804802179
v -0.410566479 0.00133723998 -0.0872563943
vt 0.168968886 0.810667872
f 1204/1204 1205/1205 1206/1206
v -0.330600023 0.279227883 -0.0884094909
vt 0.911483526 0.479600817
v -0.373579651 0.275987029 -0.120889314
vt 0.919656932 0.476541847
v -0.391912401 0.104989208 0.0162177868
vt 0.923181832 0.514557242
f 1207/1207 1208/1208 1209/1209
v -0.391912401 0.104989208 0.0162177868
vt 0.923181832 0.514557242
v -0.331654072 0.108024351 0.0447252505
vt 0.910753965 0.517659545
v -0.330600023 0.279227883 -0.0884094909
vt 0.911483526 0.479600817
f 1210/1210 1211/1211 1212/1212
v -0.444852144 0.00159884628 -0.223873302
vt 0.715392411 0.661040485
v -0.445142955 0.00162297499 -0.0105778128
vt 0.715504289 0.624644041
v -0.417001218 0.0940804854 -0.0388135128
vt 0.731979609 0.629517615
f 1213/1213 1214/1214 1215/1215
v -0.417001218 0.0940804854 -0.0388135128
vt 0.731979609 0.629517615
v -0.393261075 0.271099061 -0.183441147
vt 0.761667371 0.654429555
v -0.444852144 0.00159884628 -0.223873302
vt 0.715392411 0.661040485
f 1216/1216 1217/1217 1218/1218
v -0.346467853 0.000833076367 -0.0448533185
vt 0.161740139 0.821610749
v -0.275150925 0.000262876216 -0.0663609132
vt 0.165418014 0.833778143
v -0.27509886 0.000284465088 0.0912987888
vt 0.138515204 0.833804369
f 1219/1219 1220/1220 1221/1221
v -0.27509886 0.000284465088 0.0912987888
vt 0.138515204 0.833804369
v -0.346476734 0.000854665239 0.112801313
vt 0.134837881 0.821626544
v -0.346467853 0.000833076367 -0.0448533185
vt 0.161740139 0.821610749
f 1222/1222 1223/1223 1224/1224
v -0.205018222 2.58175063 0.164546013
vt 0.0986763015 0.129218429
v -0.208765149 2.77120686 0.131372809
vt 0.0639941543 0.13734141
v -0.307687879 2.64527917 0.0428076498
vt 0.0790030211 0.108804785
f 1225/1225 1226/1226 1227/1227
v -0.0768133402 2.49317408 0.130626097
vt 0.123420358 0.143551871
v -0.0563204251 2.6614871 0.128949776
vt 0.0921529531 0.163553953
v -0.205018222 2.58175063 0.164546013
vt 0.0986763015 0.129218429
f 1228/1228 1229/1229 1230/1230
v -0.0902098715 4.30875874 -0.0419756472
vt 0.915736437 0.825333655
v -0.0580119751 4.29242325 0.0399960168
vt 0.919772267 0.811100841
v -0.017940497 4.3917551 0.106047794
vt 0.954072297 0.809594691
f 1231/1231 1232/1232 1233/1233
v -0.017940497 4.3917551 0.106047794
vt 0.954072297 0.809594691
v -0.073606126 4.48668766 0.0352667831
vt 0.956728399 0.839072466
v -0.0902098715 4.30875874 -0.0419756472
vt 0.915736437 0.825333655
f 1234/1234 1235/1235 1236/1236
v 0.0509089455 4.35743141 -0.15640682
vt 0.969634056 0.902721584
v -0.054689195 4.3353343 -0.122169405
vt 0.971836507 0.920385599
v -0.0460384078 4.54154491 -0.0293144118
vt 0.920300305 0.924894869
f 1237/1237 1238/1238 1239/1239
v -0.0460384078 4.54154491 -0.0293144118
vt 0.920300305 0.924894869
v 0.0509089455 4.56664515 -0.0633029118
vt 0.916613698 0.902721584
v 0.0509089455 4.35743141 -0.15640682
vt 0.969634056 0.902721584
f 1240/1240 1241/1241 1242/1242
v 0.0509089455 4.28779078 0.0580646284
vt 0.921841621 0.793706179
v 0.0509089455 4.38158941 0.125800341
vt 0.955900788 0.793706179
v -0.017940497 4.3917551 0.106047794
vt 0.954072297 0.809594691
f 1243/1243 1244/1244 1245/1245
v -0.017940497 4.3917551 0.106047794
vt 0.954072297 0.809594691
v -0.0580119751 4.29242325 0.0399960168
vt 0.919772267 0.811100841
v 0.0509089455 4.28779078 0.0580646284
vt 0.921841621 0.793706179
f 1246/1246 1247/1247 1248/1248
v -0.92751193 3.42263579 -0.265097886
vt 0.794644892 0.170291498
v -0.846153677 3.49152207 -0.182112798
vt 0.781830788 0.150796309
v -0.873080075 3.50804901 -0.26913628
vt 0.797613919 0.152880237
f 1249/1249 1250/1250 1251/1251
v -0.97746855 3.31493402 -0.178457931
vt 0.467315853 0.888465941
v -0.92751193 3.42263579 -0.265097886
vt 0.487652838 0.902595222
v -1.00772345 3.34725761 -0.260830909
vt 0.468479127 0.904092848
f 1252/1252 1253/1253 1254/1254
v -0.906735837 3.24629545 -0.172120973
vt 0.465904742 0.873484075
v -0.866584361 3.20807028 -0.247179121
vt 0.465334207 0.857852638
v -0.800058901 3.31398034 -0.243869662
vt 0.487652838 0.859663367
f 1255/1255 1256/1256 1257/1257
v -0.800058901 3.31398034 -0.243869662
vt 0.752268434 0.170291498
v -0.774121761 3.44380045 -0.162101194
vt 0.767210722 0.14942421
v -0.838847697 3.34148073 -0.179489121
vt 0.765991509 0.170074627
f 1258/1258 1259/1259 1260/1260
v -0.92751193 3.42263579 -0.265097886
vt 0.401183516 0.793397188
v -0.828182817 3.48134875 -0.335246474
vt 0.422991395 0.801109016
v -0.888952971 3.40138483 -0.329869568
vt 0.406329542 0.805660069
f 1261/1261 1262/1262 1263/1263
v -0.966981471 3.31530237 -0.336130351
vt 0.203907341 0.889026701
v -1.00772345 3.34725761 -0.260830909
vt 0.204425678 0.873506308
v -0.92751193 3.42263579 -0.265097886
vt 0.222927049 0.877593815
f 1264/1264 1265/1265 1266/1266
v -0.800058901 3.31398034 -0.243869662
vt 0.412142366 0.83288008
v -0.758203149 3.4355967 -0.313545853
vt 0.428395927 0.814899445
v -0.731750429 3.4122808 -0.228406966
vt 0.432155579 0.830376029
f 1267/1267 1268/1268 1269/1269
v -0.896726191 3.24859262 -0.329445392
vt 0.201721355 0.904169381
v -0.800058901 3.31398034 -0.243869662
vt 0.220707059 0.919573903
v -0.866584361 3.20807028 -0.247179121
vt 0.19931902 0.919573903
f 1270/1270 1271/1271 1272/1272
v -0.402885914 1.46327579 0.14123258
vt 0.226288542 0.0274791569
v -0.326636553 1.6132232 0.201074392
vt 0.214671224 0.0538050458
v -0.404268861 1.6192807 0.154226542
vt 0.205797419 0.0409729369
f 1273/1273 1274/1274 1275/1275
v -0.346185923 1.27337122 0.11550881
vt 0.048158817 0.748754859
v -0.402885914 1.46327579 0.14123258
vt 0.0166782793 0.736726999
v -0.415877342 1.27867568 0.0766488463
vt 0.0491100848 0.733728826
f 1276/1276 1277/1277 1278/1278
v -0.20702979 1.46230304 0.0801208466
vt 0.253115058 0.0615969412
v -0.240343958 1.61078358 0.176661178
vt 0.224204913 0.0657083765
v -0.249391586 1.46484292 0.166367099
vt 0.2422086 0.0504455864
f 1279/1279 1280/1280 1281/1281
v -0.268203735 1.26774406 0.0962032825
vt 0.0494886041 0.76381588
v -0.20702979 1.46230304 0.0801208466
vt 0.0198666863 0.780244529
v -0.249391586 1.46484292 0.166367099
vt 0.0147645073 0.765134752
f 1282/1282 1283/1283 1284/1284
v -0.228892952 1.46035242 -0.0163433105
vt 0.218096152 0.168071359
v -0.296565801 1.63052607 -0.0442386679
vt 0.247773901 0.173964068
v -0.218812227 1.62248611 0.00247456157
vt 0.237748832 0.185955331
f 1285/1285 1286/1286 1287/1287
v -0.31748414 1.27488112 -0.0839469507
vt 0.689728022 0.163432971
v -0.228892952 1.46035242 -0.0163433105
vt 0.674330533 0.196706563
v -0.247669548 1.26874352 -0.0449066535
vt 0.675253332 0.16456607
f 1288/1288 1289/1289 1290/1290
v -0.424227148 1.46072316 0.0446617566
vt 0.244718835 0.134532571
v -0.382678717 1.6321553 -0.0197467338
vt 0.257202983 0.161537394
v -0.381841838 1.45995998 -0.0410943143
vt 0.234559715 0.14583756
f 1291/1291 1292/1292 1293/1293
v -0.395728558 1.28050315 -0.0646439642
vt 0.704437554 0.163787112
v -0.424227148 1.46072316 0.0446617566
vt 0.721416593 0.19589515
v -0.381841838 1.45995998 -0.0410943143
vt 0.704546809 0.193933874
f 1294/1294 1295/1295 1296/1296
v -0.112325132 4.83753204 0.324999571
vt 0.712988377 0.527550817
v -0.107244134 4.70064878 0.343642205
vt 0.748116374 0.514038205
v 0.0509089455 4.73459005 0.399801195
vt 0.763775826 0.551223457
f 1297/1297 1298/1298 1299/1299
v 0.0509089455 4.73459005 0.399801195
vt 0.763775826 0.551223457
v 0.0509089455 4.86239481 0.384462923
vt 0.737433732 0.573390722
v -0.112325132 4.83753204 0.324999571
vt 0.712988377 0.527550817
f 1300/1300 1301/1301 1302/1302
v 0.0509089455 4.86239481 0.384462923
vt 0.0959824175 0.975305676
v 0.0509089455 4.94801521 0.268284351
vt 0.0592506528 0.975305676
v -0.112325132 4.83753204 0.324999571
vt 0.0875531062 0.931441426
f 1303/1303 1304/1304 1305/1305
v -0.123583093 4.48215294 0.178134307
vt 0.0648499131 0.853037477
v -0.103248909 4.54235792 0.0528121851
vt 0.0528687984 0.887979031
v -0.073606126 4.48668766 0.0352667831
vt 0.0369056091 0.88170135
f 1306/1306 1307/1307 1308/1308
v -0.073606126 4.48668766 0.0352667831
vt 0.0369056091 0.88170135
v -0.017940497 4.3917551 0.106047794
vt 0.0235743672 0.849781811
v -0.123583093 4.48215294 0.178134307
vt 0.0648499131 0.853037477
f 1309/1309 1310/1310 1311/1311
v 0.311698049 4.17919636 0.236942381
vt 0.295435905 0.480808109
v 0.286698133 4.17749166 0.22121045
vt 0.297677547 0.486652464
v 0.311452299 3.9157815 0.2229909
vt 0.235769048 0.508552253
f 1312/1312 1313/1313 1314/1314
v 0.311452299 3.9157815 0.2229909
vt 0.235769048 0.508552253
v 0.321723521 3.91467023 0.229741871
vt 0.234437525 0.506341517
v 0.311698049 4.17919636 0.236942381
vt 0.295435905 0.480808109
f 1315/1315 1316/1316 1317/1317
v 0.311452299 3.9157815 0.2229909
vt 0.235769048 0.508552253
v 0.306335121 3.98781967 0.174131468
vt 0.252631515 0.502139747
v 0.315993577 3.99533772 0.175025508
vt 0.253319979 0.499160647
f 1318/1318 1319/1319 1320/1320
v 0.315993577 3.99533772 0.175025508
vt 0.253319979 0.499160647
v 0.321723521 3.91467023 0.229741871
vt 0.234437525 0.506341517
v 0.311452299 3.9157815 0.2229909
vt 0.235769048 0.508552253
f 1321/1321 1322/1322 1323/1323
v 0.272697449 4.52537107 0.279185444
vt 0.0155476276 0.443774045
v 0.311698049 4.17919636 0.236942381
vt 0.0172519609 0.530874372
v 0.288772583 4.30498409 0.104122579
vt 0.0534539744 0.502988935
f 1324/1324 1325/1325 1326/1326
v 0.288772583 4.30498409 0.104122579
vt 0.0534539744 0.502988935
v 0.280587852 4.48728371 0.0956368893
vt 0.0601934567 0.457901478
v 0.272697449 4.52537107 0.279185444
vt 0.0155476276 0.443774045
f 1327/1327 1328/1328 1329/1329
v 0.25042057 4.50751209 0.273105025
vt 0.376277059 0.46018374
v 0.286698133 4.17749166 0.22121045
vt 0.297677547 0.486652464
v 0.311698049 4.17919636 0.236942381
vt 0.295435905 0.480808109
f 1330/1330 1331/1331 1332/1332
v 0.311698049 4.17919636 0.236942381
vt 0.295435905 0.480808109
v 0.272697449 4.52537107 0.279185444
vt 0.377982497 0.453258336
v 0.25042057 4.50751209 0.273105025
vt 0.376277059 0.46018374
f 1333/1333 1334/1334 1335/1335
v 0.0509089455 4.38158941 0.125800341
vt 0.0133902198 0.833592594
v -0.123583093 4.48215294 0.178134307
vt 0.0648499131 0.853037477
v -0.017940497 4.3917551 0.106047794
vt 0.0235743672 0.849781811
f 1336/1336 1337/1337 1338/1338
v 0.25042057 4.50751209 0.273105025
vt 0.349419445 0.551952839
v 0.256490558 4.47335482 0.112552404
vt 0.3623119 0.513028204
v 0.264272392 4.28953409 0.109321684
vt 0.408040911 0.517277002
f 1339/1339 1340/1340 1341/1341
v 0.264272392 4.28953409 0.109321684
vt 0.408040911 0.517277002
v 0.286698133 4.17749166 0.22121045
vt 0.432785124 0.548136234
v 0.25042057 4.50751209 0.273105025
vt 0.349419445 0.551952839
f 1342/1342 1343/1343 1344/1344
v 0.286698133 4.17749166 0.22121045
vt 0.432785124 0.548136234
v 0.264272392 4.28953409 0.109321684
vt 0.408040911 0.517277002
v 0.306335121 3.98781967 0.174131468
vt 0.481171995 0.541658819
f 1345/1345 1346/1346 1347/1347
v 0.306335121 3.98781967 0.174131468
vt 0.481171995 0.541658819
v 0.311452299 3.9157815 0.2229909
vt 0.497715503 0.555769384
v 0.286698133 4.17749166 0.22121045
vt 0.432785124 0.548136234
f 1348/1348 1349/1349 1350/1350
v 0.0509089455 4.60123205 0.420752555
vt 0.78354162 0.534590185
v 0.0509089455 4.73459005 0.399801195
vt 0.763775826 0.551223457
v -0.00370517885 4.59648371 0.362396568
vt 0.779247582 0.521874428
f 1351/1351 1352/1352 1353/1353
v -0.0228265654 4.37305164 0.251391679
vt 0.81597805 0.490818977
v -0.123583093 4.48215294 0.178134307
vt 0.793299317 0.461068243
v 0.0509089455 4.38158941 0.125800341
vt 0.848390162 0.480019063
f 1354/1354 1355/1355 1356/1356
v 0.0509089455 4.38158941 0.125800341
vt 0.848390162 0.480019063
v 0.0509089455 4.34782314 0.267502069
vt 0.823969424 0.500569582
v -0.0228265654 4.37305164 0.251391679
vt 0.81597805 0.490818977
f 1357/1357 1358/1358 1359/1359
v -0.146529585 4.23093462 0.181425929
vt 0.125252977 0.630199254
v -0.163194492 4.24343109 0.167303383
vt 0.121990584 0.625896037
v -0.178504348 3.91677856 0.182882726
vt 0.203579709 0.626850367
f 1360/1360 1361/1361 1362/1362
v -0.178504348 3.91677856 0.182882726
vt 0.203579709 0.626850367
v -0.170583665 3.90727925 0.185610965
vt 0.205897868 0.628958344
v -0.146529585 4.23093462 0.181425929
vt 0.125252977 0.630199254
f 1363/1363 1364/1364 1365/1365
v -0.0880135298 4.49602175 0.295747936
vt 0.789378107 0.491852254
v -0.123583093 4.48215294 0.178134307
vt 0.793299317 0.461068243
v -0.0228265654 4.37305164 0.251391679
vt 0.81597805 0.490818977
f 1366/1366 1367/1367 1368/1368
v 0.0509089455 4.47784662 0.344317794
vt 0.805739284 0.515910566
v -0.0880135298 4.49602175 0.295747936
vt 0.789378107 0.491852254
v -0.0228265654 4.37305164 0.251391679
vt 0.81597805 0.490818977
f 1369/1369 1370/1370 1371/1371
v -0.0228265654 4.37305164 0.251391679
vt 0.81597805 0.490818977
v 0.0509089455 4.34782314 0.267502069
vt 0.823969424 0.500569582
v 0.0509089455 4.47784662 0.344317794
vt 0.805739284 0.515910566
f 1372/1372 1373/1373 1374/1374
v -0.0883843452 4.56736135 0.32750389
vt 0.775436044 0.501655161
v -0.0880135298 4.49602175 0.295747936
vt 0.789378107 0.491852254
v 0.0509089455 4.5675149 0.365200579
vt 0.791768312 0.527667344
f 1375/1375 1376/1376 1377/1377
v -0.0880135298 4.49602175 0.295747936
vt 0.789378107 0.491852254
v 0.0509089455 4.47784662 0.344317794
vt 0.805739284 0.515910566
v 0.0509089455 4.5675149 0.365200579
vt 0.791768312 0.527667344
f 1378/1378 1379/1379 1380/1380
v -0.00370517885 4.59648371 0.362396568
vt 0.779247582 0.521874428
v -0.0883843452 4.56736135 0.32750389
vt 0.775436044 0.501655161
v 0.0509089455 4.5675149 0.365200579
vt 0.791768312 0.527667344
f 1381/1381 1382/1382 1383/1383
v -0.146890819 4.65717506 0.11578311
vt 0.740299046 0.451877564
v -0.0880135298 4.49602175 0.295747936
vt 0.789378107 0.491852254
v -0.0883843452 4.56736135 0.32750389
vt 0.775436044 0.501655161
f 1384/1384 1385/1385 1386/1386
v -0.00370517885 4.59648371 0.362396568
vt 0.779247582 0.521874428
v 0.0509089455 4.5675149 0.365200579
vt 0.791768312 0.527667344
v 0.0509089455 4.60123205 0.420752555
vt 0.78354162 0.534590185
f 1387/1387 1388/1388 1389/1389
v -0.00370517885 4.59648371 0.362396568
vt 0.779247582 0.521874428
v 0.0509089455 4.73459005 0.399801195
vt 0.763775826 0.551223457
v -0.107244134 4.70064878 0.343642205
vt 0.748116374 0.514038205
f 1390/1390 1391/1391 1392/1392
v -0.107244134 4.70064878 0.343642205
vt 0.748116374 0.514038205
v -0.0883843452 4.56736135 0.32750389
vt 0.775436044 0.501655161
v -0.00370517885 4.59648371 0.362396568
vt 0.779247582 0.521874428
f 1393/1393 1394/1394 1395/1395
v -0.146890819 4.65717506 0.11578311
vt 0.088241905 0.89695698
v -0.103248909 4.54235792 0.0528121851
vt 0.0528687984 0.887979031
v -0.123583093 4.48215294 0.178134307
vt 0.0648499131 0.853037477
f 1396/1396 1397/1397 1398/1398
v -0.107244134 4.70064878 0.343642205
vt 0.748116374 0.514038205
v -0.112325132 4.83753204 0.324999571
vt 0.712988377 0.527550817
v -0.146890819 4.65717506 0.11578311
vt 0.740299046 0.451877564
f 1399/1399 1400/1400 1401/1401
v -0.148500651 4.20124483 0.06602218
vt 0.486104757 0.35007447
v -0.168016732 3.92768192 0.129262477
vt 0.486104757 0.35007447
v -0.175629959 3.93962693 0.119783923
vt 0.486104757 0.35007447
f 1402/1402 1403/1403 1404/1404
v -0.175629959 3.93962693 0.119783923
vt 0.486104757 0.35007447
v -0.165401921 4.21018457 0.0380753614
vt 0.486104757 0.35007447
v -0.148500651 4.20124483 0.06602218
vt 0.486104757 0.35007447
f 1405/1405 1406/1406 1407/1407
v -0.0835541487 4.6321826 -0.0568237118
vt 0.0499358438 0.922856867
v -0.103248909 4.54235792 0.0528121851
vt 0.0528687984 0.887979031
v -0.146890819 4.65717506 0.11578311
vt 0.088241905 0.89695698
f 1408/1408 1409/1409 1410/1410
v -0.146529585 4.23093462 0.181425929
vt 0.0923001766 0.656828403
v -0.170583665 3.90727925 0.185610965
vt 0.013738065 0.676584542
v -0.168016732 3.92768192 0.129262477
vt 0.0223136954 0.688871682
f 1411/1411 1412/1412 1413/1413
v -0.168016732 3.92768192 0.129262477
vt 0.0223136954 0.688871682
v -0.148500651 4.20124483 0.06602218
vt 0.0925197676 0.686594665
v -0.146529585 4.23093462 0.181425929
vt 0.0923001766 0.656828403
f 1414/1414 1415/1415 1416/1416
v 0.0509089455 4.60387325 -0.0883333012
vt 0.0179131813 0.935055077
v 0.0509089455 4.56664515 -0.0633029118
vt 0.013390216 0.924293876
v -0.0460384078 4.54154491 -0.0293144118
vt 0.0328815803 0.904870152
f 1417/1417 1418/1418 1419/1419
v -0.0460384078 4.54154491 -0.0293144118
vt 0.0328815803 0.904870152
v -0.0835541487 4.6321826 -0.0568237118
vt 0.0499358438 0.922856867
v 0.0509089455 4.60387325 -0.0883333012
vt 0.0179131813 0.935055077
f 1420/1420 1421/1421 1422/1422
v -0.103248909 4.54235792 0.0528121851
vt 0.0528687984 0.887979031
v -0.0835541487 4.6321826 -0.0568237118
vt 0.0499358438 0.922856867
v -0.0460384078 4.54154491 -0.0293144118
vt 0.0328815803 0.904870152
f 1423/1423 1424/1424 1425/1425
v -0.0460384078 4.54154491 -0.0293144118
vt 0.0328815803 0.904870152
v -0.073606126 4.48668766 0.0352667831
vt 0.0369056091 0.88170135
v -0.103248909 4.54235792 0.0528121851
vt 0.0528687984 0.887979031
f 1426/1426 1427/1427 1428/1428
v 0.0509089455 3.03685546 0.159611061
vt 0.608168244 0.461863935
v 0.261926174 3.03470922 0.154599905
vt 0.643716574 0.460305631
v 0.216322228 3.33413672 0.148105457
vt 0.637717426 0.499643683
f 1429/1429 1430/1430 1431/1431
v 0.216322228 3.33413672 0.148105457
vt 0.637717426 0.499643683
v 0.0509089455 3.33268261 0.154305279
vt 0.608168244 0.500126839
v 0.0509089455 3.03685546 0.159611061
vt 0.608168244 0.461863935
f 1432/1432 1433/1433 1434/1434
v 0.261926174 3.03470922 0.154599905
vt 0.643716574 0.460305631
v 0.357163548 3.07131886 -0.0780696943
vt 0.682659388 0.470137894
v 0.309438199 3.31180739 -0.0750701129
vt 0.67654407 0.501222432
f 1435/1435 1436/1436 1437/1437
v 0.309438199 3.31180739 -0.0750701129
vt 0.67654407 0.501222432
v 0.216322228 3.33413672 0.148105457
vt 0.637717426 0.499643683
v 0.261926174 3.03470922 0.154599905
vt 0.643716574 0.460305631
f 1438/1438 1439/1439 1440/1440
v 0.259445369 3.11687398 -0.231310025
vt 0.283412725 0.70595032
v 0.229085058 3.29322195 -0.221655995
vt 0.308677644 0.70481658
v 0.309438199 3.31180739 -0.0750701129
vt 0.30581066 0.737346888
f 1441/1441 1442/1442 1443/1443
v 0.309438199 3.31180739 -0.0750701129
vt 0.30581066 0.737346888
v 0.357163548 3.07131886 -0.0780696943
vt 0.273347169 0.738834202
v 0.259445369 3.11687398 -0.231310025
vt 0.283412725 0.70595032
f 1444/1444 1445/1445 1446/1446
v 0.0509089455 3.11609554 -0.229019061
vt 0.287042946 0.670685112
v 0.0509089455 3.29003453 -0.22308594
vt 0.310254306 0.670685232
v 0.229085058 3.29322195 -0.221655995
vt 0.308677644 0.70481658
f 1447/1447 1448/1448 1449/1449
v 0.229085058 3.29322195 -0.221655995
vt 0.308677644 0.70481658
v 0.259445369 3.11687398 -0.231310025
vt 0.283412725 0.70595032
v 0.0509089455 3.11609554 -0.229019061
vt 0.287042946 0.670685112
f 1450/1450 1451/1451 1452/1452
v 0.0509089455 3.65729165 -0.299292117
vt 0.365036011 0.670685291
v 0.257065505 3.65842557 -0.29459843
vt 0.364935279 0.70727855
v 0.229085058 3.29322195 -0.221655995
vt 0.308677644 0.70481658
f 1453/1453 1454/1454 1455/1455
v 0.229085058 3.29322195 -0.221655995
vt 0.308677644 0.70481658
v 0.0509089455 3.29003453 -0.22308594
vt 0.310254306 0.670685232
v 0.0509089455 3.65729165 -0.299292117
vt 0.365036011 0.670685291
f 1456/1456 1457/1457 1458/1458
v 0.236528128 2.5885942 -0.335662991
vt 0.369986027 0.334808946
v 0.129275277 2.50491834 -0.256203264
vt 0.338841558 0.320206523
v 0.0893917382 2.54366398 -0.285261899
vt 0.347524047 0.307628959
f 1459/1459 1460/1460 1461/1461
v 0.0893917382 2.54366398 -0.285261899
vt 0.347524047 0.307628959
v 0.151279405 2.67860723 -0.389475167
vt 0.38528195 0.315720379
v 0.236528128 2.5885942 -0.335662991
vt 0.369986027 0.334808946
f 1462/1462 1463/1463 1464/1464
v 0.0983162001 2.56127548 0.0245028324
vt 0.129109412 0.197411925
v 0.178631231 2.49317408 0.130626097
vt 0.12342032 0.228615716
v 0.15813832 2.6614871 0.128949776
vt 0.0921529531 0.208613664
f 1465/1465 1466/1466 1467/1467
v 0.0509089455 2.77483511 0.130173996
vt 0.0698203444 0.186083809
v 0.0509089455 2.66654801 0.150038302
vt 0.0908668861 0.186083794
v 0.15813832 2.6614871 0.128949776
vt 0.0921529531 0.208613664
f 1468/1468 1469/1469 1470/1470
v 0.15813832 2.6614871 0.128949776
vt 0.0921529531 0.208613664
v 0.310583025 2.77120686 0.131372809
vt 0.0639941245 0.234826237
v 0.0509089455 2.77483511 0.130173996
vt 0.0698203444 0.186083809
f 1471/1471 1472/1472 1473/1473
v 0.151279405 2.67860723 -0.389475167
vt 0.38528195 0.315720379
v 0.0509089455 2.67811441 -0.389447212
vt 0.384741485 0.299094915
v 0.0509089455 2.90768552 -0.332290053
vt 0.423883885 0.299094915
f 1474/1474 1475/1475 1476/1476
v 0.0509089455 2.90768552 -0.332290053
vt 0.423883885 0.299094915
v 0.310565263 2.90856671 -0.349078566
vt 0.423333347 0.33597222
v 0.151279405 2.67860723 -0.389475167
vt 0.38528195 0.315720379
f 1477/1477 1478/1478 1479/1479
v 0.15813832 2.6614871 0.128949776
vt 0.0921529531 0.208613664
v 0.306836098 2.58175063 0.164546013
vt 0.0986762941 0.242949188
v 0.310583025 2.77120686 0.131372809
vt 0.0639941245 0.234826237
f 1480/1480 1481/1481 1482/1482
v 0.0893917382 2.54366398 -0.285261899
vt 0.347524047 0.307628959
v 0.0989149734 2.52938747 -0.119383171
vt 0.312916487 0.307703435
v 0.0509089455 2.53715301 -0.120802954
vt 0.313628286 0.299094915
f 1483/1483 1484/1484 1485/1485
v 0.0509089455 2.53715301 -0.120802954
vt 0.313628286 0.299094915
v 0.0509089455 2.54587507 -0.288771987
vt 0.348481476 0.299094915
v 0.0893917382 2.54366398 -0.285261899
vt 0.347524047 0.307628959
f 1486/1486 1487/1487 1488/1488
v 0.0509089455 2.66654801 0.150038302
vt 0.0908668861 0.186083794
v 0.0509089455 2.56591082 0.0255543329
vt 0.128136918 0.186083794
v 0.0983162001 2.56127548 0.0245028324
vt 0.129109412 0.197411925
f 1489/1489 1490/1490 1491/1491
v 0.0983162001 2.56127548 0.0245028324
vt 0.129109412 0.197411925
v 0.15813832 2.6614871 0.128949776
vt 0.0921529531 0.208613664
v 0.0509089455 2.66654801 0.150038302
vt 0.0908668861 0.186083794
f 1492/1492 1493/1493 1494/1494
v 0.0893917382 2.54366398 -0.285261899
vt 0.347524047 0.307628959
v 0.0509089455 2.54587507 -0.288771987
vt 0.348481476 0.299094915
v 0.0509089455 2.67811441 -0.389447212
vt 0.384741485 0.299094915
f 1495/1495 1496/1496 1497/1497
v 0.0509089455 2.67811441 -0.389447212
vt 0.384741485 0.299094915
v 0.151279405 2.67860723 -0.389475167
vt 0.38528195 0.315720379
v 0.0893917382 2.54366398 -0.285261899
vt 0.347524047 0.307628959
f 1498/1498 1499/1499 1500/1500
v 0.105404332 2.46061683 -0.101764113
vt 0.162121475 0.205248535
v 0.178631231 2.49317408 0.130626097
vt 0.12342032 0.228615716
v 0.0983162001 2.56127548 0.0245028324
vt 0.129109412 0.197411925
f 1501/1501 1502/1502 1503/1503
v 0.0983162001 2.56127548 0.0245028324
vt 0.129109412 0.197411925
v 0.0989149734 2.52938747 -0.119383171
vt 0.159620211 0.194132224
v 0.105404332 2.46061683 -0.101764113
vt 0.162121475 0.205248535
f 1504/1504 1505/1505 1506/1506
v 0.273689568 3.70559216 0.127801761
vt 0.645278573 0.55649972
v 0.299732745 3.83215261 0.123001412
vt 0.647840202 0.577423215
v 0.0509089455 3.82772183 0.12594004
vt 0.608168185 0.575982034
f 1507/1507 1508/1508 1509/1509
v 0.0509089455 3.82772183 0.12594004
vt 0.608168185 0.575982034
v 0.0509089455 3.70530653 0.134463832
vt 0.608168185 0.55559808
v 0.273689568 3.70559216 0.127801761
vt 0.645278573 0.55649972
f 1510/1510 1511/1511 1512/1512
v 0.229085058 3.29322195 -0.221655995
vt 0.308677644 0.70481658
v 0.257065505 3.65842557 -0.29459843
vt 0.364935279 0.70727855
v 0.368298352 3.62073278 -0.110960975
vt 0.349074364 0.744317651
f 1513/1513 1514/1514 1515/1515
v 0.368298352 3.62073278 -0.110960975
vt 0.349074364 0.744317651
v 0.309438199 3.31180739 -0.0750701129
vt 0.30581066 0.737346888
v 0.229085058 3.29322195 -0.221655995
vt 0.308677644 0.70481658
f 1516/1516 1517/1517 1518/1518
v 0.216322228 3.33413672 0.148105457
vt 0.637717426 0.499643683
v 0.255252689 3.5973177 0.12447454
vt 0.643370509 0.538348258
v 0.0509089455 3.59602737 0.130674347
vt 0.608168185 0.537642837
f 1519/1519 1520/1520 1521/1521
v 0.0509089455 3.59602737 0.130674347
vt 0.608168185 0.537642837
v 0.0509089455 3.33268261 0.154305279
vt 0.608168244 0.500126839
v 0.216322228 3.33413672 0.148105457
vt 0.637717426 0.499643683
f 1522/1522 1523/1523 1524/1524
v 0.309438199 3.31180739 -0.0750701129
vt 0.67654407 0.501222432
v 0.368298352 3.62073278 -0.110960975
vt 0.684695125 0.544345081
v 0.255252689 3.5973177 0.12447454
vt 0.643370509 0.538348258
f 1525/1525 1526/1526 1527/1527
v 0.255252689 3.5973177 0.12447454
vt 0.643370509 0.538348258
v 0.216322228 3.33413672 0.148105457
vt 0.637717426 0.499643683
v 0.309438199 3.31180739 -0.0750701129
vt 0.67654407 0.501222432
f 1528/1528 1529/1529 1530/1530
v 0.401430905 3.90420723 -0.0708717108
vt 0.682247221 0.591695845
v 0.400096834 4.03371239 -0.00984125212
vt 0.672477067 0.614304066
v 0.295834035 4.02438641 0.089975521
vt 0.649076998 0.608538926
f 1531/1531 1532/1532 1533/1533
v 0.295834035 4.02438641 0.089975521
vt 0.649076998 0.608538926
v 0.299732745 3.83215261 0.123001412
vt 0.647840202 0.577423215
v 0.401430905 3.90420723 -0.0708717108
vt 0.682247221 0.591695845
f 1534/1534 1535/1535 1536/1536
v 0.274763286 3.82156253 -0.35855481
vt 0.39406237 0.707490742
v 0.448811471 3.9597795 -0.314023346
vt 0.417845547 0.736717045
v 0.385935187 3.77368617 -0.13544783
vt 0.373343229 0.747184396
f 1537/1537 1538/1538 1539/1539
v 0.0509089455 3.99170327 -0.383950949
vt 0.420876682 0.670685351
v 0.279542059 3.99235463 -0.362753212
vt 0.421941549 0.707193732
v 0.274763286 3.82156253 -0.35855481
vt 0.39406237 0.707490742
f 1540/1540 1541/1541 1542/1542
v 0.274763286 3.82156253 -0.35855481
vt 0.39406237 0.707490742
v 0.0509089455 3.81871033 -0.372841567
vt 0.393028706 0.670685351
v 0.0509089455 3.99170327 -0.383950949
vt 0.420876682 0.670685351
f 1543/1543 1544/1544 1545/1545
v 0.385935187 3.77368617 -0.13544783
vt 0.690454423 0.569020689
v 0.401430905 3.90420723 -0.0708717108
vt 0.682247221 0.591695845
v 0.273689568 3.70559216 0.127801761
vt 0.645278573 0.55649972
f 1546/1546 1547/1547 1548/1548
v 0.0509089455 4.11530972 -0.343140364
vt 0.441710174 0.670685351
v 0.0509089455 4.19787073 -0.287966847
vt 0.457628906 0.670685351
v 0.225964829 4.19558096 -0.266644657
vt 0.458797544 0.69934994
f 1549/1549 1550/1550 1551/1551
v 0.225964829 4.19558096 -0.266644657
vt 0.458797544 0.69934994
v 0.271485597 4.11478376 -0.320190132
vt 0.442776948 0.706266105
v 0.0509089455 4.11530972 -0.343140364
vt 0.441710174 0.670685351
f 1552/1552 1553/1553 1554/1554
v 0.299732745 3.83215261 0.123001412
vt 0.647840202 0.577423215
v 0.295834035 4.02438641 0.089975521
vt 0.649076998 0.608538926
v 0.0509089455 4.02141953 0.106413543
vt 0.608168185 0.608788311
f 1555/1555 1556/1556 1557/1557
v 0.0509089455 4.02141953 0.106413543
vt 0.608168185 0.608788311
v 0.0509089455 3.82772183 0.12594004
vt 0.608168185 0.575982034
v 0.299732745 3.83215261 0.123001412
vt 0.647840202 0.577423215
f 1558/1558 1559/1559 1560/1560
v 0.279542059 3.99235463 -0.362753212
vt 0.421941549 0.707193732
v 0.401731879 4.1091404 -0.304765522
vt 0.442440957 0.727862656
v 0.448811471 3.9597795 -0.314023346
vt 0.417845547 0.736717045
f 1561/1561 1562/1562 1563/1563
v 0.0509089455 4.11530972 -0.343140364
vt 0.441710174 0.670685351
v 0.271485597 4.11478376 -0.320190132
vt 0.442776948 0.706266105
v 0.279542059 3.99235463 -0.362753212
vt 0.421941549 0.707193732
f 1564/1564 1565/1565 1566/1566
v 0.279542059 3.99235463 -0.362753212
vt 0.421941549 0.707193732
v 0.0509089455 3.99170327 -0.383950949
vt 0.420876682 0.670685351
v 0.0509089455 4.11530972 -0.343140364
vt 0.441710174 0.670685351
f 1567/1567 1568/1568 1569/1569
v 0.0509089455 4.19787073 -0.287966847
vt 0.457628906 0.670685351
v 0.0509089455 4.35743141 -0.15640682
vt 0.491549939 0.670685351
v 0.15650709 4.3353343 -0.122169405
vt 0.492297143 0.689330101
f 1570/1570 1571/1571 1572/1572
v 0.15650709 4.3353343 -0.122169405
vt 0.492297143 0.689330101
v 0.225964829 4.19558096 -0.266644657
vt 0.458797544 0.69934994
v 0.0509089455 4.19787073 -0.287966847
vt 0.457628906 0.670685351
f 1573/1573 1574/1574 1575/1575
v 0.400096834 4.03371239 -0.00984125212
vt 0.672477067 0.614304066
v 0.378031105 4.19332027 -0.0777014196
vt 0.672493577 0.645087779
v 0.287314683 4.11337423 0.0386422686
vt 0.649738252 0.626266897
f 1576/1576 1577/1577 1578/1578
v 0.287314683 4.11337423 0.0386422686
vt 0.649738252 0.626266897
v 0.295834035 4.02438641 0.089975521
vt 0.649076998 0.608538926
v 0.400096834 4.03371239 -0.00984125212
vt 0.672477067 0.614304066
f 1579/1579 1580/1580 1581/1581
v 0.287314683 4.11337423 0.0386422686
vt 0.649738252 0.626266897
v 0.0509089455 4.11634207 0.0553520508
vt 0.608168185 0.626801074
v 0.0509089455 4.02141953 0.106413543
vt 0.608168185 0.608788311
f 1582/1582 1583/1583 1584/1584
v 0.0509089455 4.02141953 0.106413543
vt 0.608168185 0.608788311
v 0.295834035 4.02438641 0.089975521
vt 0.649076998 0.608538926
v 0.287314683 4.11337423 0.0386422686
vt 0.649738252 0.626266897
f 1585/1585 1586/1586 1587/1587
v 0.271485597 4.11478376 -0.320190132
vt 0.442776948 0.706266105
v 0.225964829 4.19558096 -0.266644657
vt 0.458797544 0.69934994
v 0.378645122 4.22224712 -0.222296044
vt 0.465792537 0.72500658
f 1588/1588 1589/1589 1590/1590
v 0.378645122 4.22224712 -0.222296044
vt 0.465792537 0.72500658
v 0.401731879 4.1091404 -0.304765522
vt 0.442440957 0.727862656
v 0.271485597 4.11478376 -0.320190132
vt 0.442776948 0.706266105
f 1591/1591 1592/1592 1593/1593
v -0.054689195 4.3353343 -0.122169405
vt 0.971836507 0.920385599
v -0.0902098715 4.30875874 -0.0419756472
vt 0.972209513 0.934709311
v -0.073606126 4.48668766 0.0352667831
vt 0.92943722 0.941247344
f 1594/1594 1595/1595 1596/1596
v -0.073606126 4.48668766 0.0352667831
vt 0.92943722 0.941247344
v -0.0460384078 4.54154491 -0.0293144118
vt 0.920300305 0.924894869
v -0.054689195 4.3353343 -0.122169405
vt 0.971836507 0.920385599
f 1597/1597 1598/1598 1599/1599
v 0.192027763 4.30875874 -0.0419756472
vt 0.639980435 0.665648401
v 0.15982987 4.29242325 0.0399960168
vt 0.627110541 0.65736872
v 0.287314683 4.11337423 0.0386422686
vt 0.649738252 0.626266897
f 1600/1600 1601/1601 1602/1602
v 0.287314683 4.11337423 0.0386422686
vt 0.649738252 0.626266897
v 0.378031105 4.19332027 -0.0777014196
vt 0.672493577 0.645087779
v 0.192027763 4.30875874 -0.0419756472
vt 0.639980435 0.665648401
f 1603/1603 1604/1604 1605/1605
v 0.15982987 4.29242325 0.0399960168
vt 0.627110541 0.65736872
v 0.0509089455 4.28779078 0.0580646284
vt 0.608168185 0.656539381
v 0.0509089455 4.11634207 0.0553520508
vt 0.608168185 0.626801074
f 1606/1606 1607/1607 1608/1608
v 0.0509089455 4.11634207 0.0553520508
vt 0.608168185 0.626801074
v 0.287314683 4.11337423 0.0386422686
vt 0.649738252 0.626266897
v 0.15982987 4.29242325 0.0399960168
vt 0.627110541 0.65736872
f 1609/1609 1610/1610 1611/1611
v 0.225964829 4.19558096 -0.266644657
vt 0.458797544 0.69934994
v 0.15650709 4.3353343 -0.122169405
vt 0.492297143 0.689330101
v 0.378645122 4.22224712 -0.222296044
vt 0.465792537 0.72500658
f 1612/1612 1613/1613 1614/1614
v 0.0509089455 2.90768552 -0.332290053
vt 0.423883885 0.299094915
v 0.0509089455 3.11609554 -0.229019061
vt 0.455391556 0.299094915
v 0.259445369 3.11687398 -0.231310025
vt 0.455615014 0.33252281
f 1615/1615 1616/1616 1617/1617
v 0.259445369 3.11687398 -0.231310025
vt 0.455615014 0.33252281
v 0.310565263 2.90856671 -0.349078566
vt 0.423333347 0.33597222
v 0.0509089455 2.90768552 -0.332290053
vt 0.423883885 0.299094915
f 1618/1618 1619/1619 1620/1620
v 0.310565263 2.90856671 -0.349078566
vt 0.423333347 0.33597222
v 0.259445369 3.11687398 -0.231310025
vt 0.455615014 0.33252281
v 0.357163548 3.07131886 -0.0780696943
vt 0.462109029 0.363235563
f 1621/1621 1622/1622 1623/1623
v 0.357163548 3.07131886 -0.0780696943
vt 0.462109029 0.363235563
v 0.419222683 2.83795071 -0.12431813
vt 0.429967552 0.375122249
v 0.310565263 2.90856671 -0.349078566
vt 0.423333347 0.33597222
f 1624/1624 1625/1625 1626/1626
v 0.310583025 2.77120686 0.131372809
vt 0.0639941245 0.234826237
v 0.419222683 2.83795071 -0.12431813
vt 0.0398027264 0.272964329
v 0.357163548 3.07131886 -0.0780696943
vt 0.0129686547 0.253470272
f 1627/1627 1628/1628 1629/1629
v 0.357163548 3.07131886 -0.0780696943
vt 0.0129686547 0.253470272
v 0.261926174 3.03470922 0.154599905
vt 0.027711587 0.220054314
v 0.310583025 2.77120686 0.131372809
vt 0.0639941245 0.234826237
f 1630/1630 1631/1631 1632/1632
v 0.0509089455 2.77483511 0.130173996
vt 0.0698203444 0.186083809
v 0.310583025 2.77120686 0.131372809
vt 0.0639941245 0.234826237
v 0.261926174 3.03470922 0.154599905
vt 0.027711587 0.220054314
f 1633/1633 1634/1634 1635/1635
v 0.261926174 3.03470922 0.154599905
vt 0.027711587 0.220054314
v 0.0509089455 3.03685546 0.159611061
vt 0.0293934569 0.186083809
v 0.0509089455 2.77483511 0.130173996
vt 0.0698203444 0.186083809
f 1636/1636 1637/1637 1638/1638
v 0.368298352 3.62073278 -0.110960975
vt 0.684695125 0.544345081
v 0.385935187 3.77368617 -0.13544783
vt 0.690454423 0.569020689
v 0.273689568 3.70559216 0.127801761
vt 0.645278573 0.55649972
f 1639/1639 1640/1640 1641/1641
v 0.0509089455 3.81871033 -0.372841567
vt 0.393028706 0.670685351
v 0.274763286 3.82156253 -0.35855481
vt 0.39406237 0.707490742
v 0.257065505 3.65842557 -0.29459843
vt 0.364935279 0.70727855
f 1642/1642 1643/1643 1644/1644
v 0.257065505 3.65842557 -0.29459843
vt 0.364935279 0.70727855
v 0.0509089455 3.65729165 -0.299292117
vt 0.365036011 0.670685291
v 0.0509089455 3.81871033 -0.372841567
vt 0.393028706 0.670685351
f 1645/1645 1646/1646 1647/1647
v 0.257065505 3.65842557 -0.29459843
vt 0.364935279 0.70727855
v 0.274763286 3.82156253 -0.35855481
vt 0.39406237 0.707490742
v 0.385935187 3.77368617 -0.13544783
vt 0.373343229 0.747184396
f 1648/1648 1649/1649 1650/1650
v 0.385935187 3.77368617 -0.13544783
vt 0.373343229 0.747184396
v 0.368298352 3.62073278 -0.110960975
vt 0.349074364 0.744317651
v 0.257065505 3.65842557 -0.29459843
vt 0.364935279 0.70727855
f 1651/1651 1652/1652 1653/1653
v 0.255252689 3.5973177 0.12447454
vt 0.643370509 0.538348258
v 0.273689568 3.70559216 0.127801761
vt 0.645278573 0.55649972
v 0.0509089455 3.70530653 0.134463832
vt 0.608168185 0.55559808
f 1654/1654 1655/1655 1656/1656
v 0.0509089455 3.70530653 0.134463832
vt 0.608168185 0.55559808
v 0.0509089455 3.59602737 0.130674347
vt 0.608168185 0.537642837
v 0.255252689 3.5973177 0.12447454
vt 0.643370509 0.538348258
f 1657/1657 1658/1658 1659/1659
v 0.448811471 3.9597795 -0.314023346
vt 0.256849229 0.81189543
v 0.860020399 3.4355967 -0.313545853
vt 0.338140219 0.836572945
v 0.833568335 3.4122808 -0.228406966
vt 0.334380537 0.85204953
f 1660/1660 1661/1661 1662/1662
v 0.833568335 3.4122808 -0.228406966
vt 0.334380537 0.85204953
v 0.401430905 3.90420723 -0.0708717108
vt 0.25362131 0.85455358
v 0.448811471 3.9597795 -0.314023346
vt 0.256849229 0.81189543
f 1663/1663 1664/1664 1665/1665
v 0.465337127 4.20724916 -0.204875097
vt 0.238493383 0.770531416
v 0.501119435 4.1280508 -0.271650732
vt 0.249153927 0.78415513
v 0.401731879 4.1091404 -0.304765522
vt 0.236420602 0.79556036
f 1666/1666 1667/1667 1668/1668
v 0.401731879 4.1091404 -0.304765522
vt 0.236420602 0.79556036
v 0.378645122 4.22224712 -0.222296044
vt 0.224699661 0.77557236
v 0.465337127 4.20724916 -0.204875097
vt 0.238493383 0.770531416
f 1669/1669 1670/1670 1671/1671
v 0.448811471 3.9597795 -0.314023346
vt 0.417845547 0.736717045
v 0.401430905 3.90420723 -0.0708717108
vt 0.387200773 0.766311646
v 0.385935187 3.77368617 -0.13544783
vt 0.373343229 0.747184396
f 1672/1672 1673/1673 1674/1674
v 0.475375324 4.18364716 -0.0728528127
vt 0.760976255 0.249214008
v 0.576234043 4.13968992 -0.108908758
vt 0.752079666 0.263128042
v 0.57218045 4.14970684 -0.159965172
vt 0.743688405 0.260604173
f 1675/1675 1676/1676 1677/1677
v 0.57218045 4.14970684 -0.159965172
vt 0.743688405 0.260604173
v 0.465337127 4.20724916 -0.204875097
vt 0.742943168 0.238219708
v 0.475375324 4.18364716 -0.0728528127
vt 0.760976255 0.249214008
f 1678/1678 1679/1679 1680/1680
v 0.401731879 4.1091404 -0.304765522
vt 0.442440957 0.727862656
v 0.279542059 3.99235463 -0.362753212
vt 0.421941549 0.707193732
v 0.271485597 4.11478376 -0.320190132
vt 0.442776948 0.706266105
f 1681/1681 1682/1682 1683/1683
v 0.15650709 4.3353343 -0.122169405
vt 0.643421173 0.681165814
v 0.192027763 4.30875874 -0.0419756472
vt 0.639980435 0.665648401
v 0.378031105 4.19332027 -0.0777014196
vt 0.672493577 0.645087779
f 1684/1684 1685/1685 1686/1686
v 0.378031105 4.19332027 -0.0777014196
vt 0.672493577 0.645087779
v 0.378645122 4.22224712 -0.222296044
vt 0.687420785 0.665853679
v 0.15650709 4.3353343 -0.122169405
vt 0.643421173 0.681165814
f 1687/1687 1688/1688 1689/1689
v 0.586406231 4.11634731 -0.190098152
vt 0.263942689 0.771662116
v 0.614418447 4.05684423 -0.191302046
vt 0.273985505 0.776375771
v 0.57698077 3.99785471 -0.258837104
vt 0.272526622 0.792537332
f 1690/1690 1691/1691 1692/1692
v 0.57698077 3.99785471 -0.258837104
vt 0.272526622 0.792537332
v 0.501119435 4.1280508 -0.271650732
vt 0.249153927 0.78415513
v 0.586406231 4.11634731 -0.190098152
vt 0.263942689 0.771662116
f 1693/1693 1694/1694 1695/1695
v 0.378031105 4.19332027 -0.0777014196
vt 0.768742621 0.235747293
v 0.475375324 4.18364716 -0.0728528127
vt 0.760976255 0.249214008
v 0.465337127 4.20724916 -0.204875097
vt 0.742943168 0.238219708
f 1696/1696 1697/1697 1698/1698
v 0.465337127 4.20724916 -0.204875097
vt 0.742943168 0.238219708
v 0.378645122 4.22224712 -0.222296044
vt 0.747145593 0.223811984
v 0.378031105 4.19332027 -0.0777014196
vt 0.768742621 0.235747293
f 1699/1699 1700/1700 1701/1701
v 0.55455184 3.95616031 -0.060445562
vt 0.77479589 0.285910785
v 0.525575817 4.0686307 -0.0222789794
vt 0.769208789 0.267548651
v 0.400096834 4.03371239 -0.00984125212
vt 0.788120031 0.258499146
f 1702/1702 1703/1703 1704/1704
v 0.400096834 4.03371239 -0.00984125212
vt 0.788120031 0.258499146
v 0.401430905 3.90420723 -0.0708717108
vt 0.80191797 0.277599007
v 0.55455184 3.95616031 -0.060445562
vt 0.77479589 0.285910785
f 1705/1705 1706/1706 1707/1707
v 0.400096834 4.03371239 -0.00984125212
vt 0.788120031 0.258499146
v 0.525575817 4.0686307 -0.0222789794
vt 0.769208789 0.267548651
v 0.475375324 4.18364716 -0.0728528127
vt 0.760976255 0.249214008
f 1708/1708 1709/1709 1710/1710
v 0.475375324 4.18364716 -0.0728528127
vt 0.760976255 0.249214008
v 0.378031105 4.19332027 -0.0777014196
vt 0.768742621 0.235747293
v 0.400096834 4.03371239 -0.00984125212
vt 0.788120031 0.258499146
f 1711/1711 1712/1712 1713/1713
v 0.501119435 4.1280508 -0.271650732
vt 0.249153927 0.78415513
v 0.57698077 3.99785471 -0.258837104
vt 0.272526622 0.792537332
v 0.448811471 3.9597795 -0.314023346
vt 0.256849229 0.81189543
f 1714/1714 1715/1715 1716/1716
v 0.448811471 3.9597795 -0.314023346
vt 0.256849229 0.81189543
v 0.401731879 4.1091404 -0.304765522
vt 0.236420602 0.79556036
v 0.501119435 4.1280508 -0.271650732
vt 0.249153927 0.78415513
f 1717/1717 1718/1718 1719/1719
v 0.596667945 4.09087372 -0.091297321
vt 0.755429208 0.2708354
v 0.605252683 4.03968525 -0.114435509
vt 0.755257726 0.27978453
v 0.614418447 4.05684423 -0.191302046
vt 0.740673423 0.279533684
f 1720/1720 1721/1721 1722/1722
v 0.614418447 4.05684423 -0.191302046
vt 0.740673423 0.279533684
v 0.586406231 4.11634731 -0.190098152
vt 0.738434374 0.267200828
v 0.596667945 4.09087372 -0.091297321
vt 0.755429208 0.2708354
f 1723/1723 1724/1724 1725/1725
v 0.576234043 4.13968992 -0.108908758
vt 0.752079666 0.263128042
v 0.596667945 4.09087372 -0.091297321
vt 0.755429208 0.2708354
v 0.586406231 4.11634731 -0.190098152
vt 0.738434374 0.267200828
f 1726/1726 1727/1727 1728/1728
v 0.586406231 4.11634731 -0.190098152
vt 0.738434374 0.267200828
v 0.57218045 4.14970684 -0.159965172
vt 0.743688405 0.260604173
v 0.576234043 4.13968992 -0.108908758
vt 0.752079666 0.263128042
f 1729/1729 1730/1730 1731/1731
v 0.57218045 4.14970684 -0.159965172
vt 0.259717554 0.76525104
v 0.586406231 4.11634731 -0.190098152
vt 0.263942689 0.771662116
v 0.501119435 4.1280508 -0.271650732
vt 0.249153927 0.78415513
f 1732/1732 1733/1733 1734/1734
v 0.501119435 4.1280508 -0.271650732
vt 0.249153927 0.78415513
v 0.465337127 4.20724916 -0.204875097
vt 0.238493383 0.770531416
v 0.57218045 4.14970684 -0.159965172
vt 0.259717554 0.76525104
f 1735/1735 1736/1736 1737/1737
v 0.525575817 4.0686307 -0.0222789794
vt 0.769208789 0.267548651
v 0.596667945 4.09087372 -0.091297321
vt 0.755429208 0.2708354
v 0.576234043 4.13968992 -0.108908758
vt 0.752079666 0.263128042
f 1738/1738 1739/1739 1740/1740
v 0.576234043 4.13968992 -0.108908758
vt 0.752079666 0.263128042
v 0.475375324 4.18364716 -0.0728528127
vt 0.760976255 0.249214008
v 0.525575817 4.0686307 -0.0222789794
vt 0.769208789 0.267548651
f 1741/1741 1742/1742 1743/1743
v 0.605252683 4.03968525 -0.114435509
vt 0.755257726 0.27978453
v 0.596667945 4.09087372 -0.091297321
vt 0.755429208 0.2708354
v 0.525575817 4.0686307 -0.0222789794
vt 0.769208789 0.267548651
f 1744/1744 1745/1745 1746/1746
v 0.525575817 4.0686307 -0.0222789794
vt 0.769208789 0.267548651
v 0.55455184 3.95616031 -0.060445562
vt 0.77479589 0.285910785
v 0.605252683 4.03968525 -0.114435509
vt 0.755257726 0.27978453
f 1747/1747 1748/1748 1749/1749
v 0.57698077 3.99785471 -0.258837104
vt 0.272526622 0.792537332
v 0.930000067 3.48134875 -0.335246474
vt 0.343544692 0.822782516
v 0.860020399 3.4355967 -0.313545853
vt 0.338140219 0.836572945
f 1750/1750 1751/1751 1752/1752
v 0.860020399 3.4355967 -0.313545853
vt 0.338140219 0.836572945
v 0.448811471 3.9597795 -0.314023346
vt 0.256849229 0.81189543
v 0.57698077 3.99785471 -0.258837104
vt 0.272526622 0.792537332
f 1753/1753 1754/1754 1755/1755
v 0.860020399 3.4355967 -0.313545853
vt 0.338140219 0.836572945
v 0.92685318 3.34943056 -0.319588184
vt 0.356738061 0.840635121
v 0.901877403 3.31398034 -0.243869662
vt 0.35439384 0.85455358
f 1756/1756 1757/1757 1758/1758
v 0.974897325 3.50804901 -0.26913628
vt 0.349093229 0.809433222
v 1.02933049 3.42263579 -0.265097886
vt 0.365352601 0.815070689
v 0.930000067 3.48134875 -0.335246474
vt 0.343544692 0.822782516
f 1759/1759 1760/1760 1761/1761
v 0.55455184 3.95616031 -0.060445562
vt 0.77479589 0.285910785
v 0.875940263 3.44380045 -0.162101194
vt 0.78243041 0.359966367
v 0.947971523 3.49152207 -0.182112798
vt 0.767810345 0.361338407
f 1762/1762 1763/1763 1764/1764
v 0.947971523 3.49152207 -0.182112798
vt 0.767810345 0.361338407
v 0.605252683 4.03968525 -0.114435509
vt 0.755257726 0.27978453
v 0.55455184 3.95616031 -0.060445562
vt 0.77479589 0.285910785
f 1765/1765 1766/1766 1767/1767
v 0.947971523 3.49152207 -0.182112798
vt 0.767810345 0.361338407
v 0.974897325 3.50804901 -0.26913628
vt 0.752027154 0.363422364
v 0.614418447 4.05684423 -0.191302046
vt 0.740673423 0.279533684
f 1768/1768 1769/1769 1770/1770
v 0.614418447 4.05684423 -0.191302046
vt 0.740673423 0.279533684
v 0.605252683 4.03968525 -0.114435509
vt 0.755257726 0.27978453
v 0.947971523 3.49152207 -0.182112798
vt 0.767810345 0.361338407
f 1771/1771 1772/1772 1773/1773
v 0.974897325 3.50804901 -0.26913628
vt 0.349093229 0.809433222
v 0.930000067 3.48134875 -0.335246474
vt 0.343544692 0.822782516
v 0.57698077 3.99785471 -0.258837104
vt 0.272526622 0.792537332
f 1774/1774 1775/1775 1776/1776
v 0.57698077 3.99785471 -0.258837104
vt 0.272526622 0.792537332
v 0.614418447 4.05684423 -0.191302046
vt 0.273985505 0.776375771
v 0.974897325 3.50804901 -0.26913628
vt 0.349093229 0.809433222
f 1777/1777 1778/1778 1779/1779
v 0.833568335 3.4122808 -0.228406966
vt 0.796565115 0.359992653
v 0.875940263 3.44380045 -0.162101194
vt 0.78243041 0.359966367
v 0.55455184 3.95616031 -0.060445562
vt 0.77479589 0.285910785
f 1780/1780 1781/1781 1782/1782
v 0.55455184 3.95616031 -0.060445562
vt 0.77479589 0.285910785
v 0.401430905 3.90420723 -0.0708717108
vt 0.80191797 0.277599007
v 0.833568335 3.4122808 -0.228406966
vt 0.796565115 0.359992653
f 1783/1783 1784/1784 1785/1785
v 0.448811471 3.9597795 -0.314023346
vt 0.417845547 0.736717045
v 0.274763286 3.82156253 -0.35855481
vt 0.39406237 0.707490742
v 0.279542059 3.99235463 -0.362753212
vt 0.421941549 0.707193732
f 1786/1786 1787/1787 1788/1788
v 1.00410521 3.39589858 -0.18997623
vt 0.85387975 0.361675084
v 1.07928658 3.31493402 -0.178457931
vt 0.854407668 0.343467534
v 1.02933049 3.42263579 -0.265097886
vt 0.868537009 0.363804519
f 1789/1789 1790/1790 1791/1791
v 0.92685318 3.34943056 -0.319588184
vt 0.909556448 0.414260507
v 0.998544097 3.24859262 -0.329445392
vt 0.889079511 0.415190965
v 0.901877403 3.31398034 -0.243869662
vt 0.9080652 0.399786413
f 1792/1792 1793/1793 1794/1794
v 0.947971523 3.49152207 -0.182112798
vt 0.767810345 0.361338407
v 1.00410521 3.39589858 -0.18997623
vt 0.76957643 0.380453706
v 1.02933049 3.42263579 -0.265097886
vt 0.75499624 0.380833656
f 1795/1795 1796/1796 1797/1797
v 0.833568335 3.4122808 -0.228406966
vt 0.796565115 0.359992653
v 0.901877403 3.31398034 -0.243869662
vt 0.79737258 0.380833656
v 0.875940263 3.44380045 -0.162101194
vt 0.78243041 0.359966367
f 1798/1798 1799/1799 1800/1800
v 0.875940263 3.44380045 -0.162101194
vt 0.78243041 0.359966367
v 0.940664947 3.34148073 -0.179489121
vt 0.783649683 0.380616665
v 1.00410521 3.39589858 -0.18997623
vt 0.76957643 0.380453706
f 1801/1801 1802/1802 1803/1803
v 1.00410521 3.39589858 -0.18997623
vt 0.76957643 0.380453706
v 0.947971523 3.49152207 -0.182112798
vt 0.767810345 0.361338407
v 0.875940263 3.44380045 -0.162101194
vt 0.78243041 0.359966367
f 1804/1804 1805/1805 1806/1806
v 0.930000067 3.48134875 -0.335246474
vt 0.343544692 0.822782516
v 0.990770221 3.40138483 -0.329869568
vt 0.360206574 0.82733351
v 0.92685318 3.34943056 -0.319588184
vt 0.356738061 0.840635121
f 1807/1807 1808/1808 1809/1809
v 0.92685318 3.34943056 -0.319588184
vt 0.356738061 0.840635121
v 0.860020399 3.4355967 -0.313545853
vt 0.338140219 0.836572945
v 0.930000067 3.48134875 -0.335246474
vt 0.343544692 0.822782516
f 1810/1810 1811/1811 1812/1812
v 1.43620515 2.64203429 -0.0686213896
vt 0.819896817 0.426931113
v 1.40405679 2.6277566 -0.0437027588
vt 0.819422901 0.418951601
v 0.998544097 3.24859262 -0.329445392
vt 0.889079511 0.415190965
f 1813/1813 1814/1814 1815/1815
v 0.998544097 3.24859262 -0.329445392
vt 0.889079511 0.415190965
v 1.06879938 3.31530237 -0.336130351
vt 0.891265452 0.430333614
v 1.43620515 2.64203429 -0.0686213896
vt 0.819896817 0.426931113
f 1816/1816 1817/1817 1818/1818
v 1.00855374 3.24629545 -0.172120973
vt 0.839425802 0.342056304
v 1.420959 2.66575789 0.0265220217
vt 0.846215189 0.273832738
v 1.45311999 2.68018579 0.00174054143
vt 0.854136229 0.273533881
f 1819/1819 1820/1820 1821/1821
v 1.45311999 2.68018579 0.00174054143
vt 0.854136229 0.273533881
v 1.07928658 3.31493402 -0.178457931
vt 0.854407668 0.343467534
v 1.00855374 3.24629545 -0.172120973
vt 0.839425802 0.342056304
f 1822/1822 1823/1823 1824/1824
v 0.901877403 3.31398034 -0.243869662
vt 0.825605094 0.363804519
v 1.00855374 3.24629545 -0.172120973
vt 0.839425802 0.342056304
v 0.940664947 3.34148073 -0.179489121
vt 0.839657485 0.36195913
f 1825/1825 1826/1826 1827/1827
v 0.940664947 3.34148073 -0.179489121
vt 0.839657485 0.36195913
v 1.00855374 3.24629545 -0.172120973
vt 0.839425802 0.342056304
v 1.07928658 3.31493402 -0.178457931
vt 0.854407668 0.343467534
f 1828/1828 1829/1829 1830/1830
v 1.07928658 3.31493402 -0.178457931
vt 0.854407668 0.343467534
v 1.00410521 3.39589858 -0.18997623
vt 0.85387975 0.361675084
v 0.940664947 3.34148073 -0.179489121
vt 0.839657485 0.36195913
f 1831/1831 1832/1832 1833/1833
v 1.06879938 3.31530237 -0.336130351
vt 0.891265452 0.430333614
v 0.998544097 3.24859262 -0.329445392
vt 0.889079511 0.415190965
v 0.92685318 3.34943056 -0.319588184
vt 0.909556448 0.414260507
f 1834/1834 1835/1835 1836/1836
v 0.92685318 3.34943056 -0.319588184
vt 0.909556448 0.414260507
v 0.990770221 3.40138483 -0.329869568
vt 0.910169125 0.42811954
v 1.06879938 3.31530237 -0.336130351
vt 0.891265452 0.430333614
f 1837/1837 1838/1838 1839/1839
v 1.02933049 3.42263579 -0.265097886
vt 0.910285234 0.441766471
v 1.06879938 3.31530237 -0.336130351
vt 0.891265452 0.430333614
v 0.990770221 3.40138483 -0.329869568
vt 0.910169125 0.42811954
f 1840/1840 1841/1841 1842/1842
v 1.10954142 3.34725761 -0.260830909
vt 0.891783834 0.445854008
v 1.46079481 2.66834855 -0.0462248474
vt 0.820689142 0.434426755
v 1.43620515 2.64203429 -0.0686213896
vt 0.819896817 0.426931113
f 1843/1843 1844/1844 1845/1845
v 1.43620515 2.64203429 -0.0686213896
vt 0.819896817 0.426931113
v 1.06879938 3.31530237 -0.336130351
vt 0.891265452 0.430333614
v 1.10954142 3.34725761 -0.260830909
vt 0.891783834 0.445854008
f 1846/1846 1847/1847 1848/1848
v 1.40405679 2.6277566 -0.0437027588
vt 0.819422901 0.418951601
v 1.39643657 2.63980317 0.00400102139
vt 0.819007635 0.410136402
v 0.968402863 3.20807028 -0.247179121
vt 0.886677146 0.399786413
f 1849/1849 1850/1850 1851/1851
v 0.968402863 3.20807028 -0.247179121
vt 0.886677146 0.399786413
v 0.998544097 3.24859262 -0.329445392
vt 0.889079511 0.415190965
v 1.40405679 2.6277566 -0.0437027588
vt 0.819422901 0.418951601
f 1852/1852 1853/1853 1854/1854
v 1.07928658 3.31493402 -0.178457931
vt 0.854407668 0.343467534
v 1.45311999 2.68018579 0.00174054143
vt 0.854136229 0.273533881
v 1.46079481 2.66834855 -0.0462248474
vt 0.862974167 0.27310127
f 1855/1855 1856/1856 1857/1857
v 1.46079481 2.66834855 -0.0462248474
vt 0.862974167 0.27310127
v 1.10954142 3.34725761 -0.260830909
vt 0.870034575 0.344630688
v 1.07928658 3.31493402 -0.178457931
vt 0.854407668 0.343467534
f 1858/1858 1859/1859 1860/1860
v 1.39643657 2.63980317 0.00400102139
vt 0.838650823 0.274488211
v 1.420959 2.66575789 0.0265220217
vt 0.846215189 0.273832738
v 1.00855374 3.24629545 -0.172120973
vt 0.839425802 0.342056304
f 1861/1861 1862/1862 1863/1863
v 1.00855374 3.24629545 -0.172120973
vt 0.839425802 0.342056304
v 0.968402863 3.20807028 -0.247179121
vt 0.823794425 0.341485769
v 1.39643657 2.63980317 0.00400102139
vt 0.838650823 0.274488211
f 1864/1864 1865/1865 1866/1866
v 0.273689568 3.70559216 0.127801761
vt 0.645278573 0.55649972
v 0.255252689 3.5973177 0.12447454
vt 0.643370509 0.538348258
v 0.368298352 3.62073278 -0.110960975
vt 0.684695125 0.544345081
f 1867/1867 1868/1868 1869/1869
v 0.401430905 3.90420723 -0.0708717108
vt 0.682247221 0.591695845
v 0.299732745 3.83215261 0.123001412
vt 0.647840202 0.577423215
v 0.273689568 3.70559216 0.127801761
vt 0.645278573 0.55649972
f 1870/1870 1871/1871 1872/1872
v 0.306836098 2.58175063 0.164546013
vt 0.0986762941 0.242949188
v 0.343631774 2.30112839 0.154729426
vt 0.134000152 0.266784251
v 0.469957769 2.37356663 0.0383578055
vt 0.11490076 0.287243098
f 1873/1873 1874/1874 1875/1875
v 0.469957769 2.37356663 0.0383578055
vt 0.11490076 0.287243098
v 0.409505785 2.64527917 0.0428076498
vt 0.0790030137 0.263362795
v 0.306836098 2.58175063 0.164546013
vt 0.0986762941 0.242949188
f 1876/1876 1877/1877 1878/1878
v 0.0983162001 2.56127548 0.0245028324
vt 0.129109412 0.197411925
v 0.0509089455 2.56591082 0.0255543329
vt 0.128136918 0.186083794
v 0.0509089455 2.53715301 -0.120802954
vt 0.158940926 0.186083809
f 1879/1879 1880/1880 1881/1881
v 0.0509089455 2.53715301 -0.120802954
vt 0.158940926 0.186083809
v 0.0989149734 2.52938747 -0.119383171
vt 0.159620211 0.194132224
v 0.0983162001 2.56127548 0.0245028324
vt 0.129109412 0.197411925
f 1882/1882 1883/1883 1884/1884
v 0.126544282 2.21826148 0.000628080394
vt 0.17613408 0.237386853
v 0.204468027 2.21357799 0.126684219
vt 0.155175552 0.252331436
v 0.178631231 2.49317408 0.130626097
vt 0.12342032 0.228615716
f 1885/1885 1886/1886 1887/1887
v 0.178631231 2.49317408 0.130626097
vt 0.12342032 0.228615716
v 0.105404332 2.46061683 -0.101764113
vt 0.162121475 0.205248535
v 0.126544282 2.21826148 0.000628080394
vt 0.17613408 0.237386853
f 1888/1888 1889/1889 1890/1890
v 0.448616564 2.70297217 -0.17493768
vt 0.404705763 0.378060728
v 0.505033374 2.40676022 -0.114476144
vt 0.360896528 0.404352784
v 0.426143169 2.39036012 -0.207150817
vt 0.349315673 0.385640085
f 1891/1891 1892/1892 1893/1893
v 0.426143169 2.39036012 -0.207150817
vt 0.349315673 0.385640085
v 0.373268872 2.66975951 -0.300940484
vt 0.390886098 0.355715364
v 0.448616564 2.70297217 -0.17493768
vt 0.404705763 0.378060728
f 1894/1894 1895/1895 1896/1896
v 0.426143169 2.39036012 -0.207150817
vt 0.349315673 0.385640085
v 0.281593651 2.33602476 -0.238835648
vt 0.329458892 0.364580929
v 0.236528128 2.5885942 -0.335662991
vt 0.369986027 0.334808946
f 1897/1897 1898/1898 1899/1899
v 0.236528128 2.5885942 -0.335662991
vt 0.369986027 0.334808946
v 0.373268872 2.66975951 -0.300940484
vt 0.390886098 0.355715364
v 0.426143169 2.39036012 -0.207150817
vt 0.349315673 0.385640085
f 1900/1900 1901/1901 1902/1902
v 0.129275277 2.50491834 -0.256203264
vt 0.338841558 0.320206523
v 0.105404332 2.46061683 -0.101764113
vt 0.307150066 0.318253994
v 0.0989149734 2.52938747 -0.119383171
vt 0.312916487 0.307703435
f 1903/1903 1904/1904 1905/1905
v 0.0989149734 2.52938747 -0.119383171
vt 0.312916487 0.307703435
v 0.0893917382 2.54366398 -0.285261899
vt 0.347524047 0.307628959
v 0.129275277 2.50491834 -0.256203264
vt 0.338841558 0.320206523
f 1906/1906 1907/1907 1908/1908
v 0.373268872 2.66975951 -0.300940484
vt 0.390886098 0.355715364
v 0.236528128 2.5885942 -0.335662991
vt 0.369986027 0.334808946
v 0.151279405 2.67860723 -0.389475167
vt 0.38528195 0.315720379
f 1909/1909 1910/1910 1911/1911
v 0.151279405 2.67860723 -0.389475167
vt 0.38528195 0.315720379
v 0.310565263 2.90856671 -0.349078566
vt 0.423333347 0.33597222
v 0.373268872 2.66975951 -0.300940484
vt 0.390886098 0.355715364
f 1912/1912 1913/1913 1914/1914
v 0.409505785 2.64527917 0.0428076498
vt 0.0790030137 0.263362795
v 0.448616564 2.70297217 -0.17493768
vt 0.0564679615 0.290572375
v 0.419222683 2.83795071 -0.12431813
vt 0.0398027264 0.272964329
f 1915/1915 1916/1916 1917/1917
v 0.419222683 2.83795071 -0.12431813
vt 0.0398027264 0.272964329
v 0.310583025 2.77120686 0.131372809
vt 0.0639941245 0.234826237
v 0.409505785 2.64527917 0.0428076498
vt 0.0790030137 0.263362795
f 1918/1918 1919/1919 1920/1920
v 0.419222683 2.83795071 -0.12431813
vt 0.429967552 0.375122249
v 0.448616564 2.70297217 -0.17493768
vt 0.404705763 0.378060728
v 0.373268872 2.66975951 -0.300940484
vt 0.390886098 0.355715364
f 1921/1921 1922/1922 1923/1923
v 0.373268872 2.66975951 -0.300940484
vt 0.390886098 0.355715364
v 0.310565263 2.90856671 -0.349078566
vt 0.423333347 0.33597222
v 0.419222683 2.83795071 -0.12431813
vt 0.429967552 0.375122249
f 1924/1924 1925/1925 1926/1926
v 0.467232496 1.94965017 -0.0851000473
vt 0.297056735 0.413764358
v 0.361688972 1.91132867 -0.114196762
vt 0.284958154 0.399099052
v 0.281593651 2.33602476 -0.238835648
vt 0.329458892 0.364580929
f 1927/1927 1928/1928 1929/1929
v 0.281593651 2.33602476 -0.238835648
vt 0.329458892 0.364580929
v 0.426143169 2.39036012 -0.207150817
vt 0.349315673 0.385640085
v 0.467232496 1.94965017 -0.0851000473
vt 0.297056735 0.413764358
f 1930/1930 1931/1931 1932/1932
v 0.268597782 1.88411772 -0.0506696142
vt 0.271243811 0.385542184
v 0.242488563 1.85338151 0.0693314821
vt 0.25601545 0.371981621
v 0.126544282 2.21826148 0.000628080394
vt 0.280765682 0.338966846
f 1933/1933 1934/1934 1935/1935
v 0.126544282 2.21826148 0.000628080394
vt 0.280765682 0.338966846
v 0.159806386 2.24868011 -0.152053475
vt 0.30405131 0.350933224
v 0.268597782 1.88411772 -0.0506696142
vt 0.271243811 0.385542184
f 1936/1936 1937/1937 1938/1938
v 0.469957769 2.37356663 0.0383578055
vt 0.11490076 0.287243098
v 0.495536149 1.91599691 0.139838189
vt 0.166133523 0.309892982
v 0.522886097 1.9400152 0.0197888352
vt 0.156512886 0.327458262
f 1939/1939 1940/1940 1941/1941
v 0.522886097 1.9400152 0.0197888352
vt 0.156512886 0.327458262
v 0.505033374 2.40676022 -0.114476144
vt 0.101542056 0.307739377
v 0.469957769 2.37356663 0.0383578055
vt 0.11490076 0.287243098
f 1942/1942 1943/1943 1944/1944
v 0.204468027 2.21357799 0.126684219
vt 0.155175552 0.252331436
v 0.299041241 1.85290158 0.1751398
vt 0.190553069 0.282124102
v 0.401606143 1.88951874 0.202577978
vt 0.177298024 0.295029372
f 1945/1945 1946/1946 1947/1947
v 0.401606143 1.88951874 0.202577978
vt 0.177298024 0.295029372
v 0.343631774 2.30112839 0.154729426
vt 0.134000152 0.266784251
v 0.204468027 2.21357799 0.126684219
vt 0.155175552 0.252331436
f 1948/1948 1949/1949 1950/1950
v 0.281593651 2.33602476 -0.238835648
vt 0.329458892 0.364580929
v 0.159806386 2.24868011 -0.152053475
vt 0.30405131 0.350933224
v 0.129275277 2.50491834 -0.256203264
vt 0.338841558 0.320206523
f 1951/1951 1952/1952 1953/1953
v 0.129275277 2.50491834 -0.256203264
vt 0.338841558 0.320206523
v 0.236528128 2.5885942 -0.335662991
vt 0.369986027 0.334808946
v 0.281593651 2.33602476 -0.238835648
vt 0.329458892 0.364580929
f 1954/1954 1955/1955 1956/1956
v 0.178631231 2.49317408 0.130626097
vt 0.12342032 0.228615716
v 0.204468027 2.21357799 0.126684219
vt 0.155175552 0.252331436
v 0.343631774 2.30112839 0.154729426
vt 0.134000152 0.266784251
f 1957/1957 1958/1958 1959/1959
v 0.343631774 2.30112839 0.154729426
vt 0.134000152 0.266784251
v 0.306836098 2.58175063 0.164546013
vt 0.0986762941 0.242949188
v 0.178631231 2.49317408 0.130626097
vt 0.12342032 0.228615716
f 1960/1960 1961/1961 1962/1962
v 0.409505785 2.64527917 0.0428076498
vt 0.0790030137 0.263362795
v 0.469957769 2.37356663 0.0383578055
vt 0.11490076 0.287243098
v 0.505033374 2.40676022 -0.114476144
vt 0.101542056 0.307739377
f 1963/1963 1964/1964 1965/1965
v 0.505033374 2.40676022 -0.114476144
vt 0.101542056 0.307739377
v 0.448616564 2.70297217 -0.17493768
vt 0.0564679615 0.290572375
v 0.409505785 2.64527917 0.0428076498
vt 0.0790030137 0.263362795
f 1966/1966 1967/1967 1968/1968
v 0.159806386 2.24868011 -0.152053475
vt 0.30405131 0.350933224
v 0.126544282 2.21826148 0.000628080394
vt 0.280765682 0.338966846
v 0.105404332 2.46061683 -0.101764113
vt 0.307150066 0.318253994
f 1969/1969 1970/1970 1971/1971
v 0.105404332 2.46061683 -0.101764113
vt 0.307150066 0.318253994
v 0.129275277 2.50491834 -0.256203264
vt 0.338841558 0.320206523
v 0.159806386 2.24868011 -0.152053475
vt 0.30405131 0.350933224
f 1972/1972 1973/1973 1974/1974
v 0.299041241 1.85290158 0.1751398
vt 0.190553069 0.282124102
v 0.342161834 1.61078358 0.176661178
vt 0.224204928 0.306459159
v 0.428454459 1.6132232 0.201074392
vt 0.214671195 0.318362534
f 1975/1975 1976/1976 1977/1977
v 0.428454459 1.6132232 0.201074392
vt 0.214671195 0.318362534
v 0.401606143 1.88951874 0.202577978
vt 0.177298024 0.295029372
v 0.299041241 1.85290158 0.1751398
vt 0.190553069 0.282124102
f 1978/1978 1979/1979 1980/1980
v 0.398383707 1.63052607 -0.0442386679
vt 0.247773901 0.424225748
v 0.320630103 1.62248611 0.00247456157
vt 0.237748861 0.412234545
v 0.268597782 1.88411772 -0.0506696142
vt 0.271243811 0.385542184
f 1981/1981 1982/1982 1983/1983
v 0.268597782 1.88411772 -0.0506696142
vt 0.271243811 0.385542184
v 0.361688972 1.91132867 -0.114196762
vt 0.284958154 0.399099052
v 0.398383707 1.63052607 -0.0442386679
vt 0.247773901 0.424225748
f 1984/1984 1985/1985 1986/1986
v 0.401606143 1.88951874 0.202577978
vt 0.177298024 0.295029372
v 0.428454459 1.6132232 0.201074392
vt 0.214671195 0.318362534
v 0.506087422 1.6192807 0.154226542
vt 0.205797434 0.331194669
f 1987/1987 1988/1988 1989/1989
v 0.506087422 1.6192807 0.154226542
vt 0.205797434 0.331194669
v 0.495536149 1.91599691 0.139838189
vt 0.166133523 0.309892982
v 0.401606143 1.88951874 0.202577978
vt 0.177298024 0.295029372
f 1990/1990 1991/1991 1992/1992
v 0.296947777 1.61391532 0.0942679048
vt 0.234432906 0.294663817
v 0.342161834 1.61078358 0.176661178
vt 0.224204928 0.306459159
v 0.299041241 1.85290158 0.1751398
vt 0.190553069 0.282124102
f 1993/1993 1994/1994 1995/1995
v 0.299041241 1.85290158 0.1751398
vt 0.190553069 0.282124102
v 0.242488563 1.85338151 0.0693314821
vt 0.204295158 0.267781943
v 0.296947777 1.61391532 0.0942679048
vt 0.234432906 0.294663817
f 1996/1996 1997/1997 1998/1998
v 0.505033374 2.40676022 -0.114476144
vt 0.360896528 0.404352784
v 0.522886097 1.9400152 0.0197888352
vt 0.306884825 0.431335717
v 0.467232496 1.94965017 -0.0851000473
vt 0.297056735 0.413764358
f 1999/1999 2000/2000 2001/2001
v 0.467232496 1.94965017 -0.0851000473
vt 0.297056735 0.413764358
v 0.426143169 2.39036012 -0.207150817
vt 0.349315673 0.385640085
v 0.505033374 2.40676022 -0.114476144
vt 0.360896528 0.404352784
f 2002/2002 2003/2003 2004/2004
v 0.242488563 1.85338151 0.0693314821
vt 0.204295158 0.267781943
v 0.299041241 1.85290158 0.1751398
vt 0.190553069 0.282124102
v 0.204468027 2.21357799 0.126684219
vt 0.155175552 0.252331436
f 2005/2005 2006/2006 2007/2007
v 0.204468027 2.21357799 0.126684219
vt 0.155175552 0.252331436
v 0.126544282 2.21826148 0.000628080394
vt 0.17613408 0.237386853
v 0.242488563 1.85338151 0.0693314821
vt 0.204295158 0.267781943
f 2008/2008 2009/2009 2010/2010
v 0.343631774 2.30112839 0.154729426
vt 0.134000152 0.266784251
v 0.401606143 1.88951874 0.202577978
vt 0.177298024 0.295029372
v 0.495536149 1.91599691 0.139838189
vt 0.166133523 0.309892982
f 2011/2011 2012/2012 2013/2013
v 0.495536149 1.91599691 0.139838189
vt 0.166133523 0.309892982
v 0.469957769 2.37356663 0.0383578055
vt 0.11490076 0.287243098
v 0.343631774 2.30112839 0.154729426
vt 0.134000152 0.266784251
f 2014/2014 2015/2015 2016/2016
v 0.361688972 1.91132867 -0.114196762
vt 0.284958154 0.399099052
v 0.268597782 1.88411772 -0.0506696142
vt 0.271243811 0.385542184
v 0.159806386 2.24868011 -0.152053475
vt 0.30405131 0.350933224
f 2017/2017 2018/2018 2019/2019
v 0.159806386 2.24868011 -0.152053475
vt 0.30405131 0.350933224
v 0.281593651 2.33602476 -0.238835648
vt 0.329458892 0.364580929
v 0.361688972 1.91132867 -0.114196762
vt 0.284958154 0.399099052
f 2020/2020 2021/2021 2022/2022
v 0.398383707 1.63052607 -0.0442386679
vt 0.247773901 0.424225748
v 0.403360575 1.45985579 -0.0661170855
vt 0.225960642 0.441884667
v 0.330710858 1.46035242 -0.0163433105
vt 0.218096152 0.430118471
f 2023/2023 2024/2024 2025/2025
v 0.428454459 1.6132232 0.201074392
vt 0.214671195 0.318362534
v 0.432071209 1.4652276 0.191519409
vt 0.233802766 0.332525134
v 0.50470382 1.46327579 0.14123258
vt 0.226288512 0.344688475
f 2026/2026 2027/2027 2028/2028
v 0.296947777 1.61391532 0.0942679048
vt 0.234432906 0.294663817
v 0.308847666 1.46230304 0.0801208466
vt 0.253115028 0.310570627
v 0.342161834 1.61078358 0.176661178
vt 0.224204928 0.306459159
f 2029/2029 2030/2030 2031/2031
v 0.529609084 1.62686348 0.0624966957
vt 0.265889287 0.449923724
v 0.526045024 1.46072316 0.0446617566
vt 0.244718865 0.4636572
v 0.484495968 1.6321553 -0.0197467338
vt 0.257202923 0.436652422
f 2032/2032 2033/2033 2034/2034
v 0.495536149 1.91599691 0.139838189
vt 0.166133523 0.309892982
v 0.506087422 1.6192807 0.154226542
vt 0.205797434 0.331194669
v 0.529609084 1.62686348 0.0624966957
vt 0.197876275 0.344922036
f 2035/2035 2036/2036 2037/2037
v 0.529609084 1.62686348 0.0624966957
vt 0.197876275 0.344922036
v 0.522886097 1.9400152 0.0197888352
vt 0.156512886 0.327458262
v 0.495536149 1.91599691 0.139838189
vt 0.166133523 0.309892982
f 2038/2038 2039/2039 2040/2040
v 0.320630103 1.62248611 0.00247456157
vt 0.237748861 0.412234545
v 0.296947777 1.61391532 0.0942679048
vt 0.227223411 0.400366485
v 0.242488563 1.85338151 0.0693314821
vt 0.25601545 0.371981621
f 2041/2041 2042/2042 2043/2043
v 0.242488563 1.85338151 0.0693314821
vt 0.25601545 0.371981621
v 0.268597782 1.88411772 -0.0506696142
vt 0.271243811 0.385542184
v 0.320630103 1.62248611 0.00247456157
vt 0.237748861 0.412234545
f 2044/2044 2045/2045 2046/2046
v 0.484495968 1.6321553 -0.0197467338
vt 0.257202923 0.436652422
v 0.398383707 1.63052607 -0.0442386679
vt 0.247773901 0.424225748
v 0.361688972 1.91132867 -0.114196762
vt 0.284958154 0.399099052
f 2047/2047 2048/2048 2049/2049
v 0.361688972 1.91132867 -0.114196762
vt 0.284958154 0.399099052
v 0.467232496 1.94965017 -0.0851000473
vt 0.297056735 0.413764358
v 0.484495968 1.6321553 -0.0197467338
vt 0.257202923 0.436652422
f 2050/2050 2051/2051 2052/2052
v 0.522886097 1.9400152 0.0197888352
vt 0.306884825 0.431335717
v 0.529609084 1.62686348 0.0624966957
vt 0.265889287 0.449923724
v 0.484495968 1.6321553 -0.0197467338
vt 0.257202923 0.436652422
f 2053/2053 2054/2054 2055/2055
v 0.484495968 1.6321553 -0.0197467338
vt 0.257202923 0.436652422
v 0.467232496 1.94965017 -0.0851000473
vt 0.297056735 0.413764358
v 0.522886097 1.9400152 0.0197888352
vt 0.306884825 0.431335717
f 2056/2056 2057/2057 2058/2058
v 0.308847666 1.46230304 0.0801208466
vt 0.761426985 0.767859459
v 0.329058021 1.26563227 0.0296613015
vt 0.729127228 0.765428007
v 0.370021641 1.26774406 0.0962032825
vt 0.731805086 0.751430869
f 2059/2059 2060/2060 2061/2061
v 0.526045024 1.46072316 0.0446617566
vt 0.647787929 0.420370311
v 0.538499296 1.2816664 0.00213168212
vt 0.650717258 0.389952302
v 0.49754709 1.28050315 -0.0646439642
vt 0.664767027 0.388262331
f 2062/2062 2063/2063 2064/2064
v 0.483659744 1.45995998 -0.0410943143
vt 0.664657772 0.41840899
v 0.49754709 1.28050315 -0.0646439642
vt 0.664767027 0.388262331
v 0.419302046 1.27488112 -0.0839469507
vt 0.679476619 0.387908101
f 2065/2065 2066/2066 2067/2067
v 0.419302046 1.27488112 -0.0839469507
vt 0.679476619 0.387908101
v 0.403360575 1.45985579 -0.0661170855
vt 0.679541171 0.418932587
v 0.483659744 1.45995998 -0.0410943143
vt 0.664657772 0.41840899
f 2068/2068 2069/2069 2070/2070
v 0.330710858 1.46035242 -0.0163433105
vt 0.694874048 0.421181738
v 0.349487454 1.26874352 -0.0449066535
vt 0.693951249 0.389041245
v 0.329058021 1.26563227 0.0296613015
vt 0.7074911 0.391094834
f 2071/2071 2072/2072 2073/2073
v 0.329058021 1.26563227 0.0296613015
vt 0.7074911 0.391094834
v 0.308847666 1.46230304 0.0801208466
vt 0.712127984 0.424180597
v 0.330710858 1.46035242 -0.0163433105
vt 0.694874048 0.421181738
f 2074/2074 2075/2075 2076/2076
v 0.351209491 1.46484292 0.166367099
vt 0.2422086 0.321722031
v 0.432071209 1.4652276 0.191519409
vt 0.233802766 0.332525134
v 0.428454459 1.6132232 0.201074392
vt 0.214671195 0.318362534
f 2077/2077 2078/2078 2079/2079
v 0.428454459 1.6132232 0.201074392
vt 0.214671195 0.318362534
v 0.342161834 1.61078358 0.176661178
vt 0.224204928 0.306459159
v 0.351209491 1.46484292 0.166367099
vt 0.2422086 0.321722031
f 2080/2080 2081/2081 2082/2082
v 0.50470382 1.46327579 0.14123258
vt 0.226288512 0.344688475
v 0.526045024 1.46072316 0.0446617566
vt 0.219157562 0.359160215
v 0.529609084 1.62686348 0.0624966957
vt 0.197876275 0.344922036
f 2083/2083 2084/2084 2085/2085
v 0.529609084 1.62686348 0.0624966957
vt 0.197876275 0.344922036
v 0.506087422 1.6192807 0.154226542
vt 0.205797434 0.331194669
v 0.50470382 1.46327579 0.14123258
vt 0.226288512 0.344688475
f 2086/2086 2087/2087 2088/2088
v 0.320630103 1.62248611 0.00247456157
vt 0.237748861 0.412234545
v 0.330710858 1.46035242 -0.0163433105
vt 0.218096152 0.430118471
v 0.308847666 1.46230304 0.0801208466
vt 0.209086671 0.416880041
f 2089/2089 2090/2090 2091/2091
v 0.308847666 1.46230304 0.0801208466
vt 0.209086671 0.416880041
v 0.296947777 1.61391532 0.0942679048
vt 0.227223411 0.400366485
v 0.320630103 1.62248611 0.00247456157
vt 0.237748861 0.412234545
f 2092/2092 2093/2093 2094/2094
v 0.483659744 1.45995998 -0.0410943143
vt 0.234559715 0.452352256
v 0.403360575 1.45985579 -0.0661170855
vt 0.225960642 0.441884667
v 0.398383707 1.63052607 -0.0442386679
vt 0.247773901 0.424225748
f 2095/2095 2096/2096 2097/2097
v 0.398383707 1.63052607 -0.0442386679
vt 0.247773901 0.424225748
v 0.484495968 1.6321553 -0.0197467338
vt 0.257202923 0.436652422
v 0.483659744 1.45995998 -0.0410943143
vt 0.234559715 0.452352256
f 2098/2098 2099/2099 2100/2100
v 0.349487454 1.26874352 -0.0449066535
vt 0.693951249 0.389041245
v 0.320434541 1.06800008 -0.147844926
vt 0.694589019 0.350122452
v 0.288912892 1.03787732 -0.0676968768
vt 0.711339533 0.34719044
f 2101/2101 2102/2102 2103/2103
v 0.288912892 1.03787732 -0.0676968768
vt 0.711339533 0.34719044
v 0.329058021 1.26563227 0.0296613015
vt 0.7074911 0.391094834
v 0.349487454 1.26874352 -0.0449066535
vt 0.693951249 0.389041245
f 2104/2104 2105/2105 2106/2106
v 0.504113913 1.01793683 -0.0228758492
vt 0.680113196 0.719724417
v 0.535220325 1.04472852 -0.101398371
vt 0.683860421 0.703123689
v 0.538499296 1.2816664 0.00213168212
vt 0.730349064 0.707474172
f 2107/2107 2108/2108 2109/2109
v 0.538499296 1.2816664 0.00213168212
vt 0.730349064 0.707474172
v 0.517695248 1.27867568 0.0766488463
vt 0.732183516 0.721343815
v 0.504113913 1.01793683 -0.0228758492
vt 0.680113196 0.719724417
f 2110/2110 2111/2111 2112/2112
v 0.370021641 1.26774406 0.0962032825
vt 0.731805086 0.751430869
v 0.329546958 1.00732648 -0.000319290761
vt 0.681173801 0.751628458
v 0.418651193 1.00038123 0.0187830515
vt 0.678778112 0.735750318
f 2113/2113 2114/2114 2115/2115
v 0.418651193 1.00038123 0.0187830515
vt 0.678778112 0.735750318
v 0.448003173 1.27337122 0.11550881
vt 0.733134866 0.736369848
v 0.370021641 1.26774406 0.0962032825
vt 0.731805086 0.751430869
f 2116/2116 2117/2117 2118/2118
v 0.419302046 1.27488112 -0.0839469507
vt 0.679476619 0.387908101
v 0.405406415 1.08109057 -0.192201152
vt 0.679011941 0.350138932
v 0.320434541 1.06800008 -0.147844926
vt 0.694589019 0.350122452
f 2119/2119 2120/2120 2121/2121
v 0.320434541 1.06800008 -0.147844926
vt 0.694589019 0.350122452
v 0.349487454 1.26874352 -0.0449066535
vt 0.693951249 0.389041245
v 0.419302046 1.27488112 -0.0839469507
vt 0.679476619 0.387908101
f 2122/2122 2123/2123 2124/2124
v 0.432071209 1.4652276 0.191519409
vt 0.767859757 0.738692284
v 0.448003173 1.27337122 0.11550881
vt 0.733134866 0.736369848
v 0.50470382 1.46327579 0.14123258
vt 0.764615417 0.724342108
f 2125/2125 2126/2126 2127/2127
v 0.403360575 1.45985579 -0.0661170855
vt 0.679541171 0.418932587
v 0.419302046 1.27488112 -0.0839469507
vt 0.679476619 0.387908101
v 0.330710858 1.46035242 -0.0163433105
vt 0.694874048 0.421181738
f 2128/2128 2129/2129 2130/2130
v 0.351209491 1.46484292 0.166367099
vt 0.766529143 0.752749741
v 0.370021641 1.26774406 0.0962032825
vt 0.731805086 0.751430869
v 0.448003173 1.27337122 0.11550881
vt 0.733134866 0.736369848
f 2131/2131 2132/2132 2133/2133
v 0.448003173 1.27337122 0.11550881
vt 0.733134866 0.736369848
v 0.432071209 1.4652276 0.191519409
vt 0.767859757 0.738692284
v 0.351209491 1.46484292 0.166367099
vt 0.766529143 0.752749741
f 2134/2134 2135/2135 2136/2136
v 0.517695248 1.27867568 0.0766488463
vt 0.732183516 0.721343815
v 0.538499296 1.2816664 0.00213168212
vt 0.730349064 0.707474172
v 0.526045024 1.46072316 0.0446617566
vt 0.759918571 0.708407879
f 2137/2137 2138/2138 2139/2139
v 0.526045024 1.46072316 0.0446617566
vt 0.759918571 0.708407879
v 0.50470382 1.46327579 0.14123258
vt 0.764615417 0.724342108
v 0.517695248 1.27867568 0.0766488463
vt 0.732183516 0.721343815
f 2140/2140 2141/2141 2142/2142
v 0.385350376 0.276045442 -0.104687504
vt 0.584788144 0.748084724
v 0.432417929 0.279227883 -0.0884094909
vt 0.584799767 0.73977232
v 0.418651193 1.00038123 0.0187830515
vt 0.678778112 0.735750318
f 2143/2143 2144/2144 2145/2145
v 0.418651193 1.00038123 0.0187830515
vt 0.678778112 0.735750318
v 0.329546958 1.00732648 -0.000319290761
vt 0.681173801 0.751628458
v 0.385350376 0.276045442 -0.104687504
vt 0.584788144 0.748084724
f 2146/2146 2147/2147 2148/2148
v 0.412269145 0.265666276 -0.258682191
vt 0.69005233 0.240299731
v 0.363237649 0.264433175 -0.223751381
vt 0.700475931 0.24097687
v 0.320434541 1.06800008 -0.147844926
vt 0.694589019 0.350122452
f 2149/2149 2150/2150 2151/2151
v 0.320434541 1.06800008 -0.147844926
vt 0.694589019 0.350122452
v 0.405406415 1.08109057 -0.192201152
vt 0.679011941 0.350138932
v 0.412269145 0.265666276 -0.258682191
vt 0.69005233 0.240299731
f 2152/2152 2153/2153 2154/2154
v 0.418651193 1.00038123 0.0187830515
vt 0.678778112 0.735750318
v 0.432417929 0.279227883 -0.0884094909
vt 0.584799767 0.73977232
v 0.475397557 0.275987029 -0.120889314
vt 0.583535433 0.73087883
f 2155/2155 2156/2156 2157/2157
v 0.475397557 0.275987029 -0.120889314
vt 0.583535433 0.73087883
v 0.504113913 1.01793683 -0.0228758492
vt 0.680113196 0.719724417
v 0.418651193 1.00038123 0.0187830515
vt 0.678778112 0.735750318
f 2158/2158 2159/2159 2160/2160
v 0.349626511 0.267539412 -0.161194459
vt 0.583524704 0.759210646
v 0.385350376 0.276045442 -0.104687504
vt 0.584788144 0.748084724
v 0.329546958 1.00732648 -0.000319290761
vt 0.681173801 0.751628458
f 2161/2161 2162/2162 2163/2163
v 0.329546958 1.00732648 -0.000319290761
vt 0.681173801 0.751628458
v 0.288912892 1.03787732 -0.0676968768
vt 0.68570292 0.767859578
v 0.349626511 0.267539412 -0.161194459
vt 0.583524704 0.759210646
f 2164/2164 2165/2165 2166/2166
v 0.494033813 1.07280302 -0.172499418
vt 0.66386801 0.347257316
v 0.405406415 1.08109057 -0.192201152
vt 0.679011941 0.350138932
v 0.419302046 1.27488112 -0.0839469507
vt 0.679476619 0.387908101
f 2167/2167 2168/2168 2169/2169
v 0.419302046 1.27488112 -0.0839469507
vt 0.679476619 0.387908101
v 0.49754709 1.28050315 -0.0646439642
vt 0.664767027 0.388262331
v 0.494033813 1.07280302 -0.172499418
vt 0.66386801 0.347257316
f 2170/2170 2171/2171 2172/2172
v 0.535220325 1.04472852 -0.101398371
vt 0.647787929 0.342042208
v 0.494033813 1.07280302 -0.172499418
vt 0.66386801 0.347257316
v 0.49754709 1.28050315 -0.0646439642
vt 0.664767027 0.388262331
f 2173/2173 2174/2174 2175/2175
v 0.49754709 1.28050315 -0.0646439642
vt 0.664767027 0.388262331
v 0.538499296 1.2816664 0.00213168212
vt 0.650717258 0.389952302
v 0.535220325 1.04472852 -0.101398371
vt 0.647787929 0.342042208
f 2176/2176 2177/2177 2178/2178
v 0.329058021 1.26563227 0.0296613015
vt 0.729127228 0.765428007
v 0.288912892 1.03787732 -0.0676968768
vt 0.68570292 0.767859578
v 0.329546958 1.00732648 -0.000319290761
vt 0.681173801 0.751628458
f 2179/2179 2180/2180 2181/2181
v 0.329546958 1.00732648 -0.000319290761
vt 0.681173801 0.751628458
v 0.370021641 1.26774406 0.0962032825
vt 0.731805086 0.751430869
v 0.329058021 1.26563227 0.0296613015
vt 0.729127228 0.765428007
f 2182/2182 2183/2183 2184/2184
v 0.448003173 1.27337122 0.11550881
vt 0.733134866 0.736369848
v 0.418651193 1.00038123 0.0187830515
vt 0.678778112 0.735750318
v 0.504113913 1.01793683 -0.0228758492
vt 0.680113196 0.719724417
f 2185/2185 2186/2186 2187/2187
v 0.504113913 1.01793683 -0.0228758492
vt 0.680113196 0.719724417
v 0.517695248 1.27867568 0.0766488463
vt 0.732183516 0.721343815
v 0.448003173 1.27337122 0.11550881
vt 0.733134866 0.736369848
f 2188/2188 2189/2189 2190/2190
v 0.448293984 0.000854665239 0.112801313
vt 0.846900225 0.20246847
v 0.451277703 0.000901652791 0.287127614
vt 0.847390294 0.232215643
v 0.351682514 0.000106674415 0.261632442
vt 0.830397666 0.227854133
f 2191/2191 2192/2192 2193/2193
v 0.351682514 0.000106674415 0.261632442
vt 0.830397666 0.227854133
v 0.376916736 0.000284465088 0.0912987888
vt 0.834722459 0.198791206
v 0.448293984 0.000854665239 0.112801313
vt 0.846900225 0.20246847
f 2194/2194 2195/2195 2196/2196
v 0.412269145 0.265666276 -0.258682191
vt 0.385686934 0.957094312
v 0.4201186 0.000577819708 -0.33082962
vt 0.431921124 0.955541134
v 0.330263197 -0.00013080315 -0.281342864
vt 0.429929048 0.972932279
f 2197/2197 2198/2198 2199/2199
v 0.330263197 -0.00013080315 -0.281342864
vt 0.429929048 0.972932279
v 0.363237649 0.264433175 -0.223751381
vt 0.384424865 0.967292547
v 0.412269145 0.265666276 -0.258682191
vt 0.385686934 0.957094312
f 2200/2200 2201/2201 2202/2202
v 0.527412772 0.0363721661 0.14367339
vt 0.953454614 0.0147240236
v 0.547599614 0.00164964364 0.1485347
vt 0.960126102 0.0129484646
v 0.546961486 0.00162297499 -0.0105778128
vt 0.963855207 0.0398422666
f 2203/2203 2204/2204 2205/2205
v 0.546961486 0.00162297499 -0.0105778128
vt 0.963855207 0.0398422666
v 0.518819749 0.0940804854 -0.0388135128
vt 0.948234797 0.0469968952
v 0.527412772 0.0363721661 0.14367339
vt 0.953454614 0.0147240236
f 2206/2206 2207/2207 2208/2208
v 0.433471948 0.108024351 0.0447252505
vt 0.916946352 0.187603697
v 0.43441996 0.0332849547 0.270229876
vt 0.913845778 0.147655532
v 0.504320264 0.0371874608 0.224982142
vt 0.925015152 0.152372375
f 2209/2209 2210/2210 2211/2211
v 0.504320264 0.0371874608 0.224982142
vt 0.925015152 0.152372375
v 0.493730307 0.104989208 0.0162177868
vt 0.929374218 0.190706
v 0.433471948 0.108024351 0.0447252505
vt 0.916946352 0.187603697
f 2212/2212 2213/2213 2214/2214
v 0.504113913 1.01793683 -0.0228758492
vt 0.680113196 0.719724417
v 0.475397557 0.275987029 -0.120889314
vt 0.583535433 0.73087883
v 0.495078981 0.271099061 -0.183441147
vt 0.581588089 0.719979525
f 2215/2215 2216/2216 2217/2217
v 0.495078981 0.271099061 -0.183441147
vt 0.581588089 0.719979525
v 0.535220325 1.04472852 -0.101398371
vt 0.683860421 0.703123689
v 0.504113913 1.01793683 -0.0228758492
vt 0.680113196 0.719724417
f 2218/2218 2219/2219 2220/2220
v 0.363237649 0.264433175 -0.223751381
vt 0.700475931 0.24097687
v 0.349626511 0.267539412 -0.161194459
vt 0.711444139 0.241423085
v 0.288912892 1.03787732 -0.0676968768
vt 0.711339533 0.34719044
f 2221/2221 2222/2222 2223/2223
v 0.288912892 1.03787732 -0.0676968768
vt 0.711339533 0.34719044
v 0.320434541 1.06800008 -0.147844926
vt 0.694589019 0.350122452
v 0.363237649 0.264433175 -0.223751381
vt 0.700475931 0.24097687
f 2224/2224 2225/2225 2226/2226
v 0.494033813 1.07280302 -0.172499418
vt 0.66386801 0.347257316
v 0.467891604 0.268046141 -0.240941197
vt 0.679817855 0.239017472
v 0.412269145 0.265666276 -0.258682191
vt 0.69005233 0.240299731
f 2227/2227 2228/2228 2229/2229
v 0.412269145 0.265666276 -0.258682191
vt 0.69005233 0.240299731
v 0.405406415 1.08109057 -0.192201152
vt 0.679011941 0.350138932
v 0.494033813 1.07280302 -0.172499418
vt 0.66386801 0.347257316
f 2230/2230 2231/2231 2232/2232
v 0.535220325 1.04472852 -0.101398371
vt 0.647787929 0.342042208
v 0.495078981 0.271099061 -0.183441147
vt 0.669067502 0.237143949
v 0.467891604 0.268046141 -0.240941197
vt 0.679817855 0.239017472
f 2233/2233 2234/2234 2235/2235
v 0.467891604 0.268046141 -0.240941197
vt 0.679817855 0.239017472
v 0.494033813 1.07280302 -0.172499418
vt 0.66386801 0.347257316
v 0.535220325 1.04472852 -0.101398371
vt 0.647787929 0.342042208
f 2236/2236 2237/2237 2238/2238
v 0.512385011 0.00133723998 -0.0872563943
vt 0.857858896 0.168337464
v 0.448285103 0.000833076367 -0.0448533185
vt 0.84691596 0.175566196
v 0.43460536 0.000708622858 -0.164333746
vt 0.844594657 0.15517655
f 2239/2239 2240/2240 2241/2241
v 0.43460536 0.000708622858 -0.164333746
vt 0.844594657 0.15517655
v 0.54667002 0.00159884628 -0.223873302
vt 0.86372447 0.145029142
v 0.512385011 0.00133723998 -0.0872563943
vt 0.857858896 0.168337464
f 2242/2242 2243/2243 2244/2244
v 0.43460536 0.000708622858 -0.164333746
vt 0.844594657 0.15517655
v 0.309573442 -0.000283195172 -0.193112969
vt 0.823261857 0.150252178
v 0.330263197 -0.00013080315 -0.281342864
vt 0.826802135 0.135198876
f 2245/2245 2246/2246 2247/2247
v 0.330263197 -0.00013080315 -0.281342864
vt 0.826802135 0.135198876
v 0.4201186 0.000577819708 -0.33082962
vt 0.842140794 0.126764208
v 0.43460536 0.000708622858 -0.164333746
vt 0.844594657 0.15517655
f 2248/2248 2249/2249 2250/2250
v 0.43460536 0.000708622858 -0.164333746
vt 0.844594657 0.15517655
v 0.4201186 0.000577819708 -0.33082962
vt 0.842140794 0.126764208
v 0.504819989 0.0012546943 -0.305474132
vt 0.85659188 0.131100222
f 2251/2251 2252/2252 2253/2253
v 0.504819989 0.0012546943 -0.305474132
vt 0.85659188 0.131100222
v 0.54667002 0.00159884628 -0.223873302
vt 0.86372447 0.145029142
v 0.43460536 0.000708622858 -0.164333746
vt 0.844594657 0.15517655
f 2254/2254 2255/2255 2256/2256
v 0.376969457 0.000262876216 -0.0663609132
vt 0.834748626 0.171888351
v 0.309573442 -0.000283195172 -0.193112969
vt 0.823261857 0.150252178
v 0.43460536 0.000708622858 -0.164333746
vt 0.844594657 0.15517655
f 2257/2257 2258/2258 2259/2259
v 0.43460536 0.000708622858 -0.164333746
vt 0.844594657 0.15517655
v 0.448285103 0.000833076367 -0.0448533185
vt 0.84691596 0.175566196
v 0.376969457 0.000262876216 -0.0663609132
vt 0.834748626 0.171888351
f 2260/2260 2261/2261 2262/2262
v 0.547599614 0.00164964364 0.1485347
vt 0.863842249 0.208576769
v 0.526434898 0.00149344176 0.237592578
vt 0.86022079 0.223771244
v 0.512469471 0.00136009871 0.0704033077
vt 0.857856035 0.195240691
f 2263/2263 2264/2264 2265/2265
v 0.512469471 0.00136009871 0.0704033077
vt 0.857856035 0.195240691
v 0.546961486 0.00162297499 -0.0105778128
vt 0.863750815 0.181425765
v 0.547599614 0.00164964364 0.1485347
vt 0.863842249 0.208576769
f 2266/2266 2267/2267 2268/2268
v 0.363237649 0.264433175 -0.223751381
vt 0.384424865 0.967292547
v 0.330263197 -0.00013080315 -0.281342864
vt 0.429929048 0.972932279
v 0.309573442 -0.000283195172 -0.193112969
vt 0.425310344 0.987690449
f 2269/2269 2270/2270 2271/2271
v 0.309573442 -0.000283195172 -0.193112969
vt 0.425310344 0.987690449
v 0.349626511 0.267539412 -0.161194459
vt 0.380678087 0.977564871
v 0.363237649 0.264433175 -0.223751381
vt 0.384424865 0.967292547
f 2272/2272 2273/2273 2274/2274
v 0.504819989 0.0012546943 -0.305474132
vt 0.430571526 0.940514088
v 0.4201186 0.000577819708 -0.33082962
vt 0.431921124 0.955541134
v 0.412269145 0.265666276 -0.258682191
vt 0.385686934 0.957094312
f 2275/2275 2276/2276 2277/2277
v 0.412269145 0.265666276 -0.258682191
vt 0.385686934 0.957094312
v 0.467891604 0.268046141 -0.240941197
vt 0.384383947 0.947206974
v 0.504819989 0.0012546943 -0.305474132
vt 0.430571526 0.940514088
f 2278/2278 2279/2279 2280/2280
v 0.54667002 0.00159884628 -0.223873302
vt 0.426000208 0.925547659
v 0.504819989 0.0012546943 -0.305474132
vt 0.430571526 0.940514088
v 0.467891604 0.268046141 -0.240941197
vt 0.384383947 0.947206974
f 2281/2281 2282/2282 2283/2283
v 0.467891604 0.268046141 -0.240941197
vt 0.384383947 0.947206974
v 0.495078981 0.271099061 -0.183441147
vt 0.380678087 0.93699199
v 0.54667002 0.00159884628 -0.223873302
vt 0.426000208 0.925547659
f 2284/2284 2285/2285 2286/2286
v 0.351682514 0.000106674415 0.261632442
vt 0.900498033 0.146205097
v 0.451277703 0.000901652791 0.287127614
vt 0.916094244 0.141753301
v 0.43441996 0.0332849547 0.270229876
vt 0.913845778 0.147655532
f 2287/2287 2288/2288 2289/2289
v 0.43441996 0.0332849547 0.270229876
vt 0.913845778 0.147655532
v 0.355677754 0.0291246548 0.247419327
vt 0.902613282 0.150930166
v 0.351682514 0.000106674415 0.261632442
vt 0.900498033 0.146205097
f 2290/2290 2291/2291 2292/2292
v 0.451277703 0.000901652791 0.287127614
vt 0.916094244 0.141753301
v 0.526434898 0.00149344176 0.237592578
vt 0.929557204 0.147222772
v 0.504320264 0.0371874608 0.224982142
vt 0.925015152 0.152372375
f 2293/2293 2294/2294 2295/2295
v 0.504320264 0.0371874608 0.224982142
vt 0.925015152 0.152372375
v 0.43441996 0.0332849547 0.270229876
vt 0.913845778 0.147655532
v 0.451277703 0.000901652791 0.287127614
vt 0.916094244 0.141753301
f 2296/2296 2297/2297 2298/2298
v 0.309812814 -0.000237477565 0.179490596
vt 0.89120239 0.15761058
v 0.351682514 0.000106674415 0.261632442
vt 0.900498033 0.146205097
v 0.355677754 0.0291246548 0.247419327
vt 0.902613282 0.150930166
f 2299/2299 2300/2300 2301/2301
v 0.355677754 0.0291246548 0.247419327
vt 0.902613282 0.150930166
v 0.315305918 0.0272235647 0.172498345
vt 0.894575953 0.160989657
v 0.309812814 -0.000237477565 0.179490596
vt 0.89120239 0.15761058
f 2302/2302 2303/2303 2304/2304
v 0.504320264 0.0371874608 0.224982142
vt 0.925015152 0.152372375
v 0.526434898 0.00149344176 0.237592578
vt 0.929557204 0.147222772
v 0.547599614 0.00164964364 0.1485347
vt 0.938151181 0.159520656
f 2305/2305 2306/2306 2307/2307
v 0.547599614 0.00164964364 0.1485347
vt 0.938151181 0.159520656
v 0.527412772 0.0363721661 0.14367339
vt 0.932565749 0.16331169
v 0.504320264 0.0371874608 0.224982142
vt 0.925015152 0.152372375
f 2308/2308 2309/2309 2310/2310
v 0.493730307 0.104989208 0.0162177868
vt 0.929374218 0.190706
v 0.504320264 0.0371874608 0.224982142
vt 0.925015152 0.152372375
v 0.527412772 0.0363721661 0.14367339
vt 0.932565749 0.16331169
f 2311/2311 2312/2312 2313/2313
v 0.527412772 0.0363721661 0.14367339
vt 0.932565749 0.16331169
v 0.518819749 0.0940804854 -0.0388135128
vt 0.938151181 0.197695479
v 0.493730307 0.104989208 0.0162177868
vt 0.929374218 0.190706
f 2314/2314 2315/2315 2316/2316
v 0.376916736 0.000284465088 0.0912987888
vt 0.834722459 0.198791206
v 0.351682514 0.000106674415 0.261632442
vt 0.830397666 0.227854133
v 0.309812814 -0.000237477565 0.179490596
vt 0.823261857 0.213832736
f 2317/2317 2318/2318 2319/2319
v 0.309812814 -0.000237477565 0.179490596
vt 0.823261857 0.213832736
v 0.310125232 -0.000256526575 0.0180947445
vt 0.823332787 0.186292484
v 0.376916736 0.000284465088 0.0912987888
vt 0.834722459 0.198791206
f 2320/2320 2321/2321 2322/2322
v 0.355677754 0.0291246548 0.247419327
vt 0.902613282 0.150930166
v 0.43441996 0.0332849547 0.270229876
vt 0.913845778 0.147655532
v 0.433471948 0.108024351 0.0447252505
vt 0.916946352 0.187603697
f 2323/2323 2324/2324 2325/2325
v 0.433471948 0.108024351 0.0447252505
vt 0.916946352 0.187603697
v 0.369551122 0.10345386 0.0304486565
vt 0.904635429 0.189600587
v 0.355677754 0.0291246548 0.247419327
vt 0.902613282 0.150930166
f 2326/2326 2327/2327 2328/2328
v 0.315305918 0.0272235647 0.172498345
vt 0.894575953 0.160989657
v 0.355677754 0.0291246548 0.247419327
vt 0.902613282 0.150930166
v 0.369551122 0.10345386 0.0304486565
vt 0.904635429 0.189600587
f 2329/2329 2330/2330 2331/2331
v 0.369551122 0.10345386 0.0304486565
vt 0.904635429 0.189600587
v 0.325446963 0.0890947208 -0.0195765607
vt 0.894303739 0.195822015
v 0.315305918 0.0272235647 0.172498345
vt 0.894575953 0.160989657
f 2332/2332 2333/2333 2334/2334
v 0.310125232 -0.000256526575 0.0180947445
vt 0.950523078 0.628856003
v 0.309812814 -0.000237477565 0.179490596
vt 0.950536072 0.656396329
v 0.315305918 0.0272235647 0.172498345
vt 0.945756972 0.655204356
f 2335/2335 2336/2336 2337/2337
v 0.315305918 0.0272235647 0.172498345
vt 0.945756972 0.655204356
v 0.325446963 0.0890947208 -0.0195765607
vt 0.935052335 0.622430742
v 0.310125232 -0.000256526575 0.0180947445
vt 0.950523078 0.628856003
f 2338/2338 2339/2339 2340/2340
v 0.526434898 0.00149344176 0.237592578
vt 0.86022079 0.223771244
v 0.451277703 0.000901652791 0.287127614
vt 0.847390294 0.232215643
v 0.448293984 0.000854665239 0.112801313
vt 0.846900225 0.20246847
f 2341/2341 2342/2342 2343/2343
v 0.448293984 0.000854665239 0.112801313
vt 0.846900225 0.20246847
v 0.512469471 0.00136009871 0.0704033077
vt 0.857856035 0.195240691
v 0.526434898 0.00149344176 0.237592578
vt 0.86022079 0.223771244
f 2344/2344 2345/2345 2346/2346
v 0.512469471 0.00136009871 0.0704033077
vt 0.857856035 0.195240691
v 0.448293984 0.000854665239 0.112801313
vt 0.846900225 0.20246847
v 0.448285103 0.000833076367 -0.0448533185
vt 0.84691596 0.175566196
f 2347/2347 2348/2348 2349/2349
v 0.448285103 0.000833076367 -0.0448533185
vt 0.84691596 0.175566196
v 0.512385011 0.00133723998 -0.0872563943
vt 0.857858896 0.168337464
v 0.512469471 0.00136009871 0.0704033077
vt 0.857856035 0.195240691
f 2350/2350 2351/2351 2352/2352
v 0.309573442 -0.000283195172 -0.193112969
vt 0.950536072 0.592815638
v 0.310125232 -0.000256526575 0.0180947445
vt 0.950523078 0.628856003
v 0.325446963 0.0890947208 -0.0195765607
vt 0.935052335 0.622430742
f 2353/2353 2354/2354 2355/2355
v 0.325446963 0.0890947208 -0.0195765607
vt 0.935052335 0.622430742
v 0.349626511 0.267539412 -0.161194459
vt 0.905095041 0.598263681
v 0.309573442 -0.000283195172 -0.193112969
vt 0.950536072 0.592815638
f 2356/2356 2357/2357 2358/2358
v 0.325446963 0.0890947208 -0.0195765607
vt 0.894303739 0.195822015
v 0.369551122 0.10345386 0.0304486565
vt 0.904635429 0.189600587
v 0.385350376 0.276045442 -0.104687504
vt 0.909660816 0.227311045
f 2359/2359 2360/2360 2361/2361
v 0.385350376 0.276045442 -0.104687504
vt 0.909660816 0.227311045
v 0.349626511 0.267539412 -0.161194459
vt 0.899989009 0.233053803
v 0.325446963 0.0890947208 -0.0195765607
vt 0.894303739 0.195822015
f 2362/2362 2363/2363 2364/2364
v 0.369551122 0.10345386 0.0304486565
vt 0.904635429 0.189600587
v 0.433471948 0.108024351 0.0447252505
vt 0.916946352 0.187603697
v 0.432417929 0.279227883 -0.0884094909
vt 0.917675972 0.225662425
f 2365/2365 2366/2366 2367/2367
v 0.432417929 0.279227883 -0.0884094909
vt 0.917675972 0.225662425
v 0.385350376 0.276045442 -0.104687504
vt 0.909660816 0.227311045
v 0.369551122 0.10345386 0.0304486565
vt 0.904635429 0.189600587
f 2368/2368 2369/2369 2370/2370
v 0.376969457 0.000262876216 -0.0663609132
vt 0.834748626 0.171888351
v 0.376916736 0.000284465088 0.0912987888
vt 0.834722459 0.198791206
v 0.310125232 -0.000256526575 0.0180947445
vt 0.823332787 0.186292484
f 2371/2371 2372/2372 2373/2373
v 0.310125232 -0.000256526575 0.0180947445
vt 0.823332787 0.186292484
v 0.309573442 -0.000283195172 -0.193112969
vt 0.823261857 0.150252178
v 0.376969457 0.000262876216 -0.0663609132
vt 0.834748626 0.171888351
f 2374/2374 2375/2375 2376/2376
v 0.475397557 0.275987029 -0.120889314
vt 0.925849319 0.22872138
v 0.493730307 0.104989208 0.0162177868
vt 0.929374218 0.190706
v 0.518819749 0.0940804854 -0.0388135128
vt 0.938151181 0.197695479
f 2377/2377 2378/2378 2379/2379
v 0.518819749 0.0940804854 -0.0388135128
vt 0.938151181 0.197695479
v 0.495078981 0.271099061 -0.183441147
vt 0.934573531 0.235311851
v 0.475397557 0.275987029 -0.120889314
vt 0.925849319 0.22872138
f 2380/2380 2381/2381 2382/2382
v 0.546961486 0.00162297499 -0.0105778128
vt 0.863750815 0.181425765
v 0.512469471 0.00136009871 0.0704033077
vt 0.857856035 0.195240691
v 0.512385011 0.00133723998 -0.0872563943
vt 0.857858896 0.168337464
f 2383/2383 2384/2384 2385/2385
v 0.512385011 0.00133723998 -0.0872563943
vt 0.857858896 0.168337464
v 0.54667002 0.00159884628 -0.223873302
vt 0.86372447 0.145029142
v 0.546961486 0.00162297499 -0.0105778128
vt 0.863750815 0.181425765
f 2386/2386 2387/2387 2388/2388
v 0.432417929 0.279227883 -0.0884094909
vt 0.917675972 0.225662425
v 0.433471948 0.108024351 0.0447252505
vt 0.916946352 0.187603697
v 0.493730307 0.104989208 0.0162177868
vt 0.929374218 0.190706
f 2389/2389 2390/2390 2391/2391
v 0.493730307 0.104989208 0.0162177868
vt 0.929374218 0.190706
v 0.475397557 0.275987029 -0.120889314
vt 0.925849319 0.22872138
v 0.432417929 0.279227883 -0.0884094909
vt 0.917675972 0.225662425
f 2392/2392 2393/2393 2394/2394
v 0.518819749 0.0940804854 -0.0388135128
vt 0.948234797 0.0469968952
v 0.546961486 0.00162297499 -0.0105778128
vt 0.963855207 0.0398422666
v 0.54667002 0.00159884628 -0.223873302
vt 0.969113231 0.0758570805
f 2395/2395 2396/2396 2397/2397
v 0.54667002 0.00159884628 -0.223873302
vt 0.969113231 0.0758570805
v 0.495078981 0.271099061 -0.183441147
vt 0.922368526 0.075857088
v 0.518819749 0.0940804854 -0.0388135128
vt 0.948234797 0.0469968952
f 2398/2398 2399/2399 2400/2400
v 0.448285103 0.000833076367 -0.0448533185
vt 0.84691596 0.175566196
v 0.448293984 0.000854665239 0.112801313
vt 0.846900225 0.20246847
v 0.376916736 0.000284465088 0.0912987888
vt 0.834722459 0.198791206
f 2401/2401 2402/2402 2403/2403
v 0.376916736 0.000284465088 0.0912987888
vt 0.834722459 0.198791206
v 0.376969457 0.000262876216 -0.0663609132
vt 0.834748626 0.171888351
v 0.448285103 0.000833076367 -0.0448533185
vt 0.84691596 0.175566196
f 2404/2404 2405/2405 2406/2406
v 0.306836098 2.58175063 0.164546013
vt 0.0986762941 0.242949188
v 0.409505785 2.64527917 0.0428076498
vt 0.0790030137 0.263362795
v 0.310583025 2.77120686 0.131372809
vt 0.0639941245 0.234826237
f 2407/2407 2408/2408 2409/2409
v 0.178631231 2.49317408 0.130626097
vt 0.12342032 0.228615716
v 0.306836098 2.58175063 0.164546013
vt 0.0986762941 0.242949188
v 0.15813832 2.6614871 0.128949776
vt 0.0921529531 0.208613664
f 2410/2410 2411/2411 2412/2412
v 0.192027763 4.30875874 -0.0419756472
vt 0.915736496 0.762078822
v 0.175424024 4.48668766 0.0352667831
vt 0.956728399 0.748339951
v 0.11975839 4.3917551 0.106047794
vt 0.954072297 0.777817786
f 2413/2413 2414/2414 2415/2415
v 0.11975839 4.3917551 0.106047794
vt 0.954072297 0.777817786
v 0.15982987 4.29242325 0.0399960168
vt 0.919772267 0.776311517
v 0.192027763 4.30875874 -0.0419756472
vt 0.915736496 0.762078822
f 2416/2416 2417/2417 2418/2418
v 0.0509089455 4.35743141 -0.15640682
vt 0.969634056 0.902721584
v 0.0509089455 4.56664515 -0.0633029118
vt 0.916613698 0.902721584
v 0.14785631 4.54154491 -0.0293144118
vt 0.920300305 0.880548179
f 2419/2419 2420/2420 2421/2421
v 0.14785631 4.54154491 -0.0293144118
vt 0.920300305 0.880548179
v 0.15650709 4.3353343 -0.122169405
vt 0.971836507 0.885057509
v 0.0509089455 4.35743141 -0.15640682
vt 0.969634056 0.902721584
f 2422/2422 2423/2423 2424/2424
v 0.11975839 4.3917551 0.106047794
vt 0.954072297 0.777817786
v 0.0509089455 4.38158941 0.125800341
vt 0.955900788 0.793706179
v 0.0509089455 4.28779078 0.0580646284
vt 0.921841621 0.793706179
f 2425/2425 2426/2426 2427/2427
v 0.0509089455 4.28779078 0.0580646284
vt 0.921841621 0.793706179
v 0.15982987 4.29242325 0.0399960168
vt 0.919772267 0.776311517
v 0.11975839 4.3917551 0.106047794
vt 0.954072297 0.777817786
f 2428/2428 2429/2429 2430/2430
v 1.02933049 3.42263579 -0.265097886
vt 0.75499624 0.380833656
v 0.974897325 3.50804901 -0.26913628
vt 0.752027154 0.363422364
v 0.947971523 3.49152207 -0.182112798
vt 0.767810345 0.361338407
f 2431/2431 2432/2432 2433/2433
v 1.07928658 3.31493402 -0.178457931
vt 0.854407668 0.343467534
v 1.10954142 3.34725761 -0.260830909
vt 0.870034575 0.344630688
v 1.02933049 3.42263579 -0.265097886
vt 0.868537009 0.363804519
f 2434/2434 2435/2435 2436/2436
v 1.00855374 3.24629545 -0.172120973
vt 0.839425802 0.342056304
v 0.901877403 3.31398034 -0.243869662
vt 0.825605094 0.363804519
v 0.968402863 3.20807028 -0.247179121
vt 0.823794425 0.341485769
f 2437/2437 2438/2438 2439/2439
v 0.901877403 3.31398034 -0.243869662
vt 0.79737258 0.380833656
v 0.940664947 3.34148073 -0.179489121
vt 0.783649683 0.380616665
v 0.875940263 3.44380045 -0.162101194
vt 0.78243041 0.359966367
f 2440/2440 2441/2441 2442/2442
v 1.02933049 3.42263579 -0.265097886
vt 0.365352601 0.815070689
v 0.990770221 3.40138483 -0.329869568
vt 0.360206574 0.82733351
v 0.930000067 3.48134875 -0.335246474
vt 0.343544692 0.822782516
f 2443/2443 2444/2444 2445/2445
v 1.06879938 3.31530237 -0.336130351
vt 0.891265452 0.430333614
v 1.02933049 3.42263579 -0.265097886
vt 0.910285234 0.441766471
v 1.10954142 3.34725761 -0.260830909
vt 0.891783834 0.445854008
f 2446/2446 2447/2447 2448/2448
v 0.901877403 3.31398034 -0.243869662
vt 0.35439384 0.85455358
v 0.833568335 3.4122808 -0.228406966
vt 0.334380537 0.85204953
v 0.860020399 3.4355967 -0.313545853
vt 0.338140219 0.836572945
f 2449/2449 2450/2450 2451/2451
v 0.998544097 3.24859262 -0.329445392
vt 0.889079511 0.415190965
v 0.968402863 3.20807028 -0.247179121
vt 0.886677146 0.399786413
v 0.901877403 3.31398034 -0.243869662
vt 0.9080652 0.399786413
f 2452/2452 2453/2453 2454/2454
v 0.50470382 1.46327579 0.14123258
vt 0.226288512 0.344688475
v 0.506087422 1.6192807 0.154226542
vt 0.205797434 0.331194669
v 0.428454459 1.6132232 0.201074392
vt 0.214671195 0.318362534
f 2455/2455 2456/2456 2457/2457
v 0.448003173 1.27337122 0.11550881
vt 0.733134866 0.736369848
v 0.517695248 1.27867568 0.0766488463
vt 0.732183516 0.721343815
v 0.50470382 1.46327579 0.14123258
vt 0.764615417 0.724342108
f 2458/2458 2459/2459 2460/2460
v 0.308847666 1.46230304 0.0801208466
vt 0.253115028 0.310570627
v 0.351209491 1.46484292 0.166367099
vt 0.2422086 0.321722031
v 0.342161834 1.61078358 0.176661178
vt 0.224204928 0.306459159
f 2461/2461 2462/2462 2463/2463
v 0.370021641 1.26774406 0.0962032825
vt 0.731805086 0.751430869
v 0.351209491 1.46484292 0.166367099
vt 0.766529143 0.752749741
v 0.308847666 1.46230304 0.0801208466
vt 0.761426985 0.767859459
f 2464/2464 2465/2465 2466/2466
v 0.330710858 1.46035242 -0.0163433105
vt 0.218096152 0.430118471
v 0.320630103 1.62248611 0.00247456157
vt 0.237748861 0.412234545
v 0.398383707 1.63052607 -0.0442386679
vt 0.247773901 0.424225748
f 2467/2467 2468/2468 2469/2469
v 0.419302046 1.27488112 -0.0839469507
vt 0.679476619 0.387908101
v 0.349487454 1.26874352 -0.0449066535
vt 0.693951249 0.389041245
v 0.330710858 1.46035242 -0.0163433105
vt 0.694874048 0.421181738
f 2470/2470 2471/2471 2472/2472
v 0.526045024 1.46072316 0.0446617566
vt 0.244718865 0.4636572
v 0.483659744 1.45995998 -0.0410943143
vt 0.234559715 0.452352256
v 0.484495968 1.6321553 -0.0197467338
vt 0.257202923 0.436652422
f 2473/2473 2474/2474 2475/2475
v 0.49754709 1.28050315 -0.0646439642
vt 0.664767027 0.388262331
v 0.483659744 1.45995998 -0.0410943143
vt 0.664657772 0.41840899
v 0.526045024 1.46072316 0.0446617566
vt 0.647787929 0.420370311
f 2476/2476 2477/2477 2478/2478
v 0.0509089455 4.73459005 0.399801195
vt 0.763775826 0.551223457
v 0.20906201 4.70064878 0.343642205
vt 0.79773885 0.573005974
v 0.214143023 4.83753204 0.324999571
vt 0.778423011 0.605308771
f 2479/2479 2480/2480 2481/2481
v 0.214143023 4.83753204 0.324999571
vt 0.778423011 0.605308771
v 0.0509089455 4.86239481 0.384462923
vt 0.737433732 0.573390722
v 0.0509089455 4.73459005 0.399801195
vt 0.763775826 0.551223457
f 2482/2482 2483/2483 2484/2484
v 0.0509089455 4.86239481 0.384462923
vt 0.923752844 0.727609038
v 0.214143023 4.83753204 0.324999571
vt 0.923752844 0.682942033
v 0.0509089455 4.94801521 0.268284351
vt 0.959824622 0.720677137
f 2485/2485 2486/2486 2487/2487
v 0.225400984 4.48215294 0.178134307
vt 0.861921847 0.0325421095
v 0.11975839 4.3917551 0.106047794
vt 0.903197408 0.0292864591
v 0.175424024 4.48668766 0.0352667831
vt 0.889866233 0.0612060465
f 2488/2488 2489/2489 2490/2490
v 0.175424024 4.48668766 0.0352667831
vt 0.889866233 0.0612060465
v 0.2050668 4.54235792 0.0528121851
vt 0.873903036 0.0674837381
v 0.225400984 4.48215294 0.178134307
vt 0.861921847 0.0325421095
f 2491/2491 2492/2492 2493/2493
v -0.168016732 3.92768192 0.129262477
vt 0.486104757 0.35007447
v -0.170583665 3.90727925 0.185610965
vt 0.486104757 0.396314681
v -0.178504348 3.91677856 0.182882726
vt 0.486104757 0.396314681
f 2494/2494 2495/2495 2496/2496
v -0.178504348 3.91677856 0.182882726
vt 0.486104757 0.396314681
v -0.175629959 3.93962693 0.119783923
vt 0.486104757 0.35007447
v -0.168016732 3.92768192 0.129262477
vt 0.486104757 0.35007447
f 2497/2497 2498/2498 2499/2499
v -0.1160274 4.41671371 0.00459923223
vt 0.486104757 0.35007447
v -0.148500651 4.20124483 0.06602218
vt 0.486104757 0.35007447
v -0.165401921 4.21018457 0.0380753614
vt 0.486104757 0.35007447
f 2500/2500 2501/2501 2502/2502
v -0.165401921 4.21018457 0.0380753614
vt 0.486104757 0.35007447
v -0.132531956 4.42589045 -0.0673085377
vt 0.486104757 0.35007447
v -0.1160274 4.41671371 0.00459923223
vt 0.486104757 0.35007447
f 2503/2503 2504/2504 2505/2505
v -0.146710202 4.4440546 0.148604527
vt 0.146776855 0.656502128
v -0.146529585 4.23093462 0.181425929
vt 0.0923001766 0.656828403
v -0.148500651 4.20124483 0.06602218
vt 0.0925197676 0.686594665
f 2506/2506 2507/2507 2508/2508
v -0.148500651 4.20124483 0.06602218
vt 0.0925197676 0.686594665
v -0.1160274 4.41671371 0.00459923223
vt 0.146886677 0.693168879
v -0.146710202 4.4440546 0.148604527
vt 0.146776855 0.656502128
f 2509/2509 2510/2510 2511/2511
v -0.166889861 4.45650721 0.127227277
vt 0.400271297 0.0432917476
v -0.132531956 4.42589045 -0.0673085377
vt 0.385065317 0.0901927352
v -0.165401921 4.21018457 0.0380753614
vt 0.338257015 0.0549890622
f 2512/2512 2513/2513 2514/2514
v -0.165401921 4.21018457 0.0380753614
vt 0.338257015 0.0549890622
v -0.163194492 4.24343109 0.167303383
vt 0.349146783 0.0234850384
v -0.166889861 4.45650721 0.127227277
vt 0.400271297 0.0432917476
f 2515/2515 2516/2516 2517/2517
v 0.0509089455 4.38158941 0.125800341
vt 0.913381517 0.0130972005
v 0.11975839 4.3917551 0.106047794
vt 0.903197408 0.0292864591
v 0.225400984 4.48215294 0.178134307
vt 0.861921847 0.0325421095
f 2518/2518 2519/2519 2520/2520
v -0.163194492 4.24343109 0.167303383
vt 0.349146783 0.0234850384
v -0.165401921 4.21018457 0.0380753614
vt 0.338257015 0.0549890622
v -0.175629959 3.93962693 0.119783923
vt 0.27269876 0.0291862581
f 2521/2521 2522/2522 2523/2523
v -0.175629959 3.93962693 0.119783923
vt 0.27269876 0.0291862581
v -0.178504348 3.91677856 0.182882726
vt 0.268236756 0.0130115906
v -0.163194492 4.24343109 0.167303383
vt 0.349146783 0.0234850384
f 2524/2524 2525/2525 2526/2526
v -0.112325132 4.83753204 0.324999571
vt 0.504136801 0.0130114919
v -0.131879568 4.87154627 0.321428508
vt 0.5122962 0.0155443437
v -0.17058523 4.66958332 0.0871511847
vt 0.451395839 0.063098453
f 2527/2527 2528/2528 2529/2529
v -0.17058523 4.66958332 0.0871511847
vt 0.451395839 0.063098453
v -0.146890819 4.65717506 0.11578311
vt 0.449751318 0.0554787889
v -0.112325132 4.83753204 0.324999571
vt 0.504136801 0.0130114919
f 2530/2530 2531/2531 2532/2532
v 0.0509089455 4.60123205 0.420752555
vt 0.78354162 0.534590185
v 0.105523072 4.59648371 0.362396568
vt 0.795336783 0.54099381
v 0.0509089455 4.73459005 0.399801195
vt 0.763775826 0.551223457
f 2533/2533 2534/2534 2535/2535
v 0.190202236 4.56736135 0.32750389
vt 0.814607561 0.548203886
v 0.248708695 4.65717506 0.11578311
vt 0.857649744 0.591329038
v 0.20906201 4.70064878 0.343642205
vt 0.79773885 0.573005974
f 2536/2536 2537/2537 2538/2538
v 0.0509089455 4.38158941 0.125800341
vt 0.848390162 0.480019063
v 0.225400984 4.48215294 0.178134307
vt 0.857649744 0.537537813
v 0.124644458 4.37305164 0.251391679
vt 0.832211316 0.510109425
f 2539/2539 2540/2540 2541/2541
v 0.124644458 4.37305164 0.251391679
vt 0.832211316 0.510109425
v 0.0509089455 4.34782314 0.267502069
vt 0.823969424 0.500569582
v 0.0509089455 4.38158941 0.125800341
vt 0.848390162 0.480019063
f 2542/2542 2543/2543 2544/2544
v 0.18537204 4.6321826 -0.0568237118
vt 0.876835883 0.102361679
v 0.244027734 4.2875762 -0.287108362
vt 0.876835883 0.102361679
v 0.349670321 4.286376 -0.134574115
vt 0.838529825 0.0764617845
f 2545/2545 2546/2546 2547/2547
v 0.349670321 4.286376 -0.134574115
vt 0.838529825 0.0764617845
v 0.248708695 4.65717506 0.11578311
vt 0.838529825 0.0764617845
v 0.18537204 4.6321826 -0.0568237118
vt 0.876835883 0.102361679
f 2548/2548 2549/2549 2550/2550
v 0.225400984 4.48215294 0.178134307
vt 0.857649744 0.537537813
v 0.189831406 4.49602175 0.295747936
vt 0.826648355 0.536141574
v 0.124644458 4.37305164 0.251391679
vt 0.832211316 0.510109425
f 2551/2551 2552/2552 2553/2553
v 0.124644458 4.37305164 0.251391679
vt 0.832211316 0.510109425
v 0.189831406 4.49602175 0.295747936
vt 0.826648355 0.536141574
v 0.0509089455 4.47784662 0.344317794
vt 0.805739284 0.515910566
f 2554/2554 2555/2555 2556/2556
v 0.0509089455 4.47784662 0.344317794
vt 0.805739284 0.515910566
v 0.0509089455 4.34782314 0.267502069
vt 0.823969424 0.500569582
v 0.124644458 4.37305164 0.251391679
vt 0.832211316 0.510109425
f 2557/2557 2558/2558 2559/2559
v 0.0509089455 4.47784662 0.344317794
vt 0.805739284 0.515910566
v 0.189831406 4.49602175 0.295747936
vt 0.826648355 0.536141574
v 0.105523072 4.59648371 0.362396568
vt 0.795336783 0.54099381
f 2560/2560 2561/2561 2562/2562
v 0.189831406 4.49602175 0.295747936
vt 0.826648355 0.536141574
v 0.190202236 4.56736135 0.32750389
vt 0.814607561 0.548203886
v 0.105523072 4.59648371 0.362396568
vt 0.795336783 0.54099381
f 2563/2563 2564/2564 2565/2565
v 0.0509089455 4.5675149 0.365200579
vt 0.791768312 0.527667344
v 0.0509089455 4.47784662 0.344317794
vt 0.805739284 0.515910566
v 0.105523072 4.59648371 0.362396568
vt 0.795336783 0.54099381
f 2566/2566 2567/2567 2568/2568
v 0.248708695 4.65717506 0.11578311
vt 0.857649744 0.591329038
v 0.190202236 4.56736135 0.32750389
vt 0.814607561 0.548203886
v 0.189831406 4.49602175 0.295747936
vt 0.826648355 0.536141574
f 2569/2569 2570/2570 2571/2571
v 0.105523072 4.59648371 0.362396568
vt 0.795336783 0.54099381
v 0.0509089455 4.60123205 0.420752555
vt 0.78354162 0.534590185
v 0.0509089455 4.5675149 0.365200579
vt 0.791768312 0.527667344
f 2572/2572 2573/2573 2574/2574
v 0.105523072 4.59648371 0.362396568
vt 0.795336783 0.54099381
v 0.190202236 4.56736135 0.32750389
vt 0.814607561 0.548203886
v 0.20906201 4.70064878 0.343642205
vt 0.79773885 0.573005974
f 2575/2575 2576/2576 2577/2577
v 0.20906201 4.70064878 0.343642205
vt 0.79773885 0.573005974
v 0.0509089455 4.73459005 0.399801195
vt 0.763775826 0.551223457
v 0.105523072 4.59648371 0.362396568
vt 0.795336783 0.54099381
f 2578/2578 2579/2579 2580/2580
v 0.248708695 4.65717506 0.11578311
vt 0.838529825 0.0764617845
v 0.225400984 4.48215294 0.178134307
vt 0.861921847 0.0325421095
v 0.2050668 4.54235792 0.0528121851
vt 0.873903036 0.0674837381
f 2581/2581 2582/2582 2583/2583
v 0.20906201 4.70064878 0.343642205
vt 0.79773885 0.573005974
v 0.248708695 4.65717506 0.11578311
vt 0.857649744 0.591329038
v 0.214143023 4.83753204 0.324999571
vt 0.778423011 0.605308771
f 2584/2584 2585/2585 2586/2586
v 0.0509089455 4.60387325 -0.0883333012
vt 0.908858776 0.114559725
v 0.0673990324 4.24932575 -0.324398696
vt 0.908858776 0.114559725
v 0.244027734 4.2875762 -0.287108362
vt 0.876835883 0.102361679
f 2587/2587 2588/2588 2589/2589
v 0.244027734 4.2875762 -0.287108362
vt 0.876835883 0.102361679
v 0.18537204 4.6321826 -0.0568237118
vt 0.876835883 0.102361679
v 0.0509089455 4.60387325 -0.0883333012
vt 0.908858776 0.114559725
f 2590/2590 2591/2591 2592/2592
v 0.18537204 4.6321826 -0.0568237118
vt 0.876835883 0.102361679
v 0.248708695 4.65717506 0.11578311
vt 0.838529825 0.0764617845
v 0.2050668 4.54235792 0.0528121851
vt 0.873903036 0.0674837381
f 2593/2593 2594/2594 2595/2595
v -0.146710202 4.4440546 0.148604527
vt 0.0712431073 0.6309129
v -0.166889861 4.45650721 0.127227277
vt 0.0678940713 0.625896096
v -0.163194492 4.24343109 0.167303383
vt 0.121990584 0.625896037
f 2596/2596 2597/2597 2598/2598
v -0.163194492 4.24343109 0.167303383
vt 0.121990584 0.625896037
v -0.146529585 4.23093462 0.181425929
vt 0.125252977 0.630199254
v -0.146710202 4.4440546 0.148604527
vt 0.0712431073 0.6309129
f 2599/2599 2600/2600 2601/2601
v 0.14785631 4.54154491 -0.0293144118
vt 0.893890202 0.0843749121
v 0.0509089455 4.56664515 -0.0633029118
vt 0.913381517 0.103798643
v 0.0509089455 4.60387325 -0.0883333012
vt 0.908858776 0.114559725
f 2602/2602 2603/2603 2604/2604
v 0.0509089455 4.60387325 -0.0883333012
vt 0.908858776 0.114559725
v 0.18537204 4.6321826 -0.0568237118
vt 0.876835883 0.102361679
v 0.14785631 4.54154491 -0.0293144118
vt 0.893890202 0.0843749121
f 2605/2605 2606/2606 2607/2607
v 0.2050668 4.54235792 0.0528121851
vt 0.873903036 0.0674837381
v 0.175424024 4.48668766 0.0352667831
vt 0.889866233 0.0612060465
v 0.14785631 4.54154491 -0.0293144118
vt 0.893890202 0.0843749121
f 2608/2608 2609/2609 2610/2610
v 0.14785631 4.54154491 -0.0293144118
vt 0.893890202 0.0843749121
v 0.18537204 4.6321826 -0.0568237118
vt 0.876835883 0.102361679
v 0.2050668 4.54235792 0.0528121851
vt 0.873903036 0.0674837381
f 2611/2611 2612/2612 2613/2613
v -0.0883843452 4.56736135 0.32750389
vt 0.775436044 0.501655161
v -0.107244134 4.70064878 0.343642205
vt 0.748116374 0.514038205
v -0.146890819 4.65717506 0.11578311
vt 0.740299046 0.451877564
f 2614/2614 2615/2615 2616/2616
v 0.0509089455 4.60989666 -0.207978815
vt 0.540300608 0.243156284
v 0.201479241 4.64159679 -0.172692448
vt 0.502058983 0.239281073
v 0.229732081 4.32187843 -0.324502826
vt 0.503532112 0.319445461
f 2617/2617 2618/2618 2619/2619
v 0.229732081 4.32187843 -0.324502826
vt 0.503532112 0.319445461
v 0.0627333 4.28771448 -0.361257225
vt 0.545919776 0.323496282
v 0.0509089455 4.60989666 -0.207978815
vt 0.540300608 0.243156284
f 2620/2620 2621/2621 2622/2622
v 0.0509089455 4.94801521 0.268284351
vt 0.497071296 0.459092408
v 0.214143023 4.83753204 0.324999571
vt 0.454876572 0.433715045
v 0.233696818 4.87154627 0.321428508
vt 0.460529089 0.425708532
f 2623/2623 2624/2624 2625/2625
v 0.233696818 4.87154627 0.321428508
vt 0.460529089 0.425708532
v 0.0509089455 4.9952631 0.257921696
vt 0.507778168 0.454125971
v 0.0509089455 4.94801521 0.268284351
vt 0.497071296 0.459092408
f 2626/2626 2627/2627 2628/2628
v -0.0880135298 4.49602175 0.295747936
vt 0.789378107 0.491852254
v -0.146890819 4.65717506 0.11578311
vt 0.740299046 0.451877564
v -0.123583093 4.48215294 0.178134307
vt 0.793299317 0.461068243
f 2629/2629 2630/2630 2631/2631
v 0.225400984 4.48215294 0.178134307
vt 0.857649744 0.537537813
v 0.248708695 4.65717506 0.11578311
vt 0.857649744 0.591329038
v 0.189831406 4.49602175 0.295747936
vt 0.826648355 0.536141574
f 2632/2632 2633/2633 2634/2634
v -1.47309566 2.27410793 0.165280044
vt 0.567439675 0.861462057
v -1.4728632 2.25958109 0.169793382
vt 0.567789674 0.858930886
v -1.46956778 2.26754236 0.189464658
vt 0.571294248 0.859736383
f 2635/2635 2636/2636 2637/2637
v -1.46956778 2.26754236 0.189464658
vt 0.571294248 0.859736383
v -1.46968079 2.28220248 0.185705647
vt 0.571138382 0.862197101
v -1.47309566 2.27410793 0.165280044
vt 0.567439675 0.861462057
f 2638/2638 2639/2639 2640/2640
v -1.43262661 2.25621462 0.151501253
vt 0.574657679 0.0846108422
v -1.4340744 2.23776126 0.15638034
vt 0.572736204 0.0870665461
v -1.43927479 2.22812366 0.121972769
vt 0.567620039 0.083131671
f 2641/2641 2642/2642 2643/2643
v -1.43927479 2.22812366 0.121972769
vt 0.567620039 0.083131671
v -1.4379909 2.24627733 0.116006613
vt 0.569498301 0.0806551054
v -1.43262661 2.25621462 0.151501253
vt 0.574657679 0.0846108422
f 2644/2644 2645/2645 2646/2646
v -1.43948555 2.25893617 0.103116795
vt 0.570290685 0.0343732387
v -1.48140728 2.26451874 0.111566931
vt 0.565503836 0.0376708359
v -1.48135531 2.24414253 0.116372362
vt 0.564105809 0.0353468023
f 2647/2647 2648/2648 2649/2649
v -1.48135531 2.24414253 0.116372362
vt 0.564105809 0.0353468023
v -1.44130921 2.23875546 0.1083159
vt 0.568618 0.0321353301
v -1.43948555 2.25893617 0.103116795
vt 0.570290685 0.0343732387
f 2650/2650 2651/2651 2652/2652
v -1.4728632 2.25958109 0.169793382
vt 0.0941635594 0.0236728527
v -1.43338096 2.25407481 0.161904559
vt 0.0939019322 0.0167520847
v -1.42803586 2.10797787 0.208249509
vt 0.11879462 0.0135974707
f 2653/2653 2654/2654 2655/2655
v -1.42803586 2.10797787 0.208249509
vt 0.11879462 0.0135974707
v -1.44775665 2.09953785 0.214157224
vt 0.120752133 0.0168387648
v -1.4728632 2.25958109 0.169793382
vt 0.0941635594 0.0236728527
f 2656/2656 2657/2657 2658/2658
v -1.43219101 2.26845169 0.157094046
vt 0.68600297 0.905928075
v -1.42993569 2.2728951 0.169031426
vt 0.685663283 0.903935432
v -1.43120563 2.25844216 0.173405066
vt 0.687982082 0.903687119
f 2659/2659 2660/2660 2661/2661
v -1.43120563 2.25844216 0.173405066
vt 0.687982082 0.903687119
v -1.43338096 2.25407481 0.161904559
vt 0.688301921 0.905660629
v -1.43219101 2.26845169 0.157094046
vt 0.68600297 0.905928075
f 2662/2662 2663/2663 2664/2664
v -1.46968079 2.28220248 0.185705647
vt 0.571138382 0.862197101
v -1.46956778 2.26754236 0.189464658
vt 0.571294248 0.859736383
v -1.44676483 2.27074003 0.198747858
vt 0.575450599 0.860080183
f 2665/2665 2666/2666 2667/2667
v -1.44676483 2.27074003 0.198747858
vt 0.575450599 0.860080183
v -1.44605625 2.28540659 0.195352063
vt 0.57547456 0.862582445
v -1.46968079 2.28220248 0.185705647
vt 0.571138382 0.862197101
f 2668/2668 2669/2669 2670/2670
v -1.42993569 2.2728951 0.169031426
vt 0.685663283 0.903935432
v -1.44605625 2.28540659 0.195352063
vt 0.684731781 0.89886862
v -1.44676483 2.27074003 0.198747858
vt 0.687003195 0.898807287
f 2671/2671 2672/2672 2673/2673
v -1.44676483 2.27074003 0.198747858
vt 0.687003195 0.898807287
v -1.43120563 2.25844216 0.173405066
vt 0.687982082 0.903687119
v -1.42993569 2.2728951 0.169031426
vt 0.685663283 0.903935432
f 2674/2674 2675/2675 2676/2676
v -1.43219101 2.26845169 0.157094046
vt 0.0913711488 0.0167745426
v -1.43338096 2.25407481 0.161904559
vt 0.0939019322 0.0167520847
v -1.4728632 2.25958109 0.169793382
vt 0.0941635594 0.0236728527
f 2677/2677 2678/2678 2679/2679
v -1.4728632 2.25958109 0.169793382
vt 0.0941635594 0.0236728527
v -1.47309566 2.27410793 0.165280044
vt 0.091643244 0.023944838
v -1.43219101 2.26845169 0.157094046
vt 0.0913711488 0.0167745426
f 2680/2680 2681/2681 2682/2682
v -1.42730308 2.11078191 0.214215666
vt 0.710110068 0.902474046
v -1.4357456 2.11225247 0.228352547
vt 0.710571051 0.899994433
v -1.42803586 2.10797787 0.208249509
vt 0.710432291 0.903435826
f 2683/2683 2684/2684 2685/2685
v -1.4357456 2.11225247 0.228352547
vt 0.710571051 0.899994433
v -1.44672167 2.10452366 0.224367499
vt 0.712864101 0.90028131
v -1.42803586 2.10797787 0.208249509
vt 0.710432291 0.903435826
f 2686/2686 2687/2687 2688/2688
v -1.44672167 2.10452366 0.224367499
vt 0.712864101 0.90028131
v -1.44775665 2.09953785 0.214157224
vt 0.713676035 0.902017295
v -1.42803586 2.10797787 0.208249509
vt 0.710432291 0.903435826
f 2689/2689 2690/2690 2691/2691
v -1.46956778 2.26754236 0.189464658
vt 0.571294248 0.859736383
v -1.44672167 2.10452366 0.224367499
vt 0.574382603 0.832812071
v -1.4357456 2.11225247 0.228352547
vt 0.576504827 0.833911657
f 2692/2692 2693/2693 2694/2694
v -1.4357456 2.11225247 0.228352547
vt 0.576504827 0.833911657
v -1.44676483 2.27074003 0.198747858
vt 0.575450599 0.860080183
v -1.46956778 2.26754236 0.189464658
vt 0.571294248 0.859736383
f 2695/2695 2696/2696 2697/2697
v -1.43120563 2.25844216 0.173405066
vt 0.687982082 0.903687119
v -1.44676483 2.27074003 0.198747858
vt 0.687003195 0.898807287
v -1.4357456 2.11225247 0.228352547
vt 0.710571051 0.899994433
f 2698/2698 2699/2699 2700/2700
v -1.4357456 2.11225247 0.228352547
vt 0.710571051 0.899994433
v -1.42730308 2.11078191 0.214215666
vt 0.710110068 0.902474046
v -1.43120563 2.25844216 0.173405066
vt 0.687982082 0.903687119
f 2701/2701 2702/2702 2703/2703
v -1.43338096 2.25407481 0.161904559
vt 0.688301921 0.905660629
v -1.43120563 2.25844216 0.173405066
vt 0.687982082 0.903687119
v -1.42730308 2.11078191 0.214215666
vt 0.710110068 0.902474046
f 2704/2704 2705/2705 2706/2706
v -1.42730308 2.11078191 0.214215666
vt 0.710110068 0.902474046
v -1.42803586 2.10797787 0.208249509
vt 0.710432291 0.903435826
v -1.43338096 2.25407481 0.161904559
vt 0.688301921 0.905660629
f 2707/2707 2708/2708 2709/2709
v -1.4728632 2.25958109 0.169793382
vt 0.567789674 0.858930886
v -1.44775665 2.09953785 0.214157224
vt 0.572564125 0.832192659
v -1.44672167 2.10452366 0.224367499
vt 0.574382603 0.832812071
f 2710/2710 2711/2711 2712/2712
v -1.44672167 2.10452366 0.224367499
vt 0.574382603 0.832812071
v -1.46956778 2.26754236 0.189464658
vt 0.571294248 0.859736383
v -1.4728632 2.25958109 0.169793382
vt 0.567789674 0.858930886
f 2713/2713 2714/2714 2715/2715
v -1.4340744 2.23776126 0.15638034
vt 0.0423822291 0.0183622893
v -1.47614348 2.24361444 0.164789841
vt 0.0426701643 0.0257357787
v -1.43106341 2.07007527 0.19653818
vt 0.0143991178 0.0170305222
f 2716/2716 2717/2717 2718/2718
v -1.43106341 2.07007527 0.19653818
vt 0.0143991178 0.0170305222
v -1.41147459 2.06709743 0.192695364
vt 0.0142703597 0.0135974754
v -1.4340744 2.23776126 0.15638034
vt 0.0423822291 0.0183622893
f 2719/2719 2720/2720 2721/2721
v -1.48138833 2.25215077 0.124728516
vt 0.558605134 0.859666705
v -1.48134255 2.23386502 0.130412742
vt 0.558785439 0.856539488
v -1.47614348 2.24361444 0.164789841
vt 0.564844608 0.856729448
f 2722/2722 2723/2723 2724/2724
v -1.47614348 2.24361444 0.164789841
vt 0.564844608 0.856729448
v -1.47602403 2.26220369 0.160192683
vt 0.564855576 0.859862506
v -1.48138833 2.25215077 0.124728516
vt 0.558605134 0.859666705
f 2725/2725 2726/2726 2727/2727
v -1.4379909 2.24627733 0.116006613
vt 0.569498301 0.0806551054
v -1.43927479 2.22812366 0.121972769
vt 0.567620039 0.083131671
v -1.48134255 2.23386502 0.130412742
vt 0.562324166 0.0793309435
f 2728/2728 2729/2729 2730/2730
v -1.48134255 2.23386502 0.130412742
vt 0.562324166 0.0793309435
v -1.48138833 2.25215077 0.124728516
vt 0.563748419 0.0768947527
v -1.4379909 2.24627733 0.116006613
vt 0.569498301 0.0806551054
f 2731/2731 2732/2732 2733/2733
v -1.43262661 2.25621462 0.151501253
vt 0.0455570295 0.0181981735
v -1.47602403 2.26220369 0.160192683
vt 0.0458539538 0.0258044377
v -1.47614348 2.24361444 0.164789841
vt 0.0426701643 0.0257357787
f 2734/2734 2735/2735 2736/2736
v -1.47614348 2.24361444 0.164789841
vt 0.0426701643 0.0257357787
v -1.4340744 2.23776126 0.15638034
vt 0.0423822291 0.0183622893
v -1.43262661 2.25621462 0.151501253
vt 0.0455570295 0.0181981735
f 2737/2737 2738/2738 2739/2739
v -1.41147459 2.06709743 0.192695364
vt 0.558512449 0.104803786
v -1.43106341 2.07007527 0.19653818
vt 0.555002868 0.105271101
v -1.43348384 2.06552911 0.180534482
vt 0.554852605 0.102318287
f 2740/2740 2741/2741 2742/2742
v -1.43348384 2.06552911 0.180534482
vt 0.554852605 0.102318287
v -1.41389513 2.06254458 0.176691666
vt 0.557718754 0.102442019
v -1.41147459 2.06709743 0.192695364
vt 0.558512449 0.104803786
f 2743/2743 2744/2744 2745/2745
v -1.48134255 2.23386502 0.130412742
vt 0.558785439 0.856539488
v -1.43348384 2.06552911 0.180534482
vt 0.561246336 0.827552974
v -1.43106341 2.07007527 0.19653818
vt 0.564067662 0.827636361
f 2746/2746 2747/2747 2748/2748
v -1.43106341 2.07007527 0.19653818
vt 0.564067662 0.827636361
v -1.47614348 2.24361444 0.164789841
vt 0.564844608 0.856729448
v -1.48134255 2.23386502 0.130412742
vt 0.558785439 0.856539488
f 2749/2749 2750/2750 2751/2751
v -1.43927479 2.22812366 0.121972769
vt 0.567620039 0.083131671
v -1.41389513 2.06254458 0.176691666
vt 0.557718754 0.102442019
v -1.43348384 2.06552911 0.180534482
vt 0.554852605 0.102318287
f 2752/2752 2753/2753 2754/2754
v -1.43348384 2.06552911 0.180534482
vt 0.554852605 0.102318287
v -1.48134255 2.23386502 0.130412742
vt 0.562324166 0.0793309435
v -1.43927479 2.22812366 0.121972769
vt 0.567620039 0.083131671
f 2755/2755 2756/2756 2757/2757
v -1.4340744 2.23776126 0.15638034
vt 0.572736204 0.0870665461
v -1.41147459 2.06709743 0.192695364
vt 0.558512449 0.104803786
v -1.41389513 2.06254458 0.176691666
vt 0.557718754 0.102442019
f 2758/2758 2759/2759 2760/2760
v -1.41389513 2.06254458 0.176691666
vt 0.557718754 0.102442019
v -1.43927479 2.22812366 0.121972769
vt 0.567620039 0.083131671
v -1.4340744 2.23776126 0.15638034
vt 0.572736204 0.0870665461
f 2761/2761 2762/2762 2763/2763
v -1.44626832 2.23404288 0.0743020028
vt 0.171590805 0.39680177
v -1.44109964 2.08016491 0.126216888
vt 0.170156315 0.370280504
v -1.46297681 2.0834198 0.130529583
vt 0.17399177 0.370365977
f 2764/2764 2765/2765 2766/2766
v -1.46297681 2.0834198 0.130529583
vt 0.17399177 0.370365977
v -1.48631442 2.23924947 0.0824092627
vt 0.178610504 0.396918029
v -1.44626832 2.23404288 0.0743020028
vt 0.171590805 0.39680177
f 2767/2767 2768/2768 2769/2769
v -1.43948555 2.25893617 0.103116795
vt 0.570290685 0.0343732387
v -1.44130921 2.23875546 0.1083159
vt 0.568618 0.0321353301
v -1.44626832 2.23404288 0.0743020028
vt 0.572603941 0.0297394376
f 2770/2770 2771/2771 2772/2772
v -1.44626832 2.23404288 0.0743020028
vt 0.572603941 0.0297394376
v -1.444677 2.25361633 0.0676196143
vt 0.574390531 0.0317221172
v -1.43948555 2.25893617 0.103116795
vt 0.570290685 0.0343732387
f 2773/2773 2774/2774 2775/2775
v -1.48140728 2.26451874 0.111566931
vt 0.556423187 0.862041593
v -1.48659754 2.2590034 0.0761256218
vt 0.550340176 0.862729907
v -1.48631442 2.23924947 0.0824092627
vt 0.550475001 0.859307468
f 2776/2776 2777/2777 2778/2778
v -1.48631442 2.23924947 0.0824092627
vt 0.550475001 0.859307468
v -1.48135531 2.24414253 0.116372362
vt 0.556286156 0.858588755
v -1.48140728 2.26451874 0.111566931
vt 0.556423187 0.862041593
f 2779/2779 2780/2780 2781/2781
v -1.444677 2.25361633 0.0676196143
vt 0.171398923 0.400249928
v -1.44626832 2.23404288 0.0743020028
vt 0.171590805 0.39680177
v -1.48631442 2.23924947 0.0824092627
vt 0.178610504 0.396918029
f 2782/2782 2783/2783 2784/2784
v -1.48631442 2.23924947 0.0824092627
vt 0.178610504 0.396918029
v -1.48659754 2.2590034 0.0761256218
vt 0.17874743 0.400374323
v -1.444677 2.25361633 0.0676196143
vt 0.171398923 0.400249928
f 2785/2785 2786/2786 2787/2787
v -1.43838835 2.08149338 0.145149052
vt 0.557914257 0.0159505233
v -1.46026421 2.08477235 0.149456665
vt 0.554852545 0.0164772272
v -1.46297681 2.0834198 0.130529583
vt 0.555376649 0.012829056
f 2788/2788 2789/2789 2790/2790
v -1.46297681 2.0834198 0.130529583
vt 0.555376649 0.012829056
v -1.44109964 2.08016491 0.126216888
vt 0.559421957 0.0137965959
v -1.43838835 2.08149338 0.145149052
vt 0.557914257 0.0159505233
f 2791/2791 2792/2792 2793/2793
v -1.44130921 2.23875546 0.1083159
vt 0.568618 0.0321353301
v -1.43838835 2.08149338 0.145149052
vt 0.557914257 0.0159505233
v -1.44109964 2.08016491 0.126216888
vt 0.559421957 0.0137965959
f 2794/2794 2795/2795 2796/2796
v -1.44109964 2.08016491 0.126216888
vt 0.559421957 0.0137965959
v -1.44626832 2.23404288 0.0743020028
vt 0.572603941 0.0297394376
v -1.44130921 2.23875546 0.1083159
vt 0.568618 0.0321353301
f 2797/2797 2798/2798 2799/2799
v -1.44130921 2.23875546 0.1083159
vt 0.568618 0.0321353301
v -1.48135531 2.24414253 0.116372362
vt 0.564105809 0.0353468023
v -1.46026421 2.08477235 0.149456665
vt 0.554852545 0.0164772272
f 2800/2800 2801/2801 2802/2802
v -1.46026421 2.08477235 0.149456665
vt 0.554852545 0.0164772272
v -1.43838835 2.08149338 0.145149052
vt 0.557914257 0.0159505233
v -1.44130921 2.23875546 0.1083159
vt 0.568618 0.0321353301
f 2803/2803 2804/2804 2805/2805
v -1.48135531 2.24414253 0.116372362
vt 0.556286156 0.858588755
v -1.48631442 2.23924947 0.0824092627
vt 0.550475001 0.859307468
v -1.46297681 2.0834198 0.130529583
vt 0.551782012 0.832653224
f 2806/2806 2807/2807 2808/2808
v -1.46297681 2.0834198 0.130529583
vt 0.551782012 0.832653224
v -1.46026421 2.08477235 0.149456665
vt 0.554957867 0.832057416
v -1.48135531 2.24414253 0.116372362
vt 0.556286156 0.858588755
f 2809/2809 2810/2810 2811/2811
v -1.48982191 2.25464106 0.0671522766
vt 0.547671139 0.862226784
v -1.49199355 2.25409126 0.0546434335
vt 0.545613945 0.862852931
v -1.47615111 2.14241457 0.0823635459
vt 0.543563128 0.843869507
f 2812/2812 2813/2813 2814/2814
v -1.47615111 2.14241457 0.0823635459
vt 0.543563128 0.843869507
v -1.47495103 2.14207292 0.0894523114
vt 0.544686913 0.843391061
v -1.48982191 2.25464106 0.0671522766
vt 0.547671139 0.862226784
f 2815/2815 2816/2816 2817/2817
v -1.49191093 2.26804543 0.0508590303
vt 0.545747161 0.865250349
v -1.47581577 2.26487041 0.0219629593
vt 0.540158689 0.866317332
v -1.4765321 2.25140667 0.0267785527
vt 0.540274024 0.863908112
f 2818/2818 2819/2819 2820/2820
v -1.4765321 2.25140667 0.0267785527
vt 0.540274024 0.863908112
v -1.49199355 2.25409126 0.0546434335
vt 0.545613945 0.862852931
v -1.49191093 2.26804543 0.0508590303
vt 0.545747161 0.865250349
f 2821/2821 2822/2822 2823/2823
v -1.48964918 2.26881623 0.063825056
vt 0.547933042 0.864676952
v -1.49191093 2.26804543 0.0508590303
vt 0.545747161 0.865250349
v -1.49199355 2.25409126 0.0546434335
vt 0.545613945 0.862852931
f 2824/2824 2825/2825 2826/2826
v -1.49199355 2.25409126 0.0546434335
vt 0.545613945 0.862852931
v -1.48982191 2.25464106 0.0671522766
vt 0.547671139 0.862226784
v -1.48964918 2.26881623 0.063825056
vt 0.547933042 0.864676952
f 2827/2827 2828/2828 2829/2829
v -1.44877136 2.26347852 0.0555527024
vt 0.684150279 0.929829776
v -1.45054924 2.24942946 0.0592304282
vt 0.686439574 0.929834366
v -1.45384347 2.24873209 0.0376237817
vt 0.685696602 0.933345675
f 2830/2830 2831/2831 2832/2832
v -1.45384347 2.24873209 0.0376237817
vt 0.685696602 0.933345675
v -1.45219886 2.26240945 0.0331612341
vt 0.683440566 0.933379829
v -1.44877136 2.26347852 0.0555527024
vt 0.684150279 0.929829776
f 2833/2833 2834/2834 2835/2835
v -1.44877136 2.26347852 0.0555527024
vt 0.171107218 0.440140396
v -1.48964918 2.26881623 0.063825056
vt 0.17827417 0.440261453
v -1.48982191 2.25464106 0.0671522766
vt 0.178105697 0.442695022
f 2836/2836 2837/2837 2838/2838
v -1.48982191 2.25464106 0.0671522766
vt 0.178105697 0.442695022
v -1.45054924 2.24942946 0.0592304282
vt 0.171220109 0.4425807
v -1.44877136 2.26347852 0.0555527024
vt 0.171107218 0.440140396
f 2839/2839 2840/2840 2841/2841
v -1.45508921 2.1397326 0.0728873014
vt 0.701527119 0.931851208
v -1.45326817 2.13908362 0.0851091444
vt 0.702405274 0.930222988
v -1.46761715 2.14203238 0.0666671619
vt 0.701698363 0.933829248
f 2842/2842 2843/2843 2844/2844
v -1.45326817 2.13908362 0.0851091444
vt 0.702405274 0.930222988
v -1.47495103 2.14207292 0.0894523114
vt 0.705329895 0.932353616
v -1.47615111 2.14241457 0.0823635459
vt 0.70461601 0.933272958
f 2845/2845 2846/2846 2847/2847
v -1.45326817 2.13908362 0.0851091444
vt 0.702405274 0.930222988
v -1.47615111 2.14241457 0.0823635459
vt 0.70461601 0.933272958
v -1.46761715 2.14203238 0.0666671619
vt 0.701698363 0.933829248
f 2848/2848 2849/2849 2850/2850
v -1.49199355 2.25409126 0.0546434335
vt 0.545613945 0.862852931
v -1.4765321 2.25140667 0.0267785527
vt 0.540274024 0.863908112
v -1.46761715 2.14203238 0.0666671619
vt 0.540557086 0.844581604
f 2851/2851 2852/2852 2853/2853
v -1.46761715 2.14203238 0.0666671619
vt 0.540557086 0.844581604
v -1.47615111 2.14241457 0.0823635459
vt 0.543563128 0.843869507
v -1.49199355 2.25409126 0.0546434335
vt 0.545613945 0.862852931
f 2854/2854 2855/2855 2856/2856
v -1.45054924 2.24942946 0.0592304282
vt 0.171220109 0.4425807
v -1.48982191 2.25464106 0.0671522766
vt 0.178105697 0.442695022
v -1.47495103 2.14207292 0.0894523114
vt 0.173958212 0.461335063
f 2857/2857 2858/2858 2859/2859
v -1.47495103 2.14207292 0.0894523114
vt 0.173958212 0.461335063
v -1.45326817 2.13908362 0.0851091444
vt 0.170156315 0.461277634
v -1.45054924 2.24942946 0.0592304282
vt 0.171220109 0.4425807
f 2860/2860 2861/2861 2862/2862
v -1.45384347 2.24873209 0.0376237817
vt 0.685696602 0.933345675
v -1.45508921 2.1397326 0.0728873014
vt 0.701527119 0.931851208
v -1.46761715 2.14203238 0.0666671619
vt 0.701698363 0.933829248
f 2863/2863 2864/2864 2865/2865
v -1.46761715 2.14203238 0.0666671619
vt 0.701698363 0.933829248
v -1.4765321 2.25140667 0.0267785527
vt 0.685313582 0.937201917
v -1.45384347 2.24873209 0.0376237817
vt 0.685696602 0.933345675
f 2866/2866 2867/2867 2868/2868
v -1.45054924 2.24942946 0.0592304282
vt 0.686439574 0.929834366
v -1.45326817 2.13908362 0.0851091444
vt 0.702405274 0.930222988
v -1.45508921 2.1397326 0.0728873014
vt 0.701527119 0.931851208
f 2869/2869 2870/2870 2871/2871
v -1.45508921 2.1397326 0.0728873014
vt 0.701527119 0.931851208
v -1.45384347 2.24873209 0.0376237817
vt 0.685696602 0.933345675
v -1.45054924 2.24942946 0.0592304282
vt 0.686439574 0.929834366
f 2872/2872 2873/2873 2874/2874
v -1.43137074 2.27218413 0.147282541
vt 0.0483117439 0.0180557314
v -1.47591996 2.27827597 0.156217799
vt 0.0486163422 0.0258640088
v -1.47602403 2.26220369 0.160192683
vt 0.0458539538 0.0258044377
f 2875/2875 2876/2876 2877/2877
v -1.47602403 2.26220369 0.160192683
vt 0.0458539538 0.0258044377
v -1.43262661 2.25621462 0.151501253
vt 0.0455570295 0.0181981735
v -1.43137074 2.27218413 0.147282541
vt 0.0483117439 0.0180557314
f 2878/2878 2879/2879 2880/2880
v -1.43687713 2.26198649 0.110843077
vt 0.570998311 0.078426607
v -1.4379909 2.24627733 0.116006613
vt 0.569498301 0.0806551054
v -1.48138833 2.25215077 0.124728516
vt 0.563748419 0.0768947527
f 2881/2881 2882/2882 2883/2883
v -1.48138833 2.25215077 0.124728516
vt 0.563748419 0.0768947527
v -1.48142636 2.26795769 0.119811341
vt 0.564977527 0.0747476071
v -1.43687713 2.26198649 0.110843077
vt 0.570998311 0.078426607
f 2884/2884 2885/2885 2886/2886
v -1.48142636 2.26795769 0.119811341
vt 0.558448613 0.862379968
v -1.48138833 2.25215077 0.124728516
vt 0.558605134 0.859666705
v -1.47602403 2.26220369 0.160192683
vt 0.564855576 0.859862506
f 2887/2887 2888/2888 2889/2889
v -1.47602403 2.26220369 0.160192683
vt 0.564855576 0.859862506
v -1.47591996 2.27827597 0.156217799
vt 0.564864993 0.862580895
v -1.48142636 2.26795769 0.119811341
vt 0.558448613 0.862379968
f 2890/2890 2891/2891 2892/2892
v -1.43137074 2.27218413 0.147282541
vt 0.576403439 0.0824617818
v -1.43262661 2.25621462 0.151501253
vt 0.574657679 0.0846108422
v -1.4379909 2.24627733 0.116006613
vt 0.569498301 0.0806551054
f 2893/2893 2894/2894 2895/2895
v -1.4379909 2.24627733 0.116006613
vt 0.569498301 0.0806551054
v -1.43687713 2.26198649 0.110843077
vt 0.570998311 0.078426607
v -1.43137074 2.27218413 0.147282541
vt 0.576403439 0.0824617818
f 2896/2896 2897/2897 2898/2898
v -1.44341087 2.26912975 0.0623214506
vt 0.171246424 0.402990371
v -1.444677 2.25361633 0.0676196143
vt 0.171398923 0.400249928
v -1.48659754 2.2590034 0.0761256218
vt 0.17874743 0.400374323
f 2899/2899 2900/2900 2901/2901
v -1.48659754 2.2590034 0.0761256218
vt 0.17874743 0.400374323
v -1.48682237 2.27463889 0.0711474866
vt 0.178856209 0.403121114
v -1.44341087 2.26912975 0.0623214506
vt 0.171246424 0.402990371
f 2902/2902 2903/2903 2904/2904
v -1.48144794 2.28064942 0.107767284
vt 0.556532085 0.864785671
v -1.48682237 2.27463889 0.0711474866
vt 0.550233066 0.865449786
v -1.48659754 2.2590034 0.0761256218
vt 0.550340176 0.862729907
f 2905/2905 2906/2906 2907/2907
v -1.48659754 2.2590034 0.0761256218
vt 0.550340176 0.862729907
v -1.48140728 2.26451874 0.111566931
vt 0.556423187 0.862041593
v -1.48144794 2.28064942 0.107767284
vt 0.556532085 0.864785671
f 2908/2908 2909/2909 2910/2910
v -1.43803656 2.27493095 0.0989996642
vt 0.571638763 0.0361663066
v -1.43948555 2.25893617 0.103116795
vt 0.570290685 0.0343732387
v -1.444677 2.25361633 0.0676196143
vt 0.574390531 0.0317221172
f 2911/2911 2912/2912 2913/2913
v -1.444677 2.25361633 0.0676196143
vt 0.574390531 0.0317221172
v -1.44341087 2.26912975 0.0623214506
vt 0.575850844 0.0332782827
v -1.43803656 2.27493095 0.0989996642
vt 0.571638763 0.0361663066
f 2914/2914 2915/2915 2916/2916
v -1.43803656 2.27493095 0.0989996642
vt 0.571638763 0.0361663066
v -1.48144794 2.28064942 0.107767284
vt 0.56659323 0.0395413786
v -1.48140728 2.26451874 0.111566931
vt 0.565503836 0.0376708359
f 2917/2917 2918/2918 2919/2919
v -1.48140728 2.26451874 0.111566931
vt 0.565503836 0.0376708359
v -1.43948555 2.25893617 0.103116795
vt 0.570290685 0.0343732387
v -1.43803656 2.27493095 0.0989996642
vt 0.571638763 0.0361663066
f 2920/2920 2921/2921 2922/2922
v -1.4465667 2.28086138 0.0510063432
vt 0.170967162 0.437114209
v -1.4894371 2.28633499 0.0597155429
vt 0.178483114 0.43724373
v -1.48964918 2.26881623 0.063825056
vt 0.17827417 0.440261453
f 2923/2923 2924/2924 2925/2925
v -1.48964918 2.26881623 0.063825056
vt 0.17827417 0.440261453
v -1.44877136 2.26347852 0.0555527024
vt 0.171107218 0.440140396
v -1.4465667 2.28086138 0.0510063432
vt 0.170967162 0.437114209
f 2926/2926 2927/2927 2928/2928
v -1.4465667 2.28086138 0.0510063432
vt 0.681341648 0.929793
v -1.44877136 2.26347852 0.0555527024
vt 0.684150279 0.929829776
v -1.45219886 2.26240945 0.0331612341
vt 0.683440566 0.933379829
f 2929/2929 2930/2930 2931/2931
v -1.45219886 2.26240945 0.0331612341
vt 0.683440566 0.933379829
v -1.45016062 2.2793324 0.0276370235
vt 0.680670142 0.933472574
v -1.4465667 2.28086138 0.0510063432
vt 0.681341648 0.929793
f 2932/2932 2933/2933 2934/2934
v -1.4894371 2.28633499 0.0597155429
vt 0.548203051 0.867714703
v -1.49180686 2.28528976 0.046185676
vt 0.545907915 0.868257403
v -1.49191093 2.26804543 0.0508590303
vt 0.545747161 0.865250349
f 2935/2935 2936/2936 2937/2937
v -1.49191093 2.26804543 0.0508590303
vt 0.545747161 0.865250349
v -1.48964918 2.26881623 0.063825056
vt 0.547933042 0.864676952
v -1.4894371 2.28633499 0.0597155429
vt 0.548203051 0.867714703
f 2938/2938 2939/2939 2940/2940
v -1.49180686 2.28528976 0.046185676
vt 0.545907915 0.868257403
v -1.47492683 2.28151298 0.0160069726
vt 0.540022135 0.869310379
v -1.47581577 2.26487041 0.0219629593
vt 0.540158689 0.866317332
f 2941/2941 2942/2942 2943/2943
v -1.47581577 2.26487041 0.0219629593
vt 0.540158689 0.866317332
v -1.49191093 2.26804543 0.0508590303
vt 0.545747161 0.865250349
v -1.49180686 2.28528976 0.046185676
vt 0.545907915 0.868257403
f 2944/2944 2945/2945 2946/2946
v -1.45016062 2.2793324 0.0276370235
vt 0.680670142 0.933472574
v -1.45219886 2.26240945 0.0331612341
vt 0.683440566 0.933379829
v -1.47581577 2.26487041 0.0219629593
vt 0.683157802 0.937434077
f 2947/2947 2948/2948 2949/2949
v -1.47581577 2.26487041 0.0219629593
vt 0.683157802 0.937434077
v -1.47492683 2.28151298 0.0160069726
vt 0.680464029 0.937737525
v -1.45016062 2.2793324 0.0276370235
vt 0.680670142 0.933472574
f 2950/2950 2951/2951 2952/2952
v -1.4307878 2.28535461 0.151435226
vt 0.0883883387 0.0168010816
v -1.43219101 2.26845169 0.157094046
vt 0.0913711488 0.0167745426
v -1.47309566 2.27410793 0.165280044
vt 0.091643244 0.023944838
f 2953/2953 2954/2954 2955/2955
v -1.47309566 2.27410793 0.165280044
vt 0.091643244 0.023944838
v -1.47336996 2.29117084 0.159979343
vt 0.0886727944 0.0242653769
v -1.4307878 2.28535461 0.151435226
vt 0.0883883387 0.0168010816
f 2956/2956 2957/2957 2958/2958
v -1.42843974 2.28988934 0.163888186
vt 0.682961822 0.904208779
v -1.44522059 2.30265355 0.191361934
vt 0.682051718 0.898934901
v -1.44605625 2.28540659 0.195352063
vt 0.684731781 0.89886862
f 2959/2959 2960/2960 2961/2961
v -1.44605625 2.28540659 0.195352063
vt 0.684731781 0.89886862
v -1.42993569 2.2728951 0.169031426
vt 0.685663283 0.903935432
v -1.42843974 2.28988934 0.163888186
vt 0.682961822 0.904208779
f 2962/2962 2963/2963 2964/2964
v -1.46981537 2.29942155 0.181291357
vt 0.57094413 0.865136564
v -1.46968079 2.28220248 0.185705647
vt 0.571138382 0.862197101
v -1.44605625 2.28540659 0.195352063
vt 0.57547456 0.862582445
f 2965/2965 2966/2966 2967/2967
v -1.44605625 2.28540659 0.195352063
vt 0.57547456 0.862582445
v -1.44522059 2.30265355 0.191361934
vt 0.575485528 0.865536809
v -1.46981537 2.29942155 0.181291357
vt 0.57094413 0.865136564
f 2968/2968 2969/2969 2970/2970
v -1.4307878 2.28535461 0.151435226
vt 0.683309615 0.906276405
v -1.42843974 2.28988934 0.163888186
vt 0.682961822 0.904208779
v -1.42993569 2.2728951 0.169031426
vt 0.685663283 0.903935432
f 2971/2971 2972/2972 2973/2973
v -1.42993569 2.2728951 0.169031426
vt 0.685663283 0.903935432
v -1.43219101 2.26845169 0.157094046
vt 0.68600297 0.905928075
v -1.4307878 2.28535461 0.151435226
vt 0.683309615 0.906276405
f 2974/2974 2975/2975 2976/2976
v -1.47336996 2.29117084 0.159979343
vt 0.567079365 0.864427686
v -1.47309566 2.27410793 0.165280044
vt 0.567439675 0.861462057
v -1.46968079 2.28220248 0.185705647
vt 0.571138382 0.862197101
f 2977/2977 2978/2978 2979/2979
v -1.46968079 2.28220248 0.185705647
vt 0.571138382 0.862197101
v -1.46981537 2.29942155 0.181291357
vt 0.57094413 0.865136564
v -1.47336996 2.29117084 0.159979343
vt 0.567079365 0.864427686
f 2980/2980 2981/2981 2982/2982
v -1.47512627 2.39891458 0.126455635
vt 0.564937413 0.883282602
v -1.47336996 2.29117084 0.159979343
vt 0.567079365 0.864427686
v -1.46981537 2.29942155 0.181291357
vt 0.57094413 0.865136564
f 2983/2983 2984/2984 2985/2985
v -1.46981537 2.29942155 0.181291357
vt 0.57094413 0.865136564
v -1.4706713 2.40819645 0.153441712
vt 0.56976521 0.883825183
v -1.47512627 2.39891458 0.126455635
vt 0.564937413 0.883282602
f 2986/2986 2987/2987 2988/2988
v -1.42180049 2.39245057 0.115526587
vt 0.665995121 0.908605337
v -1.41886055 2.39756465 0.131278843
vt 0.665552557 0.906037092
v -1.42843974 2.28988934 0.163888186
vt 0.682961822 0.904208779
f 2989/2989 2990/2990 2991/2991
v -1.42843974 2.28988934 0.163888186
vt 0.682961822 0.904208779
v -1.4307878 2.28535461 0.151435226
vt 0.683309615 0.906276405
v -1.42180049 2.39245057 0.115526587
vt 0.665995121 0.908605337
f 2992/2992 2993/2993 2994/2994
v -1.4706713 2.40819645 0.153441712
vt 0.56976521 0.883825183
v -1.46981537 2.29942155 0.181291357
vt 0.57094413 0.865136564
v -1.44522059 2.30265355 0.191361934
vt 0.575485528 0.865536809
f 2995/2995 2996/2996 2997/2997
v -1.44522059 2.30265355 0.191361934
vt 0.575485528 0.865536809
v -1.43987036 2.41165328 0.166222334
vt 0.575370193 0.88435024
v -1.4706713 2.40819645 0.153441712
vt 0.56976521 0.883825183
f 2998/2998 2999/2999 3000/3000
v -1.41886055 2.39756465 0.131278843
vt 0.665552557 0.906037092
v -1.43987036 2.41165328 0.166222334
vt 0.664822698 0.899226189
v -1.44522059 2.30265355 0.191361934
vt 0.682051718 0.898934901
f 3001/3001 3002/3002 3003/3003
v -1.44522059 2.30265355 0.191361934
vt 0.682051718 0.898934901
v -1.42843974 2.28988934 0.163888186
vt 0.682961822 0.904208779
v -1.41886055 2.39756465 0.131278843
vt 0.665552557 0.906037092
f 3004/3004 3005/3005 3006/3006
v -1.42180049 2.39245057 0.115526587
vt 0.0692890435 0.0169709921
v -1.4307878 2.28535461 0.151435226
vt 0.0883883387 0.0168010816
v -1.47336996 2.29117084 0.159979343
vt 0.0886727944 0.0242653769
f 3007/3007 3008/3008 3009/3009
v -1.47336996 2.29117084 0.159979343
vt 0.0886727944 0.0242653769
v -1.47512627 2.39891458 0.126455635
vt 0.0696531758 0.0263177715
v -1.42180049 2.39245057 0.115526587
vt 0.0692890435 0.0169709921
f 3010/3010 3011/3011 3012/3012
v -1.42180049 2.39245057 0.115526587
vt 0.591375828 0.0654420704
v -1.43137074 2.27218413 0.147282541
vt 0.576403439 0.0824617818
v -1.43687713 2.26198649 0.110843077
vt 0.570998311 0.078426607
f 3013/3013 3014/3014 3015/3015
v -1.43687713 2.26198649 0.110843077
vt 0.570998311 0.078426607
v -1.42839146 2.38027072 0.0718992874
vt 0.5868662 0.0556145497
v -1.42180049 2.39245057 0.115526587
vt 0.591375828 0.0654420704
f 3016/3016 3017/3017 3018/3018
v -1.48171723 2.38658214 0.0828715116
vt 0.557256699 0.883042812
v -1.48142636 2.26795769 0.119811341
vt 0.558448613 0.862379968
v -1.47591996 2.27827597 0.156217799
vt 0.564864993 0.862580895
f 3019/3019 3020/3020 3021/3021
v -1.47591996 2.27827597 0.156217799
vt 0.564864993 0.862580895
v -1.47512627 2.39891458 0.126455635
vt 0.564937413 0.883282602
v -1.48171723 2.38658214 0.0828715116
vt 0.557256699 0.883042812
f 3022/3022 3023/3023 3024/3024
v -1.42839146 2.38027072 0.0718992874
vt 0.5868662 0.0556145497
v -1.43687713 2.26198649 0.110843077
vt 0.570998311 0.078426607
v -1.48142636 2.26795769 0.119811341
vt 0.564977527 0.0747476071
f 3025/3025 3026/3026 3027/3027
v -1.48142636 2.26795769 0.119811341
vt 0.564977527 0.0747476071
v -1.48171723 2.38658214 0.0828715116
vt 0.572868586 0.0557010174
v -1.42839146 2.38027072 0.0718992874
vt 0.5868662 0.0556145497
f 3028/3028 3029/3029 3030/3030
v -1.42180049 2.39245057 0.115526587
vt 0.0692890435 0.0169709921
v -1.47512627 2.39891458 0.126455635
vt 0.0696531758 0.0263177715
v -1.47591996 2.27827597 0.156217799
vt 0.0486163422 0.0258640088
f 3031/3031 3032/3032 3033/3033
v -1.47591996 2.27827597 0.156217799
vt 0.0486163422 0.0258640088
v -1.43137074 2.27218413 0.147282541
vt 0.0483117439 0.0180557314
v -1.42180049 2.39245057 0.115526587
vt 0.0692890435 0.0169709921
f 3034/3034 3035/3035 3036/3036
v -1.42839146 2.38027072 0.0718992874
vt 0.5868662 0.0556145497
v -1.48171723 2.38658214 0.0828715116
vt 0.572868586 0.0557010174
v -1.48144794 2.28064942 0.107767284
vt 0.56659323 0.0395413786
f 3037/3037 3038/3038 3039/3039
v -1.48144794 2.28064942 0.107767284
vt 0.56659323 0.0395413786
v -1.43803656 2.27493095 0.0989996642
vt 0.571638763 0.0361663066
v -1.42839146 2.38027072 0.0718992874
vt 0.5868662 0.0556145497
f 3040/3040 3041/3041 3042/3042
v -1.42839146 2.38027072 0.0718992874
vt 0.5868662 0.0556145497
v -1.43803656 2.27493095 0.0989996642
vt 0.571638763 0.0361663066
v -1.44341087 2.26912975 0.0623214506
vt 0.575850844 0.0332782827
f 3043/3043 3044/3044 3045/3045
v -1.44341087 2.26912975 0.0623214506
vt 0.575850844 0.0332782827
v -1.43499005 2.37124133 0.0273805
vt 0.590514362 0.044556234
v -1.42839146 2.38027072 0.0718992874
vt 0.5868662 0.0556145497
f 3046/3046 3047/3047 3048/3048
v -1.48171723 2.38658214 0.0828715116
vt 0.557256699 0.883042812
v -1.48831451 2.37732697 0.0384187587
vt 0.549520433 0.883546591
v -1.48682237 2.27463889 0.0711474866
vt 0.550233066 0.865449786
f 3049/3049 3050/3050 3051/3051
v -1.48682237 2.27463889 0.0711474866
vt 0.550233066 0.865449786
v -1.48144794 2.28064942 0.107767284
vt 0.556532085 0.864785671
v -1.48171723 2.38658214 0.0828715116
vt 0.557256699 0.883042812
f 3052/3052 3053/3053 3054/3054
v -1.43499005 2.37124133 0.0273805
vt 0.17023176 0.42122364
v -1.44341087 2.26912975 0.0623214506
vt 0.171246424 0.402990371
v -1.48682237 2.27463889 0.0711474866
vt 0.178856209 0.403121114
f 3055/3055 3056/3056 3057/3057
v -1.48682237 2.27463889 0.0711474866
vt 0.178856209 0.403121114
v -1.48831451 2.37732697 0.0384187587
vt 0.179580137 0.421397328
v -1.43499005 2.37124133 0.0273805
vt 0.17023176 0.42122364
f 3058/3058 3059/3059 3060/3060
v -1.43945503 2.36725378 -0.0010990313
vt 0.666003108 0.934021413
v -1.45016062 2.2793324 0.0276370235
vt 0.680670142 0.933472574
v -1.47492683 2.28151298 0.0160069726
vt 0.680464029 0.937737525
f 3061/3061 3062/3062 3063/3063
v -1.47492683 2.28151298 0.0160069726
vt 0.680464029 0.937737525
v -1.47025859 2.36794472 -0.0149946436
vt 0.66617018 0.939456105
v -1.43945503 2.36725378 -0.0010990313
vt 0.666003108 0.934021413
f 3064/3064 3065/3065 3066/3066
v -1.49126077 2.37487459 0.0219147019
vt 0.546676159 0.883951902
v -1.47025859 2.36794472 -0.0149946436
vt 0.539422572 0.884998918
v -1.47492683 2.28151298 0.0160069726
vt 0.540022135 0.869310379
f 3067/3067 3068/3068 3069/3069
v -1.47492683 2.28151298 0.0160069726
vt 0.540022135 0.869310379
v -1.49180686 2.28528976 0.046185676
vt 0.545907915 0.868257403
v -1.49126077 2.37487459 0.0219147019
vt 0.546676159 0.883951902
f 3070/3070 3071/3071 3072/3072
v -1.48831451 2.37732697 0.0384187587
vt 0.549520433 0.883546591
v -1.49126077 2.37487459 0.0219147019
vt 0.546676159 0.883951902
v -1.49180686 2.28528976 0.046185676
vt 0.545907915 0.868257403
f 3073/3073 3074/3074 3075/3075
v -1.49180686 2.28528976 0.046185676
vt 0.545907915 0.868257403
v -1.4894371 2.28633499 0.0597155429
vt 0.548203051 0.867714703
v -1.48831451 2.37732697 0.0384187587
vt 0.549520433 0.883546591
f 3076/3076 3077/3077 3078/3078
v -1.43499005 2.37124133 0.0273805
vt 0.666664064 0.929498196
v -1.4465667 2.28086138 0.0510063432
vt 0.681341648 0.929793
v -1.45016062 2.2793324 0.0276370235
vt 0.680670142 0.933472574
f 3079/3079 3080/3080 3081/3081
v -1.45016062 2.2793324 0.0276370235
vt 0.680670142 0.933472574
v -1.43945503 2.36725378 -0.0010990313
vt 0.666003108 0.934021413
v -1.43499005 2.37124133 0.0273805
vt 0.666664064 0.929498196
f 3082/3082 3083/3083 3084/3084
v -1.48831451 2.37732697 0.0384187587
vt 0.179580137 0.421397328
v -1.4894371 2.28633499 0.0597155429
vt 0.178483114 0.43724373
v -1.4465667 2.28086138 0.0510063432
vt 0.170967162 0.437114209
f 3085/3085 3086/3086 3087/3087
v -1.4465667 2.28086138 0.0510063432
vt 0.170967162 0.437114209
v -1.43499005 2.37124133 0.0273805
vt 0.17023176 0.42122364
v -1.48831451 2.37732697 0.0384187587
vt 0.179580137 0.421397328
f 3088/3088 3089/3089 3090/3090
v 1.41634786 2.5937655 0.026260417
vt 0.836062551 0.26593405
v 1.45235991 2.6188798 0.061981108
vt 0.844348013 0.262452275
v 1.420959 2.66575789 0.0265220217
vt 0.846215189 0.273832738
f 3091/3091 3092/3092 3093/3093
v 1.420959 2.66575789 0.0265220217
vt 0.846215189 0.273832738
v 1.39643657 2.63980317 0.00400102139
vt 0.838650823 0.274488211
v 1.41634786 2.5937655 0.026260417
vt 0.836062551 0.26593405
f 3094/3094 3095/3095 3096/3096
v 1.45311999 2.68018579 0.00174054143
vt 0.854136229 0.273533881
v 1.50160611 2.62986708 0.0374282114
vt 0.853321493 0.259863943
v 1.5148102 2.61580634 -0.0226244014
vt 0.863715291 0.259907633
f 3097/3097 3098/3098 3099/3099
v 1.5148102 2.61580634 -0.0226244014
vt 0.863715291 0.259907633
v 1.46079481 2.66834855 -0.0462248474
vt 0.862974167 0.27310127
v 1.45311999 2.68018579 0.00174054143
vt 0.854136229 0.273533881
f 3100/3100 3101/3101 3102/3102
v 1.5329442 2.56050348 0.0742029548
vt 0.337056369 0.908144116
v 1.55883944 2.4975071 0.133658692
vt 0.322874159 0.903343916
v 1.58111215 2.45928073 -0.00900563598
vt 0.323247522 0.927315295
f 3103/3103 3104/3104 3105/3105
v 1.58111215 2.45928073 -0.00900563598
vt 0.323247522 0.927315295
v 1.54781258 2.53970575 -0.00547521934
vt 0.33712849 0.922790885
v 1.5329442 2.56050348 0.0742029548
vt 0.337056369 0.908144116
f 3106/3106 3107/3107 3108/3108
v 1.47812688 2.51563525 -0.0190533511
vt 0.908333302 0.274780691
v 1.52679777 2.44460297 -0.0319812708
vt 0.90193063 0.289340436
v 1.50452125 2.48122144 0.111140236
vt 0.929971159 0.288339108
f 3109/3109 3110/3110 3111/3111
v 1.50452125 2.48122144 0.111140236
vt 0.929971159 0.288339108
v 1.46326113 2.53642678 0.0605994202
vt 0.923636436 0.274132967
v 1.47812688 2.51563525 -0.0190533511
vt 0.908333302 0.274780691
f 3112/3112 3113/3113 3114/3114
v 1.45235991 2.6188798 0.061981108
vt 0.844348013 0.262452275
v 1.50160611 2.62986708 0.0374282114
vt 0.853321493 0.259863943
v 1.45311999 2.68018579 0.00174054143
vt 0.854136229 0.273533881
f 3115/3115 3116/3116 3117/3117
v 1.45311999 2.68018579 0.00174054143
vt 0.854136229 0.273533881
v 1.420959 2.66575789 0.0265220217
vt 0.846215189 0.273832738
v 1.45235991 2.6188798 0.061981108
vt 0.844348013 0.262452275
f 3118/3118 3119/3119 3120/3120
v 1.43620515 2.64203429 -0.0686213896
vt 0.819896817 0.426931113
v 1.47876823 2.59075832 -0.0581139624
vt 0.807858109 0.428543895
v 1.42954814 2.57971239 -0.0337617174
vt 0.80972141 0.419629067
f 3121/3121 3122/3122 3123/3123
v 1.42954814 2.57971239 -0.0337617174
vt 0.80972141 0.419629067
v 1.40405679 2.6277566 -0.0437027588
vt 0.819422901 0.418951601
v 1.43620515 2.64203429 -0.0686213896
vt 0.819896817 0.426931113
f 3124/3124 3125/3125 3126/3126
v 1.46079481 2.66834855 -0.0462248474
vt 0.820689142 0.434426755
v 1.5148102 2.61580634 -0.0226244014
vt 0.807704687 0.438112736
v 1.47876823 2.59075832 -0.0581139624
vt 0.807858109 0.428543895
f 3127/3127 3128/3128 3129/3129
v 1.47876823 2.59075832 -0.0581139624
vt 0.807858109 0.428543895
v 1.43620515 2.64203429 -0.0686213896
vt 0.819896817 0.426931113
v 1.46079481 2.66834855 -0.0462248474
vt 0.820689142 0.434426755
f 3130/3130 3131/3131 3132/3132
v 1.42954814 2.57971239 -0.0337617174
vt 0.80972141 0.419629067
v 1.41634786 2.5937655 0.026260417
vt 0.81027925 0.409555763
v 1.39643657 2.63980317 0.00400102139
vt 0.819007635 0.410136402
f 3133/3133 3134/3134 3135/3135
v 1.39643657 2.63980317 0.00400102139
vt 0.819007635 0.410136402
v 1.40405679 2.6277566 -0.0437027588
vt 0.819422901 0.418951601
v 1.42954814 2.57971239 -0.0337617174
vt 0.80972141 0.419629067
f 3136/3136 3137/3137 3138/3138
v 1.50452125 2.48122144 0.111140236
vt 0.929971159 0.288339108
v 1.52642119 2.49759722 0.14872773
vt 0.93815124 0.288262784
v 1.49066556 2.55887151 0.1072644
vt 0.933784068 0.274604559
f 3139/3139 3140/3140 3141/3141
v 1.49066556 2.55887151 0.1072644
vt 0.933784068 0.274604559
v 1.46326113 2.53642678 0.0605994202
vt 0.923636436 0.274132967
v 1.50452125 2.48122144 0.111140236
vt 0.929971159 0.288339108
f 3142/3142 3143/3143 3144/3144
v 1.49066556 2.55887151 0.1072644
vt 0.338068902 0.898603022
v 1.52642119 2.49759722 0.14872773
vt 0.323839605 0.897618413
v 1.55883944 2.4975071 0.133658692
vt 0.322874159 0.903343916
f 3145/3145 3146/3146 3147/3147
v 1.55883944 2.4975071 0.133658692
vt 0.322874159 0.903343916
v 1.5329442 2.56050348 0.0742029548
vt 0.337056369 0.908144116
v 1.49066556 2.55887151 0.1072644
vt 0.338068902 0.898603022
f 3148/3148 3149/3149 3150/3150
v 1.52040231 2.51727486 -0.0520919375
vt 0.898791492 0.2763004
v 1.55921984 2.44617009 -0.0475201793
vt 0.895711064 0.290069848
v 1.52679777 2.44460297 -0.0319812708
vt 0.90193063 0.289340436
f 3151/3151 3152/3152 3153/3153
v 1.52679777 2.44460297 -0.0319812708
vt 0.90193063 0.289340436
v 1.47812688 2.51563525 -0.0190533511
vt 0.908333302 0.274780691
v 1.52040231 2.51727486 -0.0520919375
vt 0.898791492 0.2763004
f 3154/3154 3155/3155 3156/3156
v 1.58111215 2.45928073 -0.00900563598
vt 0.323247522 0.927315295
v 1.55921984 2.44617009 -0.0475201793
vt 0.324106336 0.935054958
v 1.52040231 2.51727486 -0.0520919375
vt 0.338087142 0.933102489
f 3157/3157 3158/3158 3159/3159
v 1.52040231 2.51727486 -0.0520919375
vt 0.338087142 0.933102489
v 1.54781258 2.53970575 -0.00547521934
vt 0.33712849 0.922790885
v 1.58111215 2.45928073 -0.00900563598
vt 0.323247522 0.927315295
f 3160/3160 3161/3161 3162/3162
v 1.57835007 2.25140667 0.0267785527
vt 0.899756551 0.323057115
v 1.55566084 2.24873209 0.0376237817
vt 0.903612852 0.323440164
v 1.55401683 2.26240945 0.0331612341
vt 0.903578699 0.321184188
f 3163/3163 3164/3164 3165/3165
v 1.55401683 2.26240945 0.0331612341
vt 0.903578699 0.321184188
v 1.57763386 2.26487041 0.0219629593
vt 0.89952457 0.320901364
v 1.57835007 2.25140667 0.0267785527
vt 0.899756551 0.323057115
f 3166/3166 3167/3167 3168/3168
v 1.54781258 2.53970575 -0.00547521934
vt 0.33712849 0.922790885
v 1.52040231 2.51727486 -0.0520919375
vt 0.338087142 0.933102489
v 1.47876823 2.59075832 -0.0581139624
vt 0.352967799 0.930773079
f 3169/3169 3170/3170 3171/3171
v 1.47876823 2.59075832 -0.0581139624
vt 0.352967799 0.930773079
v 1.5148102 2.61580634 -0.0226244014
vt 0.352042168 0.920931339
v 1.54781258 2.53970575 -0.00547521934
vt 0.33712849 0.922790885
f 3172/3172 3173/3173 3174/3174
v 1.47876823 2.59075832 -0.0581139624
vt 0.900934875 0.261434406
v 1.52040231 2.51727486 -0.0520919375
vt 0.898791492 0.2763004
v 1.47812688 2.51563525 -0.0190533511
vt 0.908333302 0.274780691
f 3175/3175 3176/3176 3177/3177
v 1.47812688 2.51563525 -0.0190533511
vt 0.908333302 0.274780691
v 1.42954814 2.57971239 -0.0337617174
vt 0.910714447 0.260057449
v 1.47876823 2.59075832 -0.0581139624
vt 0.900934875 0.261434406
f 3178/3178 3179/3179 3180/3180
v 1.49066556 2.55887151 0.1072644
vt 0.338068902 0.898603022
v 1.5329442 2.56050348 0.0742029548
vt 0.337056369 0.908144116
v 1.50160611 2.62986708 0.0374282114
vt 0.351849228 0.909772456
f 3181/3181 3182/3182 3183/3183
v 1.50160611 2.62986708 0.0374282114
vt 0.351849228 0.909772456
v 1.45235991 2.6188798 0.061981108
vt 0.352967769 0.899764359
v 1.49066556 2.55887151 0.1072644
vt 0.338068902 0.898603022
f 3184/3184 3185/3185 3186/3186
v 1.40574384 2.55362296 0.105085194
vt 0.443138331 0.485863805
v 1.42942178 2.57371068 0.144417569
vt 0.435430318 0.483042598
v 1.45235991 2.6188798 0.061981108
vt 0.435430318 0.500012338
f 3187/3187 3188/3188 3189/3189
v 1.45235991 2.6188798 0.061981108
vt 0.435430318 0.500012338
v 1.41634786 2.5937655 0.026260417
vt 0.445628613 0.501585782
v 1.40574384 2.55362296 0.105085194
vt 0.443138331 0.485863805
f 3190/3190 3191/3191 3192/3192
v 1.42954814 2.57971239 -0.0337617174
vt 0.910714447 0.260057449
v 1.47812688 2.51563525 -0.0190533511
vt 0.908333302 0.274780691
v 1.46326113 2.53642678 0.0605994202
vt 0.923636436 0.274132967
f 3193/3193 3194/3194 3195/3195
v 1.46326113 2.53642678 0.0605994202
vt 0.923636436 0.274132967
v 1.41634786 2.5937655 0.026260417
vt 0.921972811 0.259742618
v 1.42954814 2.57971239 -0.0337617174
vt 0.910714447 0.260057449
f 3196/3196 3197/3197 3198/3198
v 1.50160611 2.62986708 0.0374282114
vt 0.351849228 0.909772456
v 1.5329442 2.56050348 0.0742029548
vt 0.337056369 0.908144116
v 1.54781258 2.53970575 -0.00547521934
vt 0.33712849 0.922790885
f 3199/3199 3200/3200 3201/3201
v 1.54781258 2.53970575 -0.00547521934
vt 0.33712849 0.922790885
v 1.5148102 2.61580634 -0.0226244014
vt 0.352042168 0.920931339
v 1.50160611 2.62986708 0.0374282114
vt 0.351849228 0.909772456
f 3202/3202 3203/3203 3204/3204
v 1.448192 2.44256711 0.179988414
vt 0.112808488 0.567682028
v 1.44161701 2.43137145 0.162928119
vt 0.109162174 0.568028033
v 1.44859338 2.52833843 0.094021529
vt 0.110823639 0.588319957
f 3205/3205 3206/3206 3207/3207
v 1.44859338 2.52833843 0.094021529
vt 0.110823639 0.588319957
v 1.47230613 2.54835129 0.133087218
vt 0.119204037 0.586824238
v 1.448192 2.44256711 0.179988414
vt 0.112808488 0.567682028
f 3208/3208 3209/3209 3210/3210
v 1.46326113 2.53642678 0.0605994202
vt 0.456690729 0.490802586
v 1.44859338 2.52833843 0.094021529
vt 0.453073293 0.484659016
v 1.40574384 2.55362296 0.105085194
vt 0.443138331 0.485863805
f 3211/3211 3212/3212 3213/3213
v 1.40574384 2.55362296 0.105085194
vt 0.443138331 0.485863805
v 1.41634786 2.5937655 0.026260417
vt 0.445628613 0.501585782
v 1.46326113 2.53642678 0.0605994202
vt 0.456690729 0.490802586
f 3214/3214 3215/3215 3216/3216
v 1.49066556 2.55887151 0.1072644
vt 0.118958965 0.592515767
v 1.47230613 2.54835129 0.133087218
vt 0.119204037 0.586824238
v 1.44859338 2.52833843 0.094021529
vt 0.110823639 0.588319957
f 3217/3217 3218/3218 3219/3219
v 1.44859338 2.52833843 0.094021529
vt 0.110823639 0.588319957
v 1.46326113 2.53642678 0.0605994202
vt 0.109162174 0.594471991
v 1.49066556 2.55887151 0.1072644
vt 0.118958965 0.592515767
f 3220/3220 3221/3221 3222/3222
v 1.42942178 2.57371068 0.144417569
vt 0.342550009 0.886312246
v 1.47230613 2.54835129 0.133087218
vt 0.336254001 0.892934263
v 1.49066556 2.55887151 0.1072644
vt 0.338068902 0.898603022
f 3223/3223 3224/3224 3225/3225
v 1.49066556 2.55887151 0.1072644
vt 0.338068902 0.898603022
v 1.45235991 2.6188798 0.061981108
vt 0.352967769 0.899764359
v 1.42942178 2.57371068 0.144417569
vt 0.342550009 0.886312246
f 3226/3226 3227/3227 3228/3228
v 1.42033029 2.43038726 0.172742173
vt 0.449253857 0.466387391
v 1.44161701 2.43137145 0.162928119
vt 0.452530921 0.465892792
v 1.448192 2.44256711 0.179988414
vt 0.450861305 0.46184805
f 3229/3229 3230/3230 3231/3231
v 1.448192 2.44256711 0.179988414
vt 0.450861305 0.46184805
v 1.42722166 2.44114113 0.189815149
vt 0.446725637 0.4641743
v 1.42033029 2.43038726 0.172742173
vt 0.449253857 0.466387391
f 3232/3232 3233/3233 3234/3234
v 1.44859338 2.52833843 0.094021529
vt 0.453073293 0.484659016
v 1.44161701 2.43137145 0.162928119
vt 0.452530921 0.465892792
v 1.42033029 2.43038726 0.172742173
vt 0.449253857 0.466387391
f 3235/3235 3236/3236 3237/3237
v 1.42033029 2.43038726 0.172742173
vt 0.449253857 0.466387391
v 1.40574384 2.55362296 0.105085194
vt 0.443138331 0.485863805
v 1.44859338 2.52833843 0.094021529
vt 0.453073293 0.484659016
f 3238/3238 3239/3239 3240/3240
v 1.42722166 2.44114113 0.189815149
vt 0.319178939 0.8773579
v 1.448192 2.44256711 0.179988414
vt 0.318565607 0.881454527
v 1.47230613 2.54835129 0.133087218
vt 0.336254001 0.892934263
f 3241/3241 3242/3242 3243/3243
v 1.47230613 2.54835129 0.133087218
vt 0.336254001 0.892934263
v 1.42942178 2.57371068 0.144417569
vt 0.342550009 0.886312246
v 1.42722166 2.44114113 0.189815149
vt 0.319178939 0.8773579
f 3244/3244 3245/3245 3246/3246
v 1.40574384 2.55362296 0.105085194
vt 0.443138331 0.485863805
v 1.42033029 2.43038726 0.172742173
vt 0.449253857 0.466387391
v 1.42722166 2.44114113 0.189815149
vt 0.446725637 0.4641743
f 3247/3247 3248/3248 3249/3249
v 1.42722166 2.44114113 0.189815149
vt 0.446725637 0.4641743
v 1.42942178 2.57371068 0.144417569
vt 0.435430318 0.483042598
v 1.40574384 2.55362296 0.105085194
vt 0.443138331 0.485863805
f 3250/3250 3251/3251 3252/3252
v 1.51260304 2.44090867 0.120781571
vt 0.930196881 0.296081245
v 1.52067792 2.39756465 0.131278843
vt 0.930921435 0.303296149
v 1.53405857 2.45635223 0.156987369
vt 0.937628031 0.2953192
f 3253/3253 3254/3254 3255/3255
v 1.58709931 2.41885495 0.00595163926
vt 0.31591934 0.927027881
v 1.56566787 2.45458841 0.143058747
vt 0.315817267 0.903404951
v 1.58353519 2.38658214 0.0828715116
vt 0.307148039 0.916121423
f 3256/3256 3257/3257 3258/3258
v 1.56566787 2.45458841 0.143058747
vt 0.315817267 0.903404951
v 1.57248938 2.40819645 0.153441712
vt 0.30793035 0.903612971
v 1.57694423 2.39891458 0.126455635
vt 0.307387859 0.908440769
f 3259/3259 3260/3260 3261/3261
v 1.56566787 2.45458841 0.143058747
vt 0.315817267 0.903404951
v 1.57694423 2.39891458 0.126455635
vt 0.307387859 0.908440769
v 1.58353519 2.38658214 0.0828715116
vt 0.307148039 0.916121423
f 3262/3262 3263/3263 3264/3264
v 1.59013247 2.37732697 0.0384187587
vt 0.307651848 0.923857689
v 1.59307873 2.37487459 0.0219147019
vt 0.308057189 0.926701903
v 1.58353519 2.38658214 0.0828715116
vt 0.307148039 0.916121423
f 3265/3265 3266/3266 3267/3267
v 1.59307873 2.37487459 0.0219147019
vt 0.308057189 0.926701903
v 1.58709931 2.41885495 0.00595163926
vt 0.31591934 0.927027881
v 1.58353519 2.38658214 0.0828715116
vt 0.307148039 0.916121423
f 3268/3268 3269/3269 3270/3270
v 1.51260304 2.44090867 0.120781571
vt 0.930196881 0.296081245
v 1.5340395 2.40757036 -0.0170036778
vt 0.902645171 0.296582311
v 1.53680801 2.37124133 0.0273805
vt 0.907460392 0.304407626
f 3271/3271 3272/3272 3273/3273
v 1.5340395 2.40757036 -0.0170036778
vt 0.902645171 0.296582311
v 1.54127371 2.36725378 -0.0010990313
vt 0.902937233 0.30374673
v 1.53680801 2.37124133 0.0273805
vt 0.907460392 0.304407626
f 3274/3274 3275/3275 3276/3276
v 1.52067792 2.39756465 0.131278843
vt 0.930921435 0.303296149
v 1.53680801 2.37124133 0.0273805
vt 0.907460392 0.304407626
v 1.53020942 2.38027072 0.0718992874
vt 0.918484688 0.308157593
f 3277/3277 3278/3278 3279/3279
v 1.52361846 2.39245057 0.115526587
vt 0.92835319 0.303738683
v 1.52067792 2.39756465 0.131278843
vt 0.930921435 0.303296149
v 1.53020942 2.38027072 0.0718992874
vt 0.918484688 0.308157593
f 3280/3280 3281/3281 3282/3282
v 1.52067792 2.39756465 0.131278843
vt 0.930921435 0.303296149
v 1.51260304 2.44090867 0.120781571
vt 0.930196881 0.296081245
v 1.53680801 2.37124133 0.0273805
vt 0.907460392 0.304407626
f 3283/3283 3284/3284 3285/3285
v 1.58709931 2.41885495 0.00595163926
vt 0.31591934 0.927027881
v 1.59307873 2.37487459 0.0219147019
vt 0.308057189 0.926701903
v 1.56565201 2.40884542 -0.0317628421
vt 0.31681329 0.934684694
f 3286/3286 3287/3287 3288/3288
v 1.53405857 2.45635223 0.156987369
vt 0.316383332 0.897496819
v 1.57248938 2.40819645 0.153441712
vt 0.30793035 0.903612971
v 1.56566787 2.45458841 0.143058747
vt 0.315817267 0.903404951
f 3289/3289 3290/3290 3291/3291
v 1.56565201 2.40884542 -0.0317628421
vt 0.896835089 0.296840191
v 1.54127371 2.36725378 -0.0010990313
vt 0.902937233 0.30374673
v 1.5340395 2.40757036 -0.0170036778
vt 0.902645171 0.296582311
f 3292/3292 3293/3293 3294/3294
v 1.55921984 2.44617009 -0.0475201793
vt 0.895711064 0.290069848
v 1.56565201 2.40884542 -0.0317628421
vt 0.896835089 0.296840191
v 1.52679777 2.44460297 -0.0319812708
vt 0.90193063 0.289340436
f 3295/3295 3296/3296 3297/3297
v 1.52642119 2.49759722 0.14872773
vt 0.323839605 0.897618413
v 1.53405857 2.45635223 0.156987369
vt 0.316383332 0.897496819
v 1.55883944 2.4975071 0.133658692
vt 0.322874159 0.903343916
f 3298/3298 3299/3299 3300/3300
v 1.58111215 2.45928073 -0.00900563598
vt 0.323247522 0.927315295
v 1.58709931 2.41885495 0.00595163926
vt 0.31591934 0.927027881
v 1.56565201 2.40884542 -0.0317628421
vt 0.31681329 0.934684694
f 3301/3301 3302/3302 3303/3303
v 1.5340395 2.40757036 -0.0170036778
vt 0.902645171 0.296582311
v 1.51260304 2.44090867 0.120781571
vt 0.930196881 0.296081245
v 1.50452125 2.48122144 0.111140236
vt 0.929971159 0.288339108
f 3304/3304 3305/3305 3306/3306
v 1.50452125 2.48122144 0.111140236
vt 0.929971159 0.288339108
v 1.52679777 2.44460297 -0.0319812708
vt 0.90193063 0.289340436
v 1.5340395 2.40757036 -0.0170036778
vt 0.902645171 0.296582311
f 3307/3307 3308/3308 3309/3309
v 1.55883944 2.4975071 0.133658692
vt 0.322874159 0.903343916
v 1.56566787 2.45458841 0.143058747
vt 0.315817267 0.903404951
v 1.58709931 2.41885495 0.00595163926
vt 0.31591934 0.927027881
f 3310/3310 3311/3311 3312/3312
v 1.58709931 2.41885495 0.00595163926
vt 0.31591934 0.927027881
v 1.58111215 2.45928073 -0.00900563598
vt 0.323247522 0.927315295
v 1.55883944 2.4975071 0.133658692
vt 0.322874159 0.903343916
f 3313/3313 3314/3314 3315/3315
v 1.50452125 2.48122144 0.111140236
vt 0.929971159 0.288339108
v 1.51260304 2.44090867 0.120781571
vt 0.930196881 0.296081245
v 1.53405857 2.45635223 0.156987369
vt 0.937628031 0.2953192
f 3316/3316 3317/3317 3318/3318
v 1.53405857 2.45635223 0.156987369
vt 0.316383332 0.897496819
v 1.56566787 2.45458841 0.143058747
vt 0.315817267 0.903404951
v 1.55883944 2.4975071 0.133658692
vt 0.322874159 0.903343916
f 3319/3319 3320/3320 3321/3321
v 1.57248938 2.40819645 0.153441712
vt 0.30793035 0.903612971
v 1.53405857 2.45635223 0.156987369
vt 0.316383332 0.897496819
v 1.54168832 2.41165328 0.166222334
vt 0.308455497 0.89800787
f 3322/3322 3323/3323 3324/3324
v 1.53405857 2.45635223 0.156987369
vt 0.937628031 0.2953192
v 1.52642119 2.49759722 0.14872773
vt 0.93815124 0.288262784
v 1.50452125 2.48122144 0.111140236
vt 0.929971159 0.288339108
f 3325/3325 3326/3326 3327/3327
v 1.52067792 2.39756465 0.131278843
vt 0.930921435 0.303296149
v 1.54168832 2.41165328 0.166222334
vt 0.937732399 0.30256635
v 1.53405857 2.45635223 0.156987369
vt 0.937628031 0.2953192
f 3328/3328 3329/3329 3330/3330
v 1.56565201 2.40884542 -0.0317628421
vt 0.896835089 0.296840191
v 1.5340395 2.40757036 -0.0170036778
vt 0.902645171 0.296582311
v 1.52679777 2.44460297 -0.0319812708
vt 0.90193063 0.289340436
f 3331/3331 3332/3332 3333/3333
v 1.54127371 2.36725378 -0.0010990313
vt 0.902937233 0.30374673
v 1.56565201 2.40884542 -0.0317628421
vt 0.896835089 0.296840191
v 1.57207656 2.36794472 -0.0149946436
vt 0.897502482 0.303913772
f 3334/3334 3335/3335 3336/3336
v 1.59307873 2.37487459 0.0219147019
vt 0.308057189 0.926701903
v 1.57207656 2.36794472 -0.0149946436
vt 0.309104204 0.933955491
v 1.56565201 2.40884542 -0.0317628421
vt 0.31681329 0.934684694
f 3337/3337 3338/3338 3339/3339
v 1.56565201 2.40884542 -0.0317628421
vt 0.31681329 0.934684694
v 1.55921984 2.44617009 -0.0475201793
vt 0.324106336 0.935054958
v 1.58111215 2.45928073 -0.00900563598
vt 0.323247522 0.927315295
f 3340/3340 3341/3341 3342/3342
v 1.57138515 2.26754236 0.189464658
vt 0.28384158 0.902083874
v 1.57468057 2.25958109 0.169793382
vt 0.283036113 0.905588448
v 1.57491362 2.27410793 0.165280044
vt 0.285567313 0.905938327
f 3343/3343 3344/3344 3345/3345
v 1.57491362 2.27410793 0.165280044
vt 0.285567313 0.905938327
v 1.57149875 2.28220248 0.185705647
vt 0.286302298 0.90223974
v 1.57138515 2.26754236 0.189464658
vt 0.28384158 0.902083874
f 3346/3346 3347/3347 3348/3348
v 1.54109275 2.22812366 0.121972769
vt 0.384840101 0.165112883
v 1.53589296 2.23776126 0.15638034
vt 0.380905271 0.170229062
v 1.53444469 2.25621462 0.151501253
vt 0.383360922 0.172150448
f 3349/3349 3350/3350 3351/3351
v 1.53444469 2.25621462 0.151501253
vt 0.383360922 0.172150448
v 1.53980887 2.24627733 0.116006613
vt 0.387316674 0.166991115
v 1.54109275 2.22812366 0.121972769
vt 0.384840101 0.165112883
f 3352/3352 3353/3353 3354/3354
v 1.54130352 2.25893617 0.103116795
vt 0.433598489 0.167783514
v 1.54312718 2.23875546 0.1083159
vt 0.435836464 0.166110858
v 1.58317327 2.24414253 0.116372362
vt 0.432624996 0.161598682
f 3355/3355 3356/3356 3357/3357
v 1.58317327 2.24414253 0.116372362
vt 0.432624996 0.161598682
v 1.58322537 2.26451874 0.111566931
vt 0.43030107 0.16299659
v 1.54130352 2.25893617 0.103116795
vt 0.433598489 0.167783514
f 3358/3358 3359/3359 3360/3360
v 1.57468057 2.25958109 0.169793382
vt 0.273074567 0.0936475769
v 1.54957461 2.09953785 0.214157224
vt 0.246485993 0.100481719
v 1.52985382 2.10797787 0.208249509
vt 0.24844338 0.10372299
f 3361/3361 3362/3362 3363/3363
v 1.52985382 2.10797787 0.208249509
vt 0.24844338 0.10372299
v 1.53519905 2.25407481 0.161904559
vt 0.273336112 0.100568391
v 1.57468057 2.25958109 0.169793382
vt 0.273074567 0.0936475769
f 3364/3364 3365/3365 3366/3366
v 1.53400838 2.26845169 0.157094046
vt 0.931030512 0.323746562
v 1.53519905 2.25407481 0.161904559
vt 0.931298018 0.326045513
v 1.533023 2.25844216 0.173405066
vt 0.933271527 0.325725704
f 3367/3367 3368/3368 3369/3369
v 1.533023 2.25844216 0.173405066
vt 0.933271527 0.325725704
v 1.53175366 2.2728951 0.169031426
vt 0.933023155 0.323406875
v 1.53400838 2.26845169 0.157094046
vt 0.931030512 0.323746562
f 3370/3370 3371/3371 3372/3372
v 1.54858279 2.27074003 0.198747858
vt 0.28418538 0.897927523
v 1.57138515 2.26754236 0.189464658
vt 0.28384158 0.902083874
v 1.57149875 2.28220248 0.185705647
vt 0.286302298 0.90223974
f 3373/3373 3374/3374 3375/3375
v 1.57149875 2.28220248 0.185705647
vt 0.286302298 0.90223974
v 1.54787421 2.28540659 0.195352063
vt 0.286687672 0.897903562
v 1.54858279 2.27074003 0.198747858
vt 0.28418538 0.897927523
f 3376/3376 3377/3377 3378/3378
v 1.53175366 2.2728951 0.169031426
vt 0.933023155 0.323406875
v 1.533023 2.25844216 0.173405066
vt 0.933271527 0.325725704
v 1.54858279 2.27074003 0.198747858
vt 0.93815124 0.324746758
f 3379/3379 3380/3380 3381/3381
v 1.54858279 2.27074003 0.198747858
vt 0.93815124 0.324746758
v 1.54787421 2.28540659 0.195352063
vt 0.938089967 0.322475344
v 1.53175366 2.2728951 0.169031426
vt 0.933023155 0.323406875
f 3382/3382 3383/3383 3384/3384
v 1.57468057 2.25958109 0.169793382
vt 0.273074567 0.0936475769
v 1.53519905 2.25407481 0.161904559
vt 0.273336112 0.100568391
v 1.53400838 2.26845169 0.157094046
vt 0.275866866 0.100545883
f 3385/3385 3386/3386 3387/3387
v 1.53400838 2.26845169 0.157094046
vt 0.275866866 0.100545883
v 1.57491362 2.27410793 0.165280044
vt 0.275594831 0.0933756307
v 1.57468057 2.25958109 0.169793382
vt 0.273074567 0.0936475769
f 3388/3388 3389/3389 3390/3390
v 1.54853964 2.10452366 0.224367499
vt 0.936677337 0.350607723
v 1.53756428 2.11225247 0.228352547
vt 0.936964095 0.348314613
v 1.54957461 2.09953785 0.214157224
vt 0.934941351 0.351419717
f 3391/3391 3392/3392 3393/3393
v 1.53756428 2.11225247 0.228352547
vt 0.936964095 0.348314613
v 1.52912176 2.11078191 0.214215666
vt 0.934484601 0.347853661
v 1.54957461 2.09953785 0.214157224
vt 0.934941351 0.351419717
f 3394/3394 3395/3395 3396/3396
v 1.52912176 2.11078191 0.214215666
vt 0.934484601 0.347853661
v 1.52985382 2.10797787 0.208249509
vt 0.933522701 0.348175853
v 1.54957461 2.09953785 0.214157224
vt 0.934941351 0.351419717
f 3397/3397 3398/3398 3399/3399
v 1.53756428 2.11225247 0.228352547
vt 0.258016855 0.896873236
v 1.54853964 2.10452366 0.224367499
vt 0.256917238 0.898995519
v 1.57138515 2.26754236 0.189464658
vt 0.28384158 0.902083874
f 3400/3400 3401/3401 3402/3402
v 1.57138515 2.26754236 0.189464658
vt 0.28384158 0.902083874
v 1.54858279 2.27074003 0.198747858
vt 0.28418538 0.897927523
v 1.53756428 2.11225247 0.228352547
vt 0.258016855 0.896873236
f 3403/3403 3404/3404 3405/3405
v 1.533023 2.25844216 0.173405066
vt 0.933271527 0.325725704
v 1.52912176 2.11078191 0.214215666
vt 0.934484601 0.347853661
v 1.53756428 2.11225247 0.228352547
vt 0.936964095 0.348314613
f 3406/3406 3407/3407 3408/3408
v 1.53756428 2.11225247 0.228352547
vt 0.936964095 0.348314613
v 1.54858279 2.27074003 0.198747858
vt 0.93815124 0.324746758
v 1.533023 2.25844216 0.173405066
vt 0.933271527 0.325725704
f 3409/3409 3410/3410 3411/3411
v 1.53519905 2.25407481 0.161904559
vt 0.931298018 0.326045513
v 1.52985382 2.10797787 0.208249509
vt 0.933522701 0.348175853
v 1.52912176 2.11078191 0.214215666
vt 0.934484601 0.347853661
f 3412/3412 3413/3413 3414/3414
v 1.52912176 2.11078191 0.214215666
vt 0.934484601 0.347853661
v 1.533023 2.25844216 0.173405066
vt 0.933271527 0.325725704
v 1.53519905 2.25407481 0.161904559
vt 0.931298018 0.326045513
f 3415/3415 3416/3416 3417/3417
v 1.54853964 2.10452366 0.224367499
vt 0.256917238 0.898995519
v 1.54957461 2.09953785 0.214157224
vt 0.256297827 0.900813997
v 1.57468057 2.25958109 0.169793382
vt 0.283036113 0.905588448
f 3418/3418 3419/3419 3420/3420
v 1.57468057 2.25958109 0.169793382
vt 0.283036113 0.905588448
v 1.57138515 2.26754236 0.189464658
vt 0.28384158 0.902083874
v 1.54853964 2.10452366 0.224367499
vt 0.256917238 0.898995519
f 3421/3421 3422/3422 3423/3423
v 1.53589296 2.23776126 0.15638034
vt 0.324855834 0.0989581421
v 1.51329267 2.06709743 0.192695364
vt 0.352967769 0.103722982
v 1.53288078 2.07007527 0.19653818
vt 0.352839053 0.100289956
f 3424/3424 3425/3425 3426/3426
v 1.53288078 2.07007527 0.19653818
vt 0.352839053 0.100289956
v 1.57796144 2.24361444 0.164789841
vt 0.324567884 0.0915846527
v 1.53589296 2.23776126 0.15638034
vt 0.324855834 0.0989581421
f 3427/3427 3428/3428 3429/3429
v 1.57796144 2.24361444 0.164789841
vt 0.280834615 0.908533514
v 1.58316123 2.23386502 0.130412742
vt 0.280644685 0.914592564
v 1.5832063 2.25215077 0.124728516
vt 0.283771962 0.914772987
f 3430/3430 3431/3431 3432/3432
v 1.5832063 2.25215077 0.124728516
vt 0.283771962 0.914772987
v 1.57784212 2.26220369 0.160192683
vt 0.283967733 0.908522546
v 1.57796144 2.24361444 0.164789841
vt 0.280834615 0.908533514
f 3433/3433 3434/3434 3435/3435
v 1.58316123 2.23386502 0.130412742
vt 0.388640851 0.159816965
v 1.54109275 2.22812366 0.121972769
vt 0.384840101 0.165112883
v 1.53980887 2.24627733 0.116006613
vt 0.387316674 0.166991115
f 3436/3436 3437/3437 3438/3438
v 1.53980887 2.24627733 0.116006613
vt 0.387316674 0.166991115
v 1.5832063 2.25215077 0.124728516
vt 0.391076982 0.161241233
v 1.58316123 2.23386502 0.130412742
vt 0.388640851 0.159816965
f 3439/3439 3440/3440 3441/3441
v 1.53444469 2.25621462 0.151501253
vt 0.321681023 0.0991222858
v 1.53589296 2.23776126 0.15638034
vt 0.324855834 0.0989581421
v 1.57796144 2.24361444 0.164789841
vt 0.324567884 0.0915846527
f 3442/3442 3443/3443 3444/3444
v 1.57796144 2.24361444 0.164789841
vt 0.324567884 0.0915846527
v 1.57784212 2.26220369 0.160192683
vt 0.321384102 0.0915159881
v 1.53444469 2.25621462 0.151501253
vt 0.321681023 0.0991222858
f 3445/3445 3446/3446 3447/3447
v 1.51329267 2.06709743 0.192695364
vt 0.363167942 0.156005248
v 1.5157131 2.06254458 0.176691666
vt 0.365529776 0.155211583
v 1.5353018 2.06552911 0.180534482
vt 0.365653455 0.152345404
f 3448/3448 3449/3449 3450/3450
v 1.5353018 2.06552911 0.180534482
vt 0.365653455 0.152345404
v 1.53288078 2.07007527 0.19653818
vt 0.362700611 0.152495623
v 1.51329267 2.06709743 0.192695364
vt 0.363167942 0.156005248
f 3451/3451 3452/3452 3453/3453
v 1.53288078 2.07007527 0.19653818
vt 0.251741588 0.90931052
v 1.5353018 2.06552911 0.180534482
vt 0.251658231 0.912131846
v 1.58316123 2.23386502 0.130412742
vt 0.280644685 0.914592564
f 3454/3454 3455/3455 3456/3456
v 1.58316123 2.23386502 0.130412742
vt 0.280644685 0.914592564
v 1.57796144 2.24361444 0.164789841
vt 0.280834615 0.908533514
v 1.53288078 2.07007527 0.19653818
vt 0.251741588 0.90931052
f 3457/3457 3458/3458 3459/3459
v 1.5353018 2.06552911 0.180534482
vt 0.365653455 0.152345404
v 1.5157131 2.06254458 0.176691666
vt 0.365529776 0.155211583
v 1.54109275 2.22812366 0.121972769
vt 0.384840101 0.165112883
f 3460/3460 3461/3461 3462/3462
v 1.54109275 2.22812366 0.121972769
vt 0.384840101 0.165112883
v 1.58316123 2.23386502 0.130412742
vt 0.388640851 0.159816965
v 1.5353018 2.06552911 0.180534482
vt 0.365653455 0.152345404
f 3463/3463 3464/3464 3465/3465
v 1.5157131 2.06254458 0.176691666
vt 0.365529776 0.155211583
v 1.51329267 2.06709743 0.192695364
vt 0.363167942 0.156005248
v 1.53589296 2.23776126 0.15638034
vt 0.380905271 0.170229062
f 3466/3466 3467/3467 3468/3468
v 1.53589296 2.23776126 0.15638034
vt 0.380905271 0.170229062
v 1.54109275 2.22812366 0.121972769
vt 0.384840101 0.165112883
v 1.5157131 2.06254458 0.176691666
vt 0.365529776 0.155211583
f 3469/3469 3470/3470 3471/3471
v 1.56479418 2.0834198 0.130529583
vt 0.078214027 0.600579083
v 1.54291761 2.08016491 0.126216888
vt 0.0820494592 0.600664437
v 1.54808688 2.23404288 0.0743020028
vt 0.0806149244 0.574143231
f 3472/3472 3473/3473 3474/3474
v 1.54808688 2.23404288 0.0743020028
vt 0.0806149244 0.574143231
v 1.58813238 2.23924947 0.0824092627
vt 0.0735953003 0.574027061
v 1.56479418 2.0834198 0.130529583
vt 0.078214027 0.600579083
f 3475/3475 3476/3476 3477/3477
v 1.54808688 2.23404288 0.0743020028
vt 0.438232303 0.17009683
v 1.54312718 2.23875546 0.1083159
vt 0.435836464 0.166110858
v 1.54130352 2.25893617 0.103116795
vt 0.433598489 0.167783514
f 3478/3478 3479/3479 3480/3480
v 1.54130352 2.25893617 0.103116795
vt 0.433598489 0.167783514
v 1.54649508 2.25361633 0.0676196143
vt 0.436249614 0.171883404
v 1.54808688 2.23404288 0.0743020028
vt 0.438232303 0.17009683
f 3481/3481 3482/3482 3483/3483
v 1.58322537 2.26451874 0.111566931
vt 0.286146879 0.916954935
v 1.58317327 2.24414253 0.116372362
vt 0.282694042 0.917092025
v 1.58813238 2.23924947 0.0824092627
vt 0.283412695 0.922903121
f 3484/3484 3485/3485 3486/3486
v 1.58813238 2.23924947 0.0824092627
vt 0.283412695 0.922903121
v 1.5884155 2.2590034 0.0761256218
vt 0.286835104 0.923037946
v 1.58322537 2.26451874 0.111566931
vt 0.286146879 0.916954935
f 3487/3487 3488/3488 3489/3489
v 1.58813238 2.23924947 0.0824092627
vt 0.0735953003 0.574027061
v 1.54808688 2.23404288 0.0743020028
vt 0.0806149244 0.574143231
v 1.54649508 2.25361633 0.0676196143
vt 0.0808068514 0.570694983
f 3490/3490 3491/3491 3492/3492
v 1.54649508 2.25361633 0.0676196143
vt 0.0808068514 0.570694983
v 1.5884155 2.2590034 0.0761256218
vt 0.0734584257 0.570570588
v 1.58813238 2.23924947 0.0824092627
vt 0.0735953003 0.574027061
f 3493/3493 3494/3494 3495/3495
v 1.54020572 2.08149338 0.145149052
vt 0.452021211 0.155407116
v 1.54291761 2.08016491 0.126216888
vt 0.454175055 0.15691483
v 1.56479418 2.0834198 0.130529583
vt 0.455142677 0.152869508
f 3496/3496 3497/3497 3498/3498
v 1.56479418 2.0834198 0.130529583
vt 0.455142677 0.152869508
v 1.56208217 2.08477235 0.149456665
vt 0.451494515 0.152345404
v 1.54020572 2.08149338 0.145149052
vt 0.452021211 0.155407116
f 3499/3499 3500/3500 3501/3501
v 1.54291761 2.08016491 0.126216888
vt 0.454175055 0.15691483
v 1.54020572 2.08149338 0.145149052
vt 0.452021211 0.155407116
v 1.54312718 2.23875546 0.1083159
vt 0.435836464 0.166110858
f 3502/3502 3503/3503 3504/3504
v 1.54312718 2.23875546 0.1083159
vt 0.435836464 0.166110858
v 1.54808688 2.23404288 0.0743020028
vt 0.438232303 0.17009683
v 1.54291761 2.08016491 0.126216888
vt 0.454175055 0.15691483
f 3505/3505 3506/3506 3507/3507
v 1.54312718 2.23875546 0.1083159
vt 0.435836464 0.166110858
v 1.54020572 2.08149338 0.145149052
vt 0.452021211 0.155407116
v 1.56208217 2.08477235 0.149456665
vt 0.451494515 0.152345404
f 3508/3508 3509/3509 3510/3510
v 1.56208217 2.08477235 0.149456665
vt 0.451494515 0.152345404
v 1.58317327 2.24414253 0.116372362
vt 0.432624996 0.161598682
v 1.54312718 2.23875546 0.1083159
vt 0.435836464 0.166110858
f 3511/3511 3512/3512 3513/3513
v 1.58317327 2.24414253 0.116372362
vt 0.282694042 0.917092025
v 1.56208217 2.08477235 0.149456665
vt 0.256162554 0.918420315
v 1.56479418 2.0834198 0.130529583
vt 0.256758451 0.921596169
f 3514/3514 3515/3515 3516/3516
v 1.56479418 2.0834198 0.130529583
vt 0.256758451 0.921596169
v 1.58813238 2.23924947 0.0824092627
vt 0.283412695 0.922903121
v 1.58317327 2.24414253 0.116372362
vt 0.282694042 0.917092025
f 3517/3517 3518/3518 3519/3519
v 1.59163988 2.25464106 0.0671522766
vt 0.286331981 0.925706923
v 1.5767684 2.14207292 0.0894523114
vt 0.267496228 0.928691208
v 1.57796907 2.14241457 0.0823635459
vt 0.267974764 0.929815054
f 3520/3520 3521/3521 3522/3522
v 1.57796907 2.14241457 0.0823635459
vt 0.267974764 0.929815054
v 1.59381151 2.25409126 0.0546434335
vt 0.286958158 0.927764177
v 1.59163988 2.25464106 0.0671522766
vt 0.286331981 0.925706923
f 3523/3523 3524/3524 3525/3525
v 1.5937283 2.26804543 0.0508590303
vt 0.289355576 0.927630901
v 1.59381151 2.25409126 0.0546434335
vt 0.286958158 0.927764177
v 1.57835007 2.25140667 0.0267785527
vt 0.288013369 0.933104038
f 3526/3526 3527/3527 3528/3528
v 1.57835007 2.25140667 0.0267785527
vt 0.288013369 0.933104038
v 1.57763386 2.26487041 0.0219629593
vt 0.290422499 0.933219373
v 1.5937283 2.26804543 0.0508590303
vt 0.289355576 0.927630901
f 3529/3529 3530/3530 3531/3531
v 1.59146786 2.26881623 0.063825056
vt 0.288782239 0.92544508
v 1.59163988 2.25464106 0.0671522766
vt 0.286331981 0.925706923
v 1.59381151 2.25409126 0.0546434335
vt 0.286958158 0.927764177
f 3532/3532 3533/3533 3534/3534
v 1.59381151 2.25409126 0.0546434335
vt 0.286958158 0.927764177
v 1.5937283 2.26804543 0.0508590303
vt 0.289355576 0.927630901
v 1.59146786 2.26881623 0.063825056
vt 0.288782239 0.92544508
f 3535/3535 3536/3536 3537/3537
v 1.55566084 2.24873209 0.0376237817
vt 0.903612852 0.323440164
v 1.55236721 2.24942946 0.0592304282
vt 0.907124221 0.324183136
v 1.55058932 2.26347852 0.0555527024
vt 0.907128751 0.321893871
f 3538/3538 3539/3539 3540/3540
v 1.55058932 2.26347852 0.0555527024
vt 0.907128751 0.321893871
v 1.55401683 2.26240945 0.0331612341
vt 0.903578699 0.321184188
v 1.55566084 2.24873209 0.0376237817
vt 0.903612852 0.323440164
f 3541/3541 3542/3542 3543/3543
v 1.55058932 2.26347852 0.0555527024
vt 0.0810985863 0.530804694
v 1.55236721 2.24942946 0.0592304282
vt 0.0809856057 0.528364301
v 1.59163988 2.25464106 0.0671522766
vt 0.0741000772 0.528250039
f 3544/3544 3545/3545 3546/3546
v 1.59163988 2.25464106 0.0671522766
vt 0.0741000772 0.528250039
v 1.59146786 2.26881623 0.063825056
vt 0.0739315897 0.530683517
v 1.55058932 2.26347852 0.0555527024
vt 0.0810985863 0.530804694
f 3547/3547 3548/3548 3549/3549
v 1.5767684 2.14207292 0.0894523114
vt 0.904605031 0.343073428
v 1.55508614 2.13908362 0.0851091444
vt 0.906735599 0.340148866
v 1.57796907 2.14241457 0.0823635459
vt 0.903685689 0.342359692
f 3550/3550 3551/3551 3552/3552
v 1.55508614 2.13908362 0.0851091444
vt 0.906735599 0.340148866
v 1.5569073 2.1397326 0.0728873014
vt 0.905107319 0.339270711
v 1.57796907 2.14241457 0.0823635459
vt 0.903685689 0.342359692
f 3553/3553 3554/3554 3555/3555
v 1.5569073 2.1397326 0.0728873014
vt 0.905107319 0.339270711
v 1.56943512 2.14203238 0.0666671619
vt 0.903129399 0.339441985
v 1.57796907 2.14241457 0.0823635459
vt 0.903685689 0.342359692
f 3556/3556 3557/3557 3558/3558
v 1.59381151 2.25409126 0.0546434335
vt 0.286958158 0.927764177
v 1.57796907 2.14241457 0.0823635459
vt 0.267974764 0.929815054
v 1.56943512 2.14203238 0.0666671619
vt 0.268686861 0.932821035
f 3559/3559 3560/3560 3561/3561
v 1.56943512 2.14203238 0.0666671619
vt 0.268686861 0.932821035
v 1.57835007 2.25140667 0.0267785527
vt 0.288013369 0.933104038
v 1.59381151 2.25409126 0.0546434335
vt 0.286958158 0.927764177
f 3562/3562 3563/3563 3564/3564
v 1.55236721 2.24942946 0.0592304282
vt 0.0809856057 0.528364301
v 1.55508614 2.13908362 0.0851091444
vt 0.0820494592 0.509667397
v 1.5767684 2.14207292 0.0894523114
vt 0.0782475099 0.509609997
f 3565/3565 3566/3566 3567/3567
v 1.5767684 2.14207292 0.0894523114
vt 0.0782475099 0.509609997
v 1.59163988 2.25464106 0.0671522766
vt 0.0741000772 0.528250039
v 1.55236721 2.24942946 0.0592304282
vt 0.0809856057 0.528364301
f 3568/3568 3569/3569 3570/3570
v 1.56943512 2.14203238 0.0666671619
vt 0.903129399 0.339441985
v 1.5569073 2.1397326 0.0728873014
vt 0.905107319 0.339270711
v 1.55566084 2.24873209 0.0376237817
vt 0.903612852 0.323440164
f 3571/3571 3572/3572 3573/3573
v 1.55566084 2.24873209 0.0376237817
vt 0.903612852 0.323440164
v 1.57835007 2.25140667 0.0267785527
vt 0.899756551 0.323057115
v 1.56943512 2.14203238 0.0666671619
vt 0.903129399 0.339441985
f 3574/3574 3575/3575 3576/3576
v 1.5569073 2.1397326 0.0728873014
vt 0.905107319 0.339270711
v 1.55508614 2.13908362 0.0851091444
vt 0.906735599 0.340148866
v 1.55236721 2.24942946 0.0592304282
vt 0.907124221 0.324183136
f 3577/3577 3578/3578 3579/3579
v 1.55236721 2.24942946 0.0592304282
vt 0.907124221 0.324183136
v 1.55566084 2.24873209 0.0376237817
vt 0.903612852 0.323440164
v 1.5569073 2.1397326 0.0728873014
vt 0.905107319 0.339270711
f 3580/3580 3581/3581 3582/3582
v 1.5331887 2.27218413 0.147282541
vt 0.318926424 0.099264726
v 1.53444469 2.25621462 0.151501253
vt 0.321681023 0.0991222858
v 1.57784212 2.26220369 0.160192683
vt 0.321384102 0.0915159881
f 3583/3583 3584/3584 3585/3585
v 1.57784212 2.26220369 0.160192683
vt 0.321384102 0.0915159881
v 1.57773864 2.27827597 0.156217799
vt 0.318621725 0.0914564133
v 1.5331887 2.27218413 0.147282541
vt 0.318926424 0.099264726
f 3586/3586 3587/3587 3588/3588
v 1.5832063 2.25215077 0.124728516
vt 0.391076982 0.161241233
v 1.53980887 2.24627733 0.116006613
vt 0.387316674 0.166991115
v 1.5386951 2.26198649 0.110843077
vt 0.389545172 0.168491066
f 3589/3589 3590/3590 3591/3591
v 1.5386951 2.26198649 0.110843077
vt 0.389545172 0.168491066
v 1.58324444 2.26795769 0.119811341
vt 0.39322418 0.162470371
v 1.5832063 2.25215077 0.124728516
vt 0.391076982 0.161241233
f 3592/3592 3593/3593 3594/3594
v 1.57784212 2.26220369 0.160192683
vt 0.283967733 0.908522546
v 1.5832063 2.25215077 0.124728516
vt 0.283771962 0.914772987
v 1.58324444 2.26795769 0.119811341
vt 0.286485136 0.91492945
f 3595/3595 3596/3596 3597/3597
v 1.58324444 2.26795769 0.119811341
vt 0.286485136 0.91492945
v 1.57773864 2.27827597 0.156217799
vt 0.286686093 0.908513069
v 1.57784212 2.26220369 0.160192683
vt 0.283967733 0.908522546
f 3598/3598 3599/3599 3600/3600
v 1.53980887 2.24627733 0.116006613
vt 0.387316674 0.166991115
v 1.53444469 2.25621462 0.151501253
vt 0.383360922 0.172150448
v 1.5331887 2.27218413 0.147282541
vt 0.385510027 0.173896328
f 3601/3601 3602/3602 3603/3603
v 1.5331887 2.27218413 0.147282541
vt 0.385510027 0.173896328
v 1.5386951 2.26198649 0.110843077
vt 0.389545172 0.168491066
v 1.53980887 2.24627733 0.116006613
vt 0.387316674 0.166991115
f 3604/3604 3605/3605 3606/3606
v 1.5884155 2.2590034 0.0761256218
vt 0.0734584257 0.570570588
v 1.54649508 2.25361633 0.0676196143
vt 0.0808068514 0.570694983
v 1.54522896 2.26912975 0.0623214506
vt 0.0809593275 0.567954659
f 3607/3607 3608/3608 3609/3609
v 1.54522896 2.26912975 0.0623214506
vt 0.0809593275 0.567954659
v 1.58864033 2.27463889 0.0711474866
vt 0.0733495802 0.567823768
v 1.5884155 2.2590034 0.0761256218
vt 0.0734584257 0.570570588
f 3610/3610 3611/3611 3612/3612
v 1.58326602 2.28064942 0.107767284
vt 0.288890809 0.916846037
v 1.58322537 2.26451874 0.111566931
vt 0.286146879 0.916954935
v 1.5884155 2.2590034 0.0761256218
vt 0.286835104 0.923037946
f 3613/3613 3614/3614 3615/3615
v 1.5884155 2.2590034 0.0761256218
vt 0.286835104 0.923037946
v 1.58864033 2.27463889 0.0711474866
vt 0.289554983 0.923145056
v 1.58326602 2.28064942 0.107767284
vt 0.288890809 0.916846037
f 3616/3616 3617/3617 3618/3618
v 1.54649508 2.25361633 0.0676196143
vt 0.436249614 0.171883404
v 1.54130352 2.25893617 0.103116795
vt 0.433598489 0.167783514
v 1.53985453 2.27493095 0.0989996642
vt 0.431805462 0.169131652
f 3619/3619 3620/3620 3621/3621
v 1.53985453 2.27493095 0.0989996642
vt 0.431805462 0.169131652
v 1.54522896 2.26912975 0.0623214506
vt 0.434693456 0.173343688
v 1.54649508 2.25361633 0.0676196143
vt 0.436249614 0.171883404
f 3622/3622 3623/3623 3624/3624
v 1.53985453 2.27493095 0.0989996642
vt 0.431805462 0.169131652
v 1.54130352 2.25893617 0.103116795
vt 0.433598489 0.167783514
v 1.58322537 2.26451874 0.111566931
vt 0.43030107 0.16299659
f 3625/3625 3626/3626 3627/3627
v 1.58322537 2.26451874 0.111566931
vt 0.43030107 0.16299659
v 1.58326602 2.28064942 0.107767284
vt 0.428430319 0.164086074
v 1.53985453 2.27493095 0.0989996642
vt 0.431805462 0.169131652
f 3628/3628 3629/3629 3630/3630
v 1.54838538 2.28086138 0.0510063432
vt 0.0812386423 0.533830762
v 1.55058932 2.26347852 0.0555527024
vt 0.0810985863 0.530804694
v 1.59146786 2.26881623 0.063825056
vt 0.0739315897 0.530683517
f 3631/3631 3632/3632 3633/3633
v 1.59146786 2.26881623 0.063825056
vt 0.0739315897 0.530683517
v 1.59125447 2.28633499 0.0597155429
vt 0.0737226456 0.533701301
v 1.54838538 2.28086138 0.0510063432
vt 0.0812386423 0.533830762
f 3634/3634 3635/3635 3636/3636
v 1.55401683 2.26240945 0.0331612341
vt 0.903578699 0.321184188
v 1.55058932 2.26347852 0.0555527024
vt 0.907128751 0.321893871
v 1.54838538 2.28086138 0.0510063432
vt 0.907165587 0.319085181
f 3637/3637 3638/3638 3639/3639
v 1.54838538 2.28086138 0.0510063432
vt 0.907165587 0.319085181
v 1.55197859 2.2793324 0.0276370235
vt 0.903486013 0.318413764
v 1.55401683 2.26240945 0.0331612341
vt 0.903578699 0.321184188
f 3640/3640 3641/3641 3642/3642
v 1.59125447 2.28633499 0.0597155429
vt 0.29181999 0.92517513
v 1.59146786 2.26881623 0.063825056
vt 0.288782239 0.92544508
v 1.5937283 2.26804543 0.0508590303
vt 0.289355576 0.927630901
f 3643/3643 3644/3644 3645/3645
v 1.5937283 2.26804543 0.0508590303
vt 0.289355576 0.927630901
v 1.59362483 2.28528976 0.046185676
vt 0.292362601 0.927470207
v 1.59125447 2.28633499 0.0597155429
vt 0.29181999 0.92517513
f 3646/3646 3647/3647 3648/3648
v 1.59362483 2.28528976 0.046185676
vt 0.292362601 0.927470207
v 1.5937283 2.26804543 0.0508590303
vt 0.289355576 0.927630901
v 1.57763386 2.26487041 0.0219629593
vt 0.290422499 0.933219373
f 3649/3649 3650/3650 3651/3651
v 1.57763386 2.26487041 0.0219629593
vt 0.290422499 0.933219373
v 1.57674491 2.28151298 0.0160069726
vt 0.293415606 0.933355987
v 1.59362483 2.28528976 0.046185676
vt 0.292362601 0.927470207
f 3652/3652 3653/3653 3654/3654
v 1.57763386 2.26487041 0.0219629593
vt 0.89952457 0.320901364
v 1.55401683 2.26240945 0.0331612341
vt 0.903578699 0.321184188
v 1.55197859 2.2793324 0.0276370235
vt 0.903486013 0.318413764
f 3655/3655 3656/3656 3657/3657
v 1.55197859 2.2793324 0.0276370235
vt 0.903486013 0.318413764
v 1.57674491 2.28151298 0.0160069726
vt 0.899221063 0.318207651
v 1.57763386 2.26487041 0.0219629593
vt 0.89952457 0.320901364
f 3658/3658 3659/3659 3660/3660
v 1.57491362 2.27410793 0.165280044
vt 0.275594831 0.0933756307
v 1.53400838 2.26845169 0.157094046
vt 0.275866866 0.100545883
v 1.53260517 2.28535461 0.151435226
vt 0.278849721 0.100519374
f 3661/3661 3662/3662 3663/3663
v 1.53260517 2.28535461 0.151435226
vt 0.278849721 0.100519374
v 1.57518852 2.29117084 0.159979343
vt 0.278565258 0.0930550769
v 1.57491362 2.27410793 0.165280044
vt 0.275594831 0.0933756307
f 3664/3664 3665/3665 3666/3666
v 1.5302583 2.28988934 0.163888186
vt 0.932749808 0.320705414
v 1.53175366 2.2728951 0.169031426
vt 0.933023155 0.323406875
v 1.54787421 2.28540659 0.195352063
vt 0.938089967 0.322475344
f 3667/3667 3668/3668 3669/3669
v 1.54787421 2.28540659 0.195352063
vt 0.938089967 0.322475344
v 1.54703927 2.30265355 0.191361934
vt 0.938023686 0.31979534
v 1.5302583 2.28988934 0.163888186
vt 0.932749808 0.320705414
f 3670/3670 3671/3671 3672/3672
v 1.54787421 2.28540659 0.195352063
vt 0.286687672 0.897903562
v 1.57149875 2.28220248 0.185705647
vt 0.286302298 0.90223974
v 1.57163334 2.29942155 0.181291357
vt 0.289241791 0.902433991
f 3673/3673 3674/3674 3675/3675
v 1.57163334 2.29942155 0.181291357
vt 0.289241791 0.902433991
v 1.54703927 2.30265355 0.191361934
vt 0.289641976 0.897892594
v 1.54787421 2.28540659 0.195352063
vt 0.286687672 0.897903562
f 3676/3676 3677/3677 3678/3678
v 1.53260517 2.28535461 0.151435226
vt 0.930682123 0.321053177
v 1.53400838 2.26845169 0.157094046
vt 0.931030512 0.323746562
v 1.53175366 2.2728951 0.169031426
vt 0.933023155 0.323406875
f 3679/3679 3680/3680 3681/3681
v 1.53175366 2.2728951 0.169031426
vt 0.933023155 0.323406875
v 1.5302583 2.28988934 0.163888186
vt 0.932749808 0.320705414
v 1.53260517 2.28535461 0.151435226
vt 0.930682123 0.321053177
f 3682/3682 3683/3683 3684/3684
v 1.57149875 2.28220248 0.185705647
vt 0.286302298 0.90223974
v 1.57491362 2.27410793 0.165280044
vt 0.285567313 0.905938327
v 1.57518852 2.29117084 0.159979343
vt 0.288532972 0.906298697
f 3685/3685 3686/3686 3687/3687
v 1.57518852 2.29117084 0.159979343
vt 0.288532972 0.906298697
v 1.57163334 2.29942155 0.181291357
vt 0.289241791 0.902433991
v 1.57149875 2.28220248 0.185705647
vt 0.286302298 0.90223974
f 3688/3688 3689/3689 3690/3690
v 1.57163334 2.29942155 0.181291357
vt 0.289241791 0.902433991
v 1.57518852 2.29117084 0.159979343
vt 0.288532972 0.906298697
v 1.57694423 2.39891458 0.126455635
vt 0.307387859 0.908440769
f 3691/3691 3692/3692 3693/3693
v 1.57694423 2.39891458 0.126455635
vt 0.307387859 0.908440769
v 1.57248938 2.40819645 0.153441712
vt 0.30793035 0.903612971
v 1.57163334 2.29942155 0.181291357
vt 0.289241791 0.902433991
f 3694/3694 3695/3695 3696/3696
v 1.52361846 2.39245057 0.115526587
vt 0.92835319 0.303738683
v 1.53260517 2.28535461 0.151435226
vt 0.930682123 0.321053177
v 1.5302583 2.28988934 0.163888186
vt 0.932749808 0.320705414
f 3697/3697 3698/3698 3699/3699
v 1.5302583 2.28988934 0.163888186
vt 0.932749808 0.320705414
v 1.52067792 2.39756465 0.131278843
vt 0.930921435 0.303296149
v 1.52361846 2.39245057 0.115526587
vt 0.92835319 0.303738683
f 3700/3700 3701/3701 3702/3702
v 1.54703927 2.30265355 0.191361934
vt 0.289641976 0.897892594
v 1.57163334 2.29942155 0.181291357
vt 0.289241791 0.902433991
v 1.57248938 2.40819645 0.153441712
vt 0.30793035 0.903612971
f 3703/3703 3704/3704 3705/3705
v 1.57248938 2.40819645 0.153441712
vt 0.30793035 0.903612971
v 1.54168832 2.41165328 0.166222334
vt 0.308455497 0.89800787
v 1.54703927 2.30265355 0.191361934
vt 0.289641976 0.897892594
f 3706/3706 3707/3707 3708/3708
v 1.52067792 2.39756465 0.131278843
vt 0.930921435 0.303296149
v 1.5302583 2.28988934 0.163888186
vt 0.932749808 0.320705414
v 1.54703927 2.30265355 0.191361934
vt 0.938023686 0.31979534
f 3709/3709 3710/3710 3711/3711
v 1.54703927 2.30265355 0.191361934
vt 0.938023686 0.31979534
v 1.54168832 2.41165328 0.166222334
vt 0.937732399 0.30256635
v 1.52067792 2.39756465 0.131278843
vt 0.930921435 0.303296149
f 3712/3712 3713/3713 3714/3714
v 1.57518852 2.29117084 0.159979343
vt 0.278565258 0.0930550769
v 1.53260517 2.28535461 0.151435226
vt 0.278849721 0.100519374
v 1.52361846 2.39245057 0.115526587
vt 0.297949016 0.100349471
f 3715/3715 3716/3716 3717/3717
v 1.52361846 2.39245057 0.115526587
vt 0.297949016 0.100349471
v 1.57694423 2.39891458 0.126455635
vt 0.297584891 0.0910026953
v 1.57518852 2.29117084 0.159979343
vt 0.278565258 0.0930550769
f 3718/3718 3719/3719 3720/3720
v 1.5386951 2.26198649 0.110843077
vt 0.389545172 0.168491066
v 1.5331887 2.27218413 0.147282541
vt 0.385510027 0.173896328
v 1.52361846 2.39245057 0.115526587
vt 0.402529687 0.188868716
f 3721/3721 3722/3722 3723/3723
v 1.52361846 2.39245057 0.115526587
vt 0.402529687 0.188868716
v 1.53020942 2.38027072 0.0718992874
vt 0.412357122 0.184358999
v 1.5386951 2.26198649 0.110843077
vt 0.389545172 0.168491066
f 3724/3724 3725/3725 3726/3726
v 1.57773864 2.27827597 0.156217799
vt 0.286686093 0.908513069
v 1.58324444 2.26795769 0.119811341
vt 0.286485136 0.91492945
v 1.58353519 2.38658214 0.0828715116
vt 0.307148039 0.916121423
f 3727/3727 3728/3728 3729/3729
v 1.58353519 2.38658214 0.0828715116
vt 0.307148039 0.916121423
v 1.57694423 2.39891458 0.126455635
vt 0.307387859 0.908440769
v 1.57773864 2.27827597 0.156217799
vt 0.286686093 0.908513069
f 3730/3730 3731/3731 3732/3732
v 1.58324444 2.26795769 0.119811341
vt 0.39322418 0.162470371
v 1.5386951 2.26198649 0.110843077
vt 0.389545172 0.168491066
v 1.53020942 2.38027072 0.0718992874
vt 0.412357122 0.184358999
f 3733/3733 3734/3734 3735/3735
v 1.53020942 2.38027072 0.0718992874
vt 0.412357122 0.184358999
v 1.58353519 2.38658214 0.0828715116
vt 0.412270665 0.17036137
v 1.58324444 2.26795769 0.119811341
vt 0.39322418 0.162470371
f 3736/3736 3737/3737 3738/3738
v 1.52361846 2.39245057 0.115526587
vt 0.297949016 0.100349471
v 1.5331887 2.27218413 0.147282541
vt 0.318926424 0.099264726
v 1.57773864 2.27827597 0.156217799
vt 0.318621725 0.0914564133
f 3739/3739 3740/3740 3741/3741
v 1.57773864 2.27827597 0.156217799
vt 0.318621725 0.0914564133
v 1.57694423 2.39891458 0.126455635
vt 0.297584891 0.0910026953
v 1.52361846 2.39245057 0.115526587
vt 0.297949016 0.100349471
f 3742/3742 3743/3743 3744/3744
v 1.53020942 2.38027072 0.0718992874
vt 0.412357122 0.184358999
v 1.53985453 2.27493095 0.0989996642
vt 0.431805462 0.169131652
v 1.58326602 2.28064942 0.107767284
vt 0.428430319 0.164086074
f 3745/3745 3746/3746 3747/3747
v 1.58326602 2.28064942 0.107767284
vt 0.428430319 0.164086074
v 1.58353519 2.38658214 0.0828715116
vt 0.412270665 0.17036137
v 1.53020942 2.38027072 0.0718992874
vt 0.412357122 0.184358999
f 3748/3748 3749/3749 3750/3750
v 1.54522896 2.26912975 0.0623214506
vt 0.434693456 0.173343688
v 1.53985453 2.27493095 0.0989996642
vt 0.431805462 0.169131652
v 1.53020942 2.38027072 0.0718992874
vt 0.412357122 0.184358999
f 3751/3751 3752/3752 3753/3753
v 1.53020942 2.38027072 0.0718992874
vt 0.412357122 0.184358999
v 1.53680801 2.37124133 0.0273805
vt 0.423415482 0.188007191
v 1.54522896 2.26912975 0.0623214506
vt 0.434693456 0.173343688
f 3754/3754 3755/3755 3756/3756
v 1.58353519 2.38658214 0.0828715116
vt 0.307148039 0.916121423
v 1.58326602 2.28064942 0.107767284
vt 0.288890809 0.916846037
v 1.58864033 2.27463889 0.0711474866
vt 0.289554983 0.923145056
f 3757/3757 3758/3758 3759/3759
v 1.58864033 2.27463889 0.0711474866
vt 0.289554983 0.923145056
v 1.59013247 2.37732697 0.0384187587
vt 0.307651848 0.923857689
v 1.58353519 2.38658214 0.0828715116
vt 0.307148039 0.916121423
f 3760/3760 3761/3761 3762/3762
v 1.58864033 2.27463889 0.0711474866
vt 0.0733495802 0.567823768
v 1.54522896 2.26912975 0.0623214506
vt 0.0809593275 0.567954659
v 1.53680801 2.37124133 0.0273805
vt 0.0819740444 0.54972142
f 3763/3763 3764/3764 3765/3765
v 1.53680801 2.37124133 0.0273805
vt 0.0819740444 0.54972142
v 1.59013247 2.37732697 0.0384187587
vt 0.0726256445 0.549547732
v 1.58864033 2.27463889 0.0711474866
vt 0.0733495802 0.567823768
f 3766/3766 3767/3767 3768/3768
v 1.57674491 2.28151298 0.0160069726
vt 0.899221063 0.318207651
v 1.55197859 2.2793324 0.0276370235
vt 0.903486013 0.318413764
v 1.54127371 2.36725378 -0.0010990313
vt 0.902937233 0.30374673
f 3769/3769 3770/3770 3771/3771
v 1.54127371 2.36725378 -0.0010990313
vt 0.902937233 0.30374673
v 1.57207656 2.36794472 -0.0149946436
vt 0.897502482 0.303913772
v 1.57674491 2.28151298 0.0160069726
vt 0.899221063 0.318207651
f 3772/3772 3773/3773 3774/3774
v 1.59307873 2.37487459 0.0219147019
vt 0.308057189 0.926701903
v 1.59362483 2.28528976 0.046185676
vt 0.292362601 0.927470207
v 1.57674491 2.28151298 0.0160069726
vt 0.293415606 0.933355987
f 3775/3775 3776/3776 3777/3777
v 1.57674491 2.28151298 0.0160069726
vt 0.293415606 0.933355987
v 1.57207656 2.36794472 -0.0149946436
vt 0.309104204 0.933955491
v 1.59307873 2.37487459 0.0219147019
vt 0.308057189 0.926701903
f 3778/3778 3779/3779 3780/3780
v 1.59013247 2.37732697 0.0384187587
vt 0.307651848 0.923857689
v 1.59125447 2.28633499 0.0597155429
vt 0.29181999 0.92517513
v 1.59362483 2.28528976 0.046185676
vt 0.292362601 0.927470207
f 3781/3781 3782/3782 3783/3783
v 1.59362483 2.28528976 0.046185676
vt 0.292362601 0.927470207
v 1.59307873 2.37487459 0.0219147019
vt 0.308057189 0.926701903
v 1.59013247 2.37732697 0.0384187587
vt 0.307651848 0.923857689
f 3784/3784 3785/3785 3786/3786
v 1.55197859 2.2793324 0.0276370235
vt 0.903486013 0.318413764
v 1.54838538 2.28086138 0.0510063432
vt 0.907165587 0.319085181
v 1.53680801 2.37124133 0.0273805
vt 0.907460392 0.304407626
f 3787/3787 3788/3788 3789/3789
v 1.53680801 2.37124133 0.0273805
vt 0.907460392 0.304407626
v 1.54127371 2.36725378 -0.0010990313
vt 0.902937233 0.30374673
v 1.55197859 2.2793324 0.0276370235
vt 0.903486013 0.318413764
f 3790/3790 3791/3791 3792/3792
v 1.54838538 2.28086138 0.0510063432
vt 0.0812386423 0.533830762
v 1.59125447 2.28633499 0.0597155429
vt 0.0737226456 0.533701301
v 1.59013247 2.37732697 0.0384187587
vt 0.0726256445 0.549547732
f 3793/3793 3794/3794 3795/3795
v 1.59013247 2.37732697 0.0384187587
vt 0.0726256445 0.549547732
v 1.53680801 2.37124133 0.0273805
vt 0.0819740444 0.54972142
v 1.54838538 2.28086138 0.0510063432
vt 0.0812386423 0.533830762
f 3796/3796 3797/3797 3798/3798
v 0.15650709 4.3353343 -0.122169405
vt 0.971836507 0.885057509
v 0.14785631 4.54154491 -0.0293144118
vt 0.920300305 0.880548179
v 0.175424024 4.48668766 0.0352667831
vt 0.92943722 0.864195704
f 3799/3799 3800/3800 3801/3801
v 0.175424024 4.48668766 0.0352667831
vt 0.92943722 0.864195704
v 0.192027763 4.30875874 -0.0419756472
vt 0.972209573 0.870733857
v 0.15650709 4.3353343 -0.122169405
vt 0.971836507 0.885057509
f 3802/3802 3803/3803 3804/3804
v 0.0220614541 2.18486857 0.226179689
vt 0.650183737 0.837160945
v 0.0124458363 1.87214482 0.258180737
vt 0.603856266 0.839200199
v 0.299451441 2.11181808 0.26327318
vt 0.638233244 0.796298862
f 3805/3805 3806/3806 3807/3807
v 0.299451441 2.11181808 0.26327318
vt 0.638233244 0.796298862
v 0.302234501 2.36371636 0.230298102
vt 0.675629914 0.795362294
v 0.0220614541 2.18486857 0.226179689
vt 0.650183737 0.837160945
f 3808/3808 3809/3809 3810/3810
v 0.0220614541 2.18486857 0.226179689
vt 0.650183737 0.837160945
v -0.190068558 2.26731181 0.229684711
vt 0.662534714 0.868311167
v -0.183836356 1.98327923 0.262455344
vt 0.620420516 0.867925823
f 3811/3811 3812/3812 3813/3813
v -0.183836356 1.98327923 0.262455344
vt 0.620420516 0.867925823
v 0.0124458363 1.87214482 0.258180737
vt 0.603856266 0.839200199
v 0.0220614541 2.18486857 0.226179689
vt 0.650183737 0.837160945
f 3814/3814 3815/3815 3816/3816
v 0.0509089455 2.77483511 0.130173996
vt 0.738445759 0.831803679
v -0.208765149 2.77120686 0.131372809
vt 0.738445759 0.870034695
v -0.196300745 2.55134463 0.196914077
vt 0.704648852 0.86869663
f 3817/3817 3818/3818 3819/3819
v -0.196300745 2.55134463 0.196914077
vt 0.704648852 0.86869663
v 0.0316770747 2.49759221 0.194178641
vt 0.696511269 0.83512181
v 0.0509089455 2.77483511 0.130173996
vt 0.738445759 0.831803679
f 3820/3820 3821/3821 3822/3822
v 0.0509089455 2.77483511 0.130173996
vt 0.738445759 0.831803679
v 0.0316770747 2.49759221 0.194178641
vt 0.696511269 0.83512181
v 0.305017561 2.61561465 0.197322994
vt 0.713026702 0.794425786
f 3823/3823 3824/3824 3825/3825
v 0.305017561 2.61561465 0.197322994
vt 0.713026702 0.794425786
v 0.310583025 2.77120686 0.131372809
vt 0.73788482 0.793606639
v 0.0509089455 2.77483511 0.130173996
vt 0.738445759 0.831803679
f 3826/3826 3827/3827 3828/3828
v 0.310565263 2.90856671 -0.349078566
vt 0.773684919 0.897900522
v 0.341015726 2.65256214 -0.418579489
vt 0.768667996 0.858405232
v 0.0201086141 2.74183846 -0.397821158
vt 0.815978229 0.871729791
f 3829/3829 3830/3830 3831/3831
v 0.0201086141 2.74183846 -0.397821158
vt 0.815978229 0.871729791
v 0.0509089455 2.90768552 -0.332290053
vt 0.81232363 0.897900522
v 0.310565263 2.90856671 -0.349078566
vt 0.773684919 0.897900522
f 3832/3832 3833/3833 3834/3834
v -0.208747357 2.90856671 -0.349078566
vt 0.850660324 0.895220518
v 0.0509089455 2.90768552 -0.332290053
vt 0.81232363 0.897900522
v 0.0201086141 2.74183846 -0.397821158
vt 0.815978229 0.871729791
f 3835/3835 3836/3836 3837/3837
v 0.0201086141 2.74183846 -0.397821158
vt 0.815978229 0.871729791
v -0.239547074 2.74271989 -0.414609671
vt 0.85192281 0.870062232
v -0.208747357 2.90856671 -0.349078566
vt 0.850660324 0.895220518
f 3838/3838 3839/3839 3840/3840
v -0.239547074 2.74271989 -0.414609671
vt 0.85192281 0.870062232
v -0.348205119 2.67210388 -0.189851776
vt 0.887459755 0.865775168
v -0.317405432 2.83795071 -0.12431813
vt 0.889400661 0.893445373
f 3841/3841 3842/3842 3843/3843
v -0.317405432 2.83795071 -0.12431813
vt 0.889400661 0.893445373
v -0.208747357 2.90856671 -0.349078566
vt 0.850660324 0.895220518
v -0.239547074 2.74271989 -0.414609671
vt 0.85192281 0.870062232
f 3844/3844 3845/3845 3846/3846
v 0.0577443652 2.43515325 -0.38371855
vt 0.811556637 0.826081634
v 0.311159581 2.48429656 -0.419874817
vt 0.773383379 0.833278298
v 0.281303465 2.31603098 -0.421170175
vt 0.778098822 0.808151424
f 3847/3847 3848/3848 3849/3849
v 0.281303465 2.31603098 -0.421170175
vt 0.778098822 0.808151424
v 0.0953801125 2.12846828 -0.369615942
vt 0.807134986 0.780433357
v 0.0577443652 2.43515325 -0.38371855
vt 0.811556637 0.826081634
f 3850/3850 3851/3851 3852/3852
v -0.224099606 2.36283755 -0.39646107
vt 0.854323328 0.815248907
v 0.0577443652 2.43515325 -0.38371855
vt 0.811556637 0.826081634
v 0.0953801125 2.12846828 -0.369615942
vt 0.807134986 0.780433357
f 3853/3853 3854/3854 3855/3855
v 0.0953801125 2.12846828 -0.369615942
vt 0.807134986 0.780433357
v -0.208652139 1.98295546 -0.378312439
vt 0.856723905 0.76043576
v -0.224099606 2.36283755 -0.39646107
vt 0.854323328 0.815248907
f 3856/3856 3857/3857 3858/3858
v -0.224099606 2.36283755 -0.39646107
vt 0.854323328 0.815248907
v -0.208652139 1.98295546 -0.378312439
vt 0.856723905 0.76043576
v -0.348205119 2.27944422 -0.189851776
vt 0.891708076 0.807358086
f 3859/3859 3860/3860 3861/3861
v -0.348205119 2.27944422 -0.189851776
vt 0.891708076 0.807358086
v -0.348205119 2.47577405 -0.189851776
vt 0.889584005 0.836566687
v -0.224099606 2.36283755 -0.39646107
vt 0.854323328 0.815248907
f 3862/3862 3863/3863 3864/3864
v -0.137715548 4.96013689 0.228093475
vt 0.529451668 0.0427296981
v -0.180077985 4.78811407 0.0707334876
vt 0.479635745 0.0728982612
v -0.131879568 4.87154627 0.321428508
vt 0.5122962 0.0155443437
f 3865/3865 3866/3866 3867/3867
v 0.256490558 4.47335482 0.112552404
vt 0.367898583 0.462398648
v 0.280587852 4.48728371 0.0956368893
vt 0.368522108 0.455473751
v 0.288772583 4.30498409 0.104122579
vt 0.326350629 0.472781211
f 3868/3868 3869/3869 3870/3870
v 0.288772583 4.30498409 0.104122579
vt 0.326350629 0.472781211
v 0.264272392 4.28953409 0.109321684
vt 0.32542482 0.479957223
v 0.256490558 4.47335482 0.112552404
vt 0.367898583 0.462398648
f 3871/3871 3872/3872 3873/3873
v 0.0509089455 4.94801521 0.268284351
vt 0.497071296 0.459092408
v 0.0509089455 4.9952631 0.257921696
vt 0.507778168 0.454125971
v -0.131879568 4.87154627 0.321428508
vt 0.498956203 0.508552253
f 3874/3874 3875/3875 3876/3876
v -0.131879568 4.87154627 0.321428508
vt 0.498956203 0.508552253
v -0.112325132 4.83753204 0.324999571
vt 0.489192873 0.507696331
v 0.0509089455 4.94801521 0.268284351
vt 0.497071296 0.459092408
f 3877/3877 3878/3878 3879/3879
v -0.180077985 4.78811407 0.0707334876
vt 0.479635745 0.0728982612
v -0.138750538 4.98460579 0.0968966633
vt 0.529051781 0.0760658234
v -0.113872543 4.96963835 -0.0703104064
vt 0.517234564 0.116302215
f 3880/3880 3881/3881 3882/3882
v -0.113872543 4.96963835 -0.0703104064
vt 0.517234564 0.116302215
v -0.139126435 4.8138237 -0.124328293
vt 0.47642687 0.121941902
v -0.180077985 4.78811407 0.0707334876
vt 0.479635745 0.0728982612
f 3883/3883 3884/3884 3885/3885
v -0.17058523 4.66958332 0.0871511847
vt 0.451395839 0.063098453
v -0.139126435 4.8138237 -0.124328293
vt 0.47642687 0.121941902
v -0.099661991 4.64159679 -0.172692448
vt 0.43187362 0.125396401
f 3886/3886 3887/3887 3888/3888
v -0.113872543 4.96963835 -0.0703104064
vt 0.571676552 0.14942494
v 0.0509089455 5.00783014 -0.0995315686
vt 0.529732645 0.144314632
v 0.0509089455 4.82355404 -0.194954365
vt 0.534626484 0.190086544
f 3889/3889 3890/3890 3891/3891
v 0.0509089455 4.82355404 -0.194954365
vt 0.534626484 0.190086544
v -0.139126435 4.8138237 -0.124328293
vt 0.582087219 0.187456593
v -0.113872543 4.96963835 -0.0703104064
vt 0.571676552 0.14942494
f 3892/3892 3893/3893 3894/3894
v -0.137715548 4.96013689 0.228093475
vt 0.894545734 0.707389891
v 0.0509089455 4.9952631 0.257921696
vt 0.847426713 0.714840949
v 0.0509089455 5.05603456 0.10512583
vt 0.847426713 0.676672101
f 3895/3895 3896/3896 3897/3897
v 0.0509089455 5.05603456 0.10512583
vt 0.847426713 0.676672101
v -0.138750538 4.98460579 0.0968966633
vt 0.894804239 0.674616516
v -0.137715548 4.96013689 0.228093475
vt 0.894545734 0.707389891
f 3898/3898 3899/3899 3900/3900
v 0.0509089455 5.05603456 0.10512583
vt 0.847426713 0.676672101
v 0.0509089455 5.00783014 -0.0995315686
vt 0.847426713 0.625548124
v -0.113872543 4.96963835 -0.0703104064
vt 0.888589621 0.632847667
f 3901/3901 3902/3902 3903/3903
v -0.113872543 4.96963835 -0.0703104064
vt 0.888589621 0.632847667
v -0.138750538 4.98460579 0.0968966633
vt 0.894804239 0.674616516
v 0.0509089455 5.05603456 0.10512583
vt 0.847426713 0.676672101
f 3904/3904 3905/3905 3906/3906
v -0.099661991 4.64159679 -0.172692448
vt 0.57685864 0.231283665
v -0.139126435 4.8138237 -0.124328293
vt 0.582087219 0.187456593
v 0.0509089455 4.82355404 -0.194954365
vt 0.534626484 0.190086544
f 3907/3907 3908/3908 3909/3909
v 0.0509089455 4.82355404 -0.194954365
vt 0.534626484 0.190086544
v 0.0509089455 4.60989666 -0.207978815
vt 0.540300608 0.243156284
v -0.099661991 4.64159679 -0.172692448
vt 0.57685864 0.231283665
f 3910/3910 3911/3911 3912/3912
v -0.131879568 4.87154627 0.321428508
vt 0.5122962 0.0155443437
v -0.180077985 4.78811407 0.0707334876
vt 0.479635745 0.0728982612
v -0.17058523 4.66958332 0.0871511847
vt 0.451395839 0.063098453
f 3913/3913 3914/3914 3915/3915
v -0.17058523 4.66958332 0.0871511847
vt 0.451395839 0.063098453
v -0.180077985 4.78811407 0.0707334876
vt 0.479635745 0.0728982612
v -0.139126435 4.8138237 -0.124328293
vt 0.47642687 0.121941902
f 3916/3916 3917/3917 3918/3918
v 0.281895876 4.78811407 0.0707334876
vt 0.0740237087 0.383775353
v 0.239533439 4.96013689 0.228093475
vt 0.0392881557 0.33702907
v 0.233696818 4.87154627 0.321428508
vt 0.0138432942 0.356673777
f 3919/3919 3920/3920 3921/3921
v 0.281895876 4.78811407 0.0707334876
vt 0.0740237087 0.383775353
v 0.240944326 4.8138237 -0.124328293
vt 0.123151302 0.382341117
v 0.215690434 4.96963835 -0.0703104064
vt 0.11368531 0.342247844
f 3922/3922 3923/3923 3924/3924
v 0.215690434 4.96963835 -0.0703104064
vt 0.11368531 0.342247844
v 0.240568429 4.98460579 0.0968966633
vt 0.0725132227 0.334280968
v 0.281895876 4.78811407 0.0707334876
vt 0.0740237087 0.383775353
f 3925/3925 3926/3926 3927/3927
v 0.272403121 4.66958332 0.0871511847
vt 0.066932939 0.412814081
v 0.201479241 4.64159679 -0.172692448
vt 0.13079533 0.426369458
v 0.240944326 4.8138237 -0.124328293
vt 0.123151302 0.382341117
f 3928/3928 3929/3929 3930/3930
v 0.0509089455 4.82355404 -0.194954365
vt 0.534626484 0.190086544
v 0.0509089455 5.00783014 -0.0995315686
vt 0.529732645 0.144314632
v 0.215690434 4.96963835 -0.0703104064
vt 0.489817232 0.158177152
f 3931/3931 3932/3932 3933/3933
v 0.215690434 4.96963835 -0.0703104064
vt 0.489817232 0.158177152
v 0.240944326 4.8138237 -0.124328293
vt 0.487682492 0.197550148
v 0.0509089455 4.82355404 -0.194954365
vt 0.534626484 0.190086544
f 3934/3934 3935/3935 3936/3936
v 0.239533439 4.96013689 0.228093475
vt 0.800307631 0.707389832
v 0.240568429 4.98460579 0.0968966633
vt 0.800049186 0.674616516
v 0.0509089455 5.05603456 0.10512583
vt 0.847426713 0.676672101
f 3937/3937 3938/3938 3939/3939
v 0.0509089455 5.05603456 0.10512583
vt 0.847426713 0.676672101
v 0.0509089455 4.9952631 0.257921696
vt 0.847426713 0.714840949
v 0.239533439 4.96013689 0.228093475
vt 0.800307631 0.707389832
f 3940/3940 3941/3941 3942/3942
v 0.215690434 4.96963835 -0.0703104064
vt 0.806263745 0.632847667
v 0.0509089455 5.00783014 -0.0995315686
vt 0.847426713 0.625548124
v 0.0509089455 5.05603456 0.10512583
vt 0.847426713 0.676672101
f 3943/3943 3944/3944 3945/3945
v 0.0509089455 5.05603456 0.10512583
vt 0.847426713 0.676672101
v 0.240568429 4.98460579 0.0968966633
vt 0.800049186 0.674616516
v 0.215690434 4.96963835 -0.0703104064
vt 0.806263745 0.632847667
f 3946/3946 3947/3947 3948/3948
v 0.201479241 4.64159679 -0.172692448
vt 0.502058983 0.239281073
v 0.0509089455 4.60989666 -0.207978815
vt 0.540300608 0.243156284
v 0.0509089455 4.82355404 -0.194954365
vt 0.534626484 0.190086544
f 3949/3949 3950/3950 3951/3951
v 0.0509089455 4.82355404 -0.194954365
vt 0.534626484 0.190086544
v 0.240944326 4.8138237 -0.124328293
vt 0.487682492 0.197550148
v 0.201479241 4.64159679 -0.172692448
vt 0.502058983 0.239281073
f 3952/3952 3953/3953 3954/3954
v 0.233696818 4.87154627 0.321428508
vt 0.0138432942 0.356673777
v 0.272403121 4.66958332 0.0871511847
vt 0.066932939 0.412814081
v 0.281895876 4.78811407 0.0707334876
vt 0.0740237087 0.383775353
f 3955/3955 3956/3956 3957/3957
v 0.272403121 4.66958332 0.0871511847
vt 0.066932939 0.412814081
v 0.240944326 4.8138237 -0.124328293
vt 0.123151302 0.382341117
v 0.281895876 4.78811407 0.0707334876
vt 0.0740237087 0.383775353
f 3958/3958 3959/3959 3960/3960
v -0.137715548 4.96013689 0.228093475
vt 0.529451668 0.0427296981
v -0.138750538 4.98460579 0.0968966633
vt 0.529051781 0.0760658234
v -0.180077985 4.78811407 0.0707334876
vt 0.479635745 0.0728982612
f 3961/3961 3962/3962 3963/3963
v 0.281895876 4.78811407 0.0707334876
vt 0.0740237087 0.383775353
v 0.240568429 4.98460579 0.0968966633
vt 0.0725132227 0.334280968
v 0.239533439 4.96013689 0.228093475
vt 0.0392881557 0.33702907
f 3964/3964 3965/3965 3966/3966
v -0.131879568 4.87154627 0.321428508
vt 0.893087924 0.730705202
v 0.0509089455 4.9952631 0.257921696
vt 0.847426713 0.714840949
v -0.137715548 4.96013689 0.228093475
vt 0.894545734 0.707389891
f 3967/3967 3968/3968 3969/3969
v 0.0509089455 4.9952631 0.257921696
vt 0.847426713 0.714840949
v 0.233696818 4.87154627 0.321428508
vt 0.801765859 0.730705202
v 0.239533439 4.96013689 0.228093475
vt 0.800307631 0.707389832
f 3970/3970 3971/3971 3972/3972
v 0.264272392 4.28953409 0.109321684
vt 0.32542482 0.479957223
v 0.288772583 4.30498409 0.104122579
vt 0.326350629 0.472781211
v 0.315993577 3.99533772 0.175025508
vt 0.253319979 0.499160647
f 3973/3973 3974/3974 3975/3975
v 0.315993577 3.99533772 0.175025508
vt 0.253319979 0.499160647
v 0.306335121 3.98781967 0.174131468
vt 0.252631515 0.502139747
v 0.264272392 4.28953409 0.109321684
vt 0.32542482 0.479957223
f 3976/3976 3977/3977 3978/3978
v 0.311698049 4.17919636 0.236942381
vt 0.0172519609 0.530874372
v 0.321723521 3.91467023 0.229741871
vt 0.0123219797 0.596794188
v 0.315993577 3.99533772 0.175025508
vt 0.0279684905 0.578137577
f 3979/3979 3980/3980 3981/3981
v 0.315993577 3.99533772 0.175025508
vt 0.0279684905 0.578137577
v 0.288772583 4.30498409 0.104122579
vt 0.0534539744 0.502988935
v 0.311698049 4.17919636 0.236942381
vt 0.0172519609 0.530874372
f 3982/3982 3983/3983 3984/3984
v -0.0624053143 4.24719334 -0.269433439
vt 0.631626606 0.15021956
v -0.0826207548 4.28532696 -0.299711198
vt 0.620400548 0.154901862
v -0.0310500246 3.98222828 -0.454533845
vt 0.623147786 0.0699255541
f 3985/3985 3986/3986 3987/3987
v -0.0310500246 3.98222828 -0.454533845
vt 0.623147786 0.0699255541
v -0.0174147468 3.95650816 -0.434113324
vt 0.630719304 0.0667672753
v -0.0624053143 4.24719334 -0.269433439
vt 0.631626606 0.15021956
f 3988/3988 3989/3989 3990/3990
v 0.244027734 4.2875762 -0.287108362
vt 0.876835883 0.102361679
v 0.189276457 3.98374581 -0.446035445
vt 0.876835883 0.102361679
v 0.26053369 3.98293543 -0.343150526
vt 0.838529825 0.0764617845
f 3991/3991 3992/3992 3993/3993
v 0.26053369 3.98293543 -0.343150526
vt 0.838529825 0.0764617845
v 0.349670321 4.286376 -0.134574115
vt 0.838529825 0.0764617845
v 0.244027734 4.2875762 -0.287108362
vt 0.876835883 0.102361679
f 3994/3994 3995/3995 3996/3996
v 0.0627333 4.28771448 -0.361257225
vt 0.545919776 0.323496282
v 0.229732081 4.32187843 -0.324502826
vt 0.503532112 0.319445461
v 0.179633841 4.00688267 -0.471258879
vt 0.524341106 0.396355778
f 3997/3997 3998/3998 3999/3999
v 0.179633841 4.00688267 -0.471258879
vt 0.524341106 0.396355778
v 0.0669920221 3.98383856 -0.496050507
vt 0.552931964 0.399088472
v 0.0627333 4.28771448 -0.361257225
vt 0.545919776 0.323496282
f 4000/4000 4001/4001 4002/4002
v -0.099661991 4.64159679 -0.172692448
vt 0.605152309 0.248147652
v -0.0826207548 4.28532696 -0.299711198
vt 0.620400548 0.154901862
v -0.0624053143 4.24719334 -0.269433439
vt 0.631626606 0.15021956
f 4003/4003 4004/4004 4005/4005
v -0.0624053143 4.24719334 -0.269433439
vt 0.631626606 0.15021956
v -0.0835541487 4.6321826 -0.0568237118
vt 0.631626606 0.260081559
v -0.099661991 4.64159679 -0.172692448
vt 0.605152309 0.248147652
f 4006/4006 4007/4007 4008/4008
v 0.0509089455 4.60387325 -0.0883333012
vt 0.0179131813 0.935055077
v -0.0835541487 4.6321826 -0.0568237118
vt 0.0499358438 0.922856867
v -0.0624053143 4.24719334 -0.269433439
vt 0.0499358438 0.922856867
f 4009/4009 4010/4010 4011/4011
v -0.0624053143 4.24719334 -0.269433439
vt 0.0499358438 0.922856867
v 0.0673990324 4.24932575 -0.324398696
vt 0.0179131813 0.935055077
v 0.0509089455 4.60387325 -0.0883333012
vt 0.0179131813 0.935055077
f 4012/4012 4013/4013 4014/4014
v 0.248708695 4.65717506 0.11578311
vt 0.0595025048 0.415170431
v 0.349670321 4.286376 -0.134574115
vt 0.112299383 0.513676524
v 0.348029554 4.32053471 -0.153696775
vt 0.117919266 0.505673528
f 4015/4015 4016/4016 4017/4017
v 0.348029554 4.32053471 -0.153696775
vt 0.117919266 0.505673528
v 0.272403121 4.66958332 0.0871511847
vt 0.066932939 0.412814081
v 0.248708695 4.65717506 0.11578311
vt 0.0595025048 0.415170431
f 4018/4018 4019/4019 4020/4020
v 0.201479241 4.64159679 -0.172692448
vt 0.13079533 0.426369458
v 0.272403121 4.66958332 0.0871511847
vt 0.066932939 0.412814081
v 0.348029554 4.32053471 -0.153696775
vt 0.117919266 0.505673528
f 4021/4021 4022/4022 4023/4023
v 0.348029554 4.32053471 -0.153696775
vt 0.117919266 0.505673528
v 0.229732081 4.32187843 -0.324502826
vt 0.160400063 0.509678364
v 0.201479241 4.64159679 -0.172692448
vt 0.13079533 0.426369458
f 4024/4024 4025/4025 4026/4026
v 0.0509089455 4.60989666 -0.207978815
vt 0.540300608 0.243156284
v 0.0627333 4.28771448 -0.361257225
vt 0.545919776 0.323496282
v -0.0826207548 4.28532696 -0.299711198
vt 0.582087219 0.320229143
f 4027/4027 4028/4028 4029/4029
v -0.0826207548 4.28532696 -0.299711198
vt 0.582087219 0.320229143
v -0.099661991 4.64159679 -0.172692448
vt 0.57685864 0.231283665
v 0.0509089455 4.60989666 -0.207978815
vt 0.540300608 0.243156284
f 4030/4030 4031/4031 4032/4032
v 0.0701395497 3.95794582 -0.47118777
vt 0.609953046 0.393068761
v -0.0174147468 3.95650816 -0.434113324
vt 0.609952927 0.369317472
v -0.0310500246 3.98222828 -0.454533845
vt 0.603927374 0.368170023
f 4033/4033 4034/4034 4035/4035
v -0.0310500246 3.98222828 -0.454533845
vt 0.603927374 0.368170023
v 0.0669920221 3.98383856 -0.496050507
vt 0.603927374 0.394766629
v 0.0701395497 3.95794582 -0.47118777
vt 0.609953046 0.393068761
f 4036/4036 4037/4037 4038/4038
v 0.189276457 3.98374581 -0.446035445
vt 0.182012752 0.596794188
v 0.179633841 4.00688267 -0.471258879
vt 0.188868731 0.591685057
v 0.259426326 4.00597572 -0.356047958
vt 0.160214812 0.588983953
f 4039/4039 4040/4040 4041/4041
v 0.259426326 4.00597572 -0.356047958
vt 0.160214812 0.588983953
v 0.26053369 3.98293543 -0.343150526
vt 0.156424418 0.594382048
v 0.189276457 3.98374581 -0.446035445
vt 0.182012752 0.596794188
f 4042/4042 4043/4043 4044/4044
v 0.0701395497 3.95794582 -0.47118777
vt 0.552837789 0.405603319
v 0.0669920221 3.98383856 -0.496050507
vt 0.552931964 0.399088472
v 0.179633841 4.00688267 -0.471258879
vt 0.524341106 0.396355778
f 4045/4045 4046/4046 4047/4047
v 0.179633841 4.00688267 -0.471258879
vt 0.524341106 0.396355778
v 0.189276457 3.98374581 -0.446035445
vt 0.522560537 0.40235886
v 0.0701395497 3.95794582 -0.47118777
vt 0.552837789 0.405603319
f 4048/4048 4049/4049 4050/4050
v 0.0673990324 4.24932575 -0.324398696
vt 0.0179131813 0.935055077
v -0.0624053143 4.24719334 -0.269433439
vt 0.0499358438 0.922856867
v -0.0174147468 3.95650816 -0.434113324
vt 0.0499358438 0.922856867
f 4051/4051 4052/4052 4053/4053
v -0.0174147468 3.95650816 -0.434113324
vt 0.0499358438 0.922856867
v 0.0701395497 3.95794582 -0.47118777
vt 0.0179131813 0.935055077
v 0.0673990324 4.24932575 -0.324398696
vt 0.0179131813 0.935055077
f 4054/4054 4055/4055 4056/4056
v 0.229732081 4.32187843 -0.324502826
vt 0.160400063 0.509678364
v 0.348029554 4.32053471 -0.153696775
vt 0.117919266 0.505673528
v 0.259426326 4.00597572 -0.356047958
vt 0.160214812 0.588983953
f 4057/4057 4058/4058 4059/4059
v 0.259426326 4.00597572 -0.356047958
vt 0.160214812 0.588983953
v 0.179633841 4.00688267 -0.471258879
vt 0.188868731 0.591685057
v 0.229732081 4.32187843 -0.324502826
vt 0.160400063 0.509678364
f 4060/4060 4061/4061 4062/4062
v 0.0627333 4.28771448 -0.361257225
vt 0.545919776 0.323496282
v 0.0669920221 3.98383856 -0.496050507
vt 0.552931964 0.399088472
v -0.0310500246 3.98222828 -0.454533845
vt 0.577327132 0.396884531
f 4063/4063 4064/4064 4065/4065
v -0.0310500246 3.98222828 -0.454533845
vt 0.577327132 0.396884531
v -0.0826207548 4.28532696 -0.299711198
vt 0.582087219 0.320229143
v 0.0627333 4.28771448 -0.361257225
vt 0.545919776 0.323496282
f 4066/4066 4067/4067 4068/4068
v 0.349670321 4.286376 -0.134574115
vt 0.112299383 0.513676524
v 0.26053369 3.98293543 -0.343150526
vt 0.156424418 0.594382048
v 0.259426326 4.00597572 -0.356047958
vt 0.160214812 0.588983953
f 4069/4069 4070/4070 4071/4071
v 0.259426326 4.00597572 -0.356047958
vt 0.160214812 0.588983953
v 0.348029554 4.32053471 -0.153696775
vt 0.117919266 0.505673528
v 0.349670321 4.286376 -0.134574115
vt 0.112299383 0.513676524
f 4072/4072 4073/4073 4074/4074
v 0.0673990324 4.24932575 -0.324398696
vt 0.908858776 0.114559725
v 0.0701395497 3.95794582 -0.47118777
vt 0.908858776 0.114559725
v 0.189276457 3.98374581 -0.446035445
vt 0.876835883 0.102361679
f 4075/4075 4076/4076 4077/4077
v 0.189276457 3.98374581 -0.446035445
vt 0.876835883 0.102361679
v 0.244027734 4.2875762 -0.287108362
vt 0.876835883 0.102361679
v 0.0673990324 4.24932575 -0.324398696
vt 0.908858776 0.114559725
f 4078/4078 4079/4079 4080/4080
v -0.146890819 4.65717506 0.11578311
vt 0.0172332488 0.631626487
v -0.17058523 4.66958332 0.0871511847
vt 0.0137975579 0.625896096
v -0.166889861 4.45650721 0.127227277
vt 0.0678940713 0.625896096
f 4081/4081 4082/4082 4083/4083
v -0.166889861 4.45650721 0.127227277
vt 0.0678940713 0.625896096
v -0.146710202 4.4440546 0.148604527
vt 0.0712431073 0.6309129
v -0.146890819 4.65717506 0.11578311
vt 0.0172332488 0.631626487
f 4084/4084 4085/4085 4086/4086
v -0.17058523 4.66958332 0.0871511847
vt 0.451395839 0.063098453
v -0.099661991 4.64159679 -0.172692448
vt 0.43187362 0.125396401
v -0.132531956 4.42589045 -0.0673085377
vt 0.385065317 0.0901927352
f 4087/4087 4088/4088 4089/4089
v -0.132531956 4.42589045 -0.0673085377
vt 0.385065317 0.0901927352
v -0.166889861 4.45650721 0.127227277
vt 0.400271297 0.0432917476
v -0.17058523 4.66958332 0.0871511847
vt 0.451395839 0.063098453
f 4090/4090 4091/4091 4092/4092
v -0.146890819 4.65717506 0.11578311
vt 0.201253533 0.656175792
v -0.146710202 4.4440546 0.148604527
vt 0.146776855 0.656502128
v -0.1160274 4.41671371 0.00459923223
vt 0.146886677 0.693168879
f 4093/4093 4094/4094 4095/4095
v -0.1160274 4.41671371 0.00459923223
vt 0.146886677 0.693168879
v -0.0835541487 4.6321826 -0.0568237118
vt 0.201253563 0.699743152
v -0.146890819 4.65717506 0.11578311
vt 0.201253533 0.656175792
f 4096/4096 4097/4097 4098/4098
v -0.0835541487 4.6321826 -0.0568237118
vt 0.486104757 0.35007447
v -0.1160274 4.41671371 0.00459923223
vt 0.486104757 0.35007447
v -0.132531956 4.42589045 -0.0673085377
vt 0.486104757 0.35007447
f 4099/4099 4100/4100 4101/4101
v -0.132531956 4.42589045 -0.0673085377
vt 0.486104757 0.35007447
v -0.099661991 4.64159679 -0.172692448
vt 0.486104757 0.35007447
v -0.0835541487 4.6321826 -0.0568237118
vt 0.486104757 0.35007447
f 4102/4102 4103/4103 4104/4104
v 0.248708695 4.65717506 0.11578311
vt 0.410372317 0.444840074
v 0.272403121 4.66958332 0.0871511847
vt 0.410693616 0.438166291
v 0.280587852 4.48728371 0.0956368893
vt 0.368522108 0.455473751
f 4105/4105 4106/4106 4107/4107
v 0.280587852 4.48728371 0.0956368893
vt 0.368522108 0.455473751
v 0.256490558 4.47335482 0.112552404
vt 0.367898583 0.462398648
v 0.248708695 4.65717506 0.11578311
vt 0.410372317 0.444840074
f 4108/4108 4109/4109 4110/4110
v 0.248708695 4.65717506 0.11578311
vt 0.316582888 0.508779407
v 0.256490558 4.47335482 0.112552404
vt 0.3623119 0.513028204
v 0.25042057 4.50751209 0.273105025
vt 0.349419445 0.551952839
f 4111/4111 4112/4112 4113/4113
v 0.25042057 4.50751209 0.273105025
vt 0.349419445 0.551952839
v 0.214143023 4.83753204 0.324999571
vt 0.266053766 0.555769444
v 0.248708695 4.65717506 0.11578311
vt 0.316582888 0.508779407
f 4114/4114 4115/4115 4116/4116
v 0.214143023 4.83753204 0.324999571
vt 0.454876572 0.433715045
v 0.25042057 4.50751209 0.273105025
vt 0.376277059 0.46018374
v 0.272697449 4.52537107 0.279185444
vt 0.377982497 0.453258336
f 4117/4117 4118/4118 4119/4119
v 0.272697449 4.52537107 0.279185444
vt 0.377982497 0.453258336
v 0.233696818 4.87154627 0.321428508
vt 0.460529089 0.425708532
v 0.214143023 4.83753204 0.324999571
vt 0.454876572 0.433715045
f 4120/4120 4121/4121 4122/4122
v 0.272403121 4.66958332 0.0871511847
vt 0.066932939 0.412814081
v 0.233696818 4.87154627 0.321428508
vt 0.0138432942 0.356673777
v 0.272697449 4.52537107 0.279185444
vt 0.0155476276 0.443774045
f 4123/4123 4124/4124 4125/4125
v 0.272697449 4.52537107 0.279185444
vt 0.0155476276 0.443774045
v 0.280587852 4.48728371 0.0956368893
vt 0.0601934567 0.457901478
v 0.272403121 4.66958332 0.0871511847
vt 0.066932939 0.412814081
f 4126/4126 4127/4127 4128/4128
v 0.0316770747 2.49759221 0.194178641
vt 0.696511269 0.83512181
v -0.196300745 2.55134463 0.196914077
vt 0.704648852 0.86869663
v -0.190068558 2.26731181 0.229684711
vt 0.662534714 0.868311167
f 4129/4129 4130/4130 4131/4131
v -0.190068558 2.26731181 0.229684711
vt 0.662534714 0.868311167
v 0.0220614541 2.18486857 0.226179689
vt 0.650183737 0.837160945
v 0.0316770747 2.49759221 0.194178641
vt 0.696511269 0.83512181
f 4132/4132 4133/4133 4134/4134
v 0.0316770747 2.49759221 0.194178641
vt 0.696511269 0.83512181
v 0.0220614541 2.18486857 0.226179689
vt 0.650183737 0.837160945
v 0.302234501 2.36371636 0.230298102
vt 0.675629914 0.795362294
f 4135/4135 4136/4136 4137/4137
v 0.302234501 2.36371636 0.230298102
vt 0.675629914 0.795362294
v 0.305017561 2.61561465 0.197322994
vt 0.713026702 0.794425786
v 0.0316770747 2.49759221 0.194178641
vt 0.696511269 0.83512181
f 4138/4138 4139/4139 4140/4140
v -0.239547074 2.74271989 -0.414609671
vt 0.85192281 0.870062232
v -0.224099606 2.36283755 -0.39646107
vt 0.854323328 0.815248907
v -0.348205119 2.47577405 -0.189851776
vt 0.889584005 0.836566687
f 4141/4141 4142/4142 4143/4143
v -0.348205119 2.47577405 -0.189851776
vt 0.889584005 0.836566687
v -0.348205119 2.67210388 -0.189851776
vt 0.887459755 0.865775168
v -0.239547074 2.74271989 -0.414609671
vt 0.85192281 0.870062232
f 4144/4144 4145/4145 4146/4146
v -0.239547074 2.74271989 -0.414609671
vt 0.85192281 0.870062232
v 0.0201086141 2.74183846 -0.397821158
vt 0.815978229 0.871729791
v 0.0577443652 2.43515325 -0.38371855
vt 0.811556637 0.826081634
f 4147/4147 4148/4148 4149/4149
v 0.0577443652 2.43515325 -0.38371855
vt 0.811556637 0.826081634
v -0.224099606 2.36283755 -0.39646107
vt 0.854323328 0.815248907
v -0.239547074 2.74271989 -0.414609671
vt 0.85192281 0.870062232
f 4150/4150 4151/4151 4152/4152
v 0.341015726 2.65256214 -0.418579489
vt 0.768667996 0.858405232
v 0.311159581 2.48429656 -0.419874817
vt 0.773383379 0.833278298
v 0.0577443652 2.43515325 -0.38371855
vt 0.811556637 0.826081634
f 4153/4153 4154/4154 4155/4155
v 0.0577443652 2.43515325 -0.38371855
vt 0.811556637 0.826081634
v 0.0201086141 2.74183846 -0.397821158
vt 0.815978229 0.871729791
v 0.341015726 2.65256214 -0.418579489
vt 0.768667996 0.858405232
f 4156/4156 4157/4157 4158/4158
