# RawMetal: original asset node W2.001
v 0.112552203 0.417044669 -4.75825977
vt 0.107979685 0.262228847
v -0.00827115867 0.435882002 -4.26350307
vt 0.104818173 0.223119676
v -0.0282043759 -0.326185793 -4.29521227
vt 0.165292025 0.223903343
f 1/1 2/2 3/3
v -0.0282043759 -0.326185793 -4.29521227
vt 0.165292025 0.223903343
v 0.0862413272 -0.326185822 -4.75825977
vt 0.166868389 0.262309641
v 0.112552203 0.417044669 -4.75825977
vt 0.107979685 0.262228847
f 4/4 5/5 6/6
v -0.385900497 0.494757146 -4.08721733
vt 0.833023608 0.420345455
v -0.763529837 0.553632259 -4.26350307
vt 0.789868057 0.420442194
v -0.665575683 -0.326185793 -4.29521227
vt 0.806779504 0.349020094
f 7/7 8/8 9/9
v -0.665575683 -0.326185793 -4.29521227
vt 0.806779504 0.349020094
v -0.385900497 -0.326185763 -4.13022518
vt 0.839390874 0.352810174
v -0.385900497 0.494757146 -4.08721733
vt 0.833023608 0.420345455
f 10/10 11/11 12/12
v 0.0862413272 -0.326185822 -4.75825977
vt 0.166868389 0.262309641
v -0.0282043759 -0.326185793 -4.29521227
vt 0.165292025 0.223903343
v -0.0707703084 -0.523936808 -4.35031509
vt 0.183630452 0.223477975
f 13/13 14/14 15/15
v -0.0707703084 -0.523936808 -4.35031509
vt 0.183630452 0.223477975
v 0.0300563034 -0.523936749 -4.75825977
vt 0.18379499 0.26233092
v 0.0862413272 -0.326185822 -4.75825977
vt 0.166868389 0.262309641
f 16/16 17/17 18/18
v -0.00827115867 0.435882002 -4.26350307
vt 0.104818173 0.223119676
v 0.040300183 0.509079993 -4.23059273
vt 0.097854957 0.224401221
v -0.362448037 0.57187134 -4.04258156
vt 0.0967446268 0.18301338
f 19/19 20/20 21/21
v -0.362448037 0.57187134 -4.04258156
vt 0.0967446268 0.18301338
v -0.385900497 0.494757146 -4.08721733
vt 0.103472427 0.182535842
v -0.00827115867 0.435882002 -4.26350307
vt 0.104818173 0.223119676
f 22/22 23/23 24/24
v 0.112552203 0.417044669 -4.75825977
vt 0.107979685 0.262228847
v 0.169160351 0.488989592 -4.75825977
vt 0.099996537 0.262217373
v 0.040300183 0.509079993 -4.23059273
vt 0.097854957 0.224401221
f 25/25 26/26 27/27
v 0.040300183 0.509079993 -4.23059273
vt 0.097854957 0.224401221
v -0.00827115867 0.435882002 -4.26350307
vt 0.104818173 0.223119676
v 0.112552203 0.417044669 -4.75825977
vt 0.107979685 0.262228847
f 28/28 29/29 30/30
v -0.00827115867 0.435882002 -4.26350307
vt 0.104818173 0.223119676
v -0.385900497 0.494757146 -4.08721733
vt 0.103472427 0.182535842
v -0.385900497 -0.326185763 -4.13022518
vt 0.164757073 0.18676351
f 31/31 32/32 33/33
v -0.385900497 -0.326185763 -4.13022518
vt 0.164757073 0.18676351
v -0.0282043759 -0.326185793 -4.29521227
vt 0.165292025 0.223903343
v -0.00827115867 0.435882002 -4.26350307
vt 0.104818173 0.223119676
f 34/34 35/35 36/36
v -0.385900497 -0.326185763 -4.13022518
vt 0.164757073 0.18676351
v -0.385900497 -0.523936749 -4.20496178
vt 0.17956771 0.187576964
v -0.0707703084 -0.523936808 -4.35031509
vt 0.183630452 0.223477975
f 37/37 38/38 39/39
v -0.0707703084 -0.523936808 -4.35031509
vt 0.183630452 0.223477975
v -0.0282043759 -0.326185793 -4.29521227
vt 0.165292025 0.223903343
v -0.385900497 -0.326185763 -4.13022518
vt 0.164757073 0.18676351
f 40/40 41/41 42/42
v -0.89865464 0.530191183 -4.75825977
vt 0.576458097 0.071902521
v -0.763529837 0.553632259 -4.26350307
vt 0.535138488 0.0701878369
v -0.765196204 0.634662628 -4.23059273
vt 0.532783628 0.0639223754
f 43/43 44/44 45/45
v -0.765196204 0.634662628 -4.23059273
vt 0.532783628 0.0639223754
v -0.982099771 0.654752731 -4.75825977
vt 0.576458037 0.0602438189
v -0.89865464 0.530191183 -4.75825977
vt 0.576458097 0.071902521
f 46/46 47/47 48/48
v -0.763529837 0.553632259 -4.26350307
vt 0.535138488 0.0701878369
v -0.89865464 0.530191183 -4.75825977
vt 0.576458097 0.071902521
v -0.69210732 -0.326185822 -4.75825977
vt 0.576458454 0.146141469
f 49/49 50/50 51/51
v -0.69210732 -0.326185822 -4.75825977
vt 0.576458454 0.146141469
v -0.665575683 -0.326185793 -4.29521227
vt 0.536524832 0.14417024
v -0.763529837 0.553632259 -4.26350307
vt 0.535138488 0.0701878369
f 52/52 53/53 54/54
v 0.040300183 0.509079993 -4.23059273
vt 0.097854957 0.224401221
v 0.0662842095 0.791767716 -4.23698187
vt 0.0786068887 0.227195501
v -0.271952689 0.85354054 -4.02065468
vt 0.0712344274 0.19046849
f 55/55 56/56 57/57
v -0.271952689 0.85354054 -4.02065468
vt 0.0712344274 0.19046849
v -0.362448037 0.57187134 -4.04258156
vt 0.0967446268 0.18301338
v 0.040300183 0.509079993 -4.23059273
vt 0.097854957 0.224401221
f 58/58 59/59 60/60
v -0.765196204 0.634662628 -4.23059273
vt 0.532783628 0.0639223754
v -0.742149591 0.930048168 -4.16333532
vt 0.527265429 0.0385695398
v -0.944802642 0.935676694 -4.75826025
vt 0.576457858 0.0411013328
f 61/61 62/62 63/63
v -0.944802642 0.935676694 -4.75826025
vt 0.576457858 0.0411013328
v -0.982099771 0.654752731 -4.75825977
vt 0.576458037 0.0602438189
v -0.765196204 0.634662628 -4.23059273
vt 0.532783628 0.0639223754
f 64/64 65/65 66/66
v 0.169160351 0.488989592 -4.75825977
vt 0.099996537 0.262217373
v 0.193584144 0.771920621 -4.75826025
vt 0.0810337141 0.262189835
v 0.0662842095 0.791767716 -4.23698187
vt 0.0786068887 0.227195501
f 67/67 68/68 69/69
v 0.0662842095 0.791767716 -4.23698187
vt 0.0786068887 0.227195501
v 0.040300183 0.509079993 -4.23059273
vt 0.097854957 0.224401221
v 0.169160351 0.488989592 -4.75825977
vt 0.099996537 0.262217373
f 70/70 71/71 72/72
v -0.385900497 0.494757146 -4.08721733
vt 0.833023608 0.420345455
v -0.362448037 0.57187134 -4.04258156
vt 0.835906565 0.427557975
v -0.765196204 0.634662628 -4.23059273
vt 0.789880574 0.42766121
f 73/73 74/74 75/75
v -0.765196204 0.634662628 -4.23059273
vt 0.789880574 0.42766121
v -0.763529837 0.553632259 -4.26350307
vt 0.789868057 0.420442194
v -0.385900497 0.494757146 -4.08721733
vt 0.833023608 0.420345455
f 76/76 77/77 78/78
v -0.742149591 0.930048168 -4.16333532
vt 0.527265429 0.0385695398
v -0.74231267 1.38082075 -4.27289724
vt 0.535585344 0.000570984208
v -0.743687034 1.2848767 -4.75826025
vt 0.576457739 0.00768292695
f 79/79 80/80 81/81
v -0.743687034 1.2848767 -4.75826025
vt 0.576457739 0.00768292695
v -0.944802642 0.935676694 -4.75826025
vt 0.576457858 0.0411013328
v -0.742149591 0.930048168 -4.16333532
vt 0.527265429 0.0385695398
f 82/82 83/83 84/84
v -0.271952689 0.85354054 -4.02065468
vt 0.0712344274 0.19046849
v -0.214329123 1.29417241 -4.12658644
vt 0.0343945585 0.207341433
v -0.332968682 1.12068856 -3.92634058
vt 0.0463508926 0.183113277
f 85/85 86/86 87/87
v -0.332968682 1.12068856 -3.92634058
vt 0.0463508926 0.183113277
v -0.355384737 0.858174384 -3.8494556
vt 0.068284817 0.172629312
v -0.271952689 0.85354054 -4.02065468
vt 0.0712344274 0.19046849
f 88/88 89/89 90/90
v -0.742149591 0.930048168 -4.16333532
vt 0.790545404 0.45232591
v -0.765196204 0.634662628 -4.23059273
vt 0.789880574 0.42766121
v -0.527201533 0.878108323 -4.10032558
vt 0.815055907 0.451689094
f 91/91 92/92 93/93
v -0.765196204 0.634662628 -4.23059273
vt 0.789880574 0.42766121
v -0.362448037 0.57187134 -4.04258156
vt 0.835906565 0.427557975
v -0.527201533 0.878108323 -4.10032558
vt 0.815055907 0.451689094
f 94/94 95/95 96/96
v -0.362448037 0.57187134 -4.04258156
vt 0.835906565 0.427557975
v -0.271952689 0.85354054 -4.02065468
vt 0.843946218 0.450992912
v -0.527201533 0.878108323 -4.10032558
vt 0.815055907 0.451689094
f 97/97 98/98 99/99
v 0.0300563034 -0.523936749 -4.75825977
vt 0.18379499 0.26233092
v -0.0707703084 -0.523936808 -4.35031509
vt 0.183630452 0.223477975
v -0.0403417833 -0.778340042 -4.31092453
vt 0.20672451 0.220507756
f 100/100 101/101 102/102
v -0.0403417833 -0.778340042 -4.31092453
vt 0.20672451 0.220507756
v 0.0702204779 -1.08193493 -4.75825977
vt 0.238092646 0.262388438
v 0.0300563034 -0.523936749 -4.75825977
vt 0.18379499 0.26233092
f 103/103 104/104 105/105
v -0.0707703084 -0.523936808 -4.35031509
vt 0.183630452 0.223477975
v -0.385900497 -0.523936749 -4.20496178
vt 0.17956771 0.187576964
v -0.385900497 -0.778339982 -4.15153599
vt 0.197045937 0.183149755
f 106/106 107/107 108/108
v -0.385900497 -0.778339982 -4.15153599
vt 0.197045937 0.183149755
v -0.0403417833 -0.778340042 -4.31092453
vt 0.20672451 0.220507756
v -0.0707703084 -0.523936808 -4.35031509
vt 0.183630452 0.223477975
f 109/109 110/110 111/111
v -0.69210732 -0.326185822 -4.75825977
vt 0.576458454 0.146141469
v -0.781764209 -0.523936749 -4.75825977
vt 0.576458633 0.165700242
v -0.642862856 -0.523936808 -4.35045385
vt 0.539822042 0.160728574
f 112/112 113/113 114/114
v -0.642862856 -0.523936808 -4.35045385
vt 0.539822042 0.160728574
v -0.665575683 -0.326185793 -4.29521227
vt 0.536524832 0.14417024
v -0.69210732 -0.326185822 -4.75825977
vt 0.576458454 0.146141469
f 115/115 116/116 117/117
v -0.665575683 -0.326185793 -4.29521227
vt 0.806779504 0.349020094
v -0.642862856 -0.523936808 -4.35045385
vt 0.80906719 0.33205834
v -0.385900497 -0.523936749 -4.20496178
vt 0.83884269 0.335374385
f 118/118 119/119 120/120
v -0.385900497 -0.523936749 -4.20496178
vt 0.83884269 0.335374385
v -0.385900497 -0.326185763 -4.13022518
vt 0.839390874 0.352810174
v -0.665575683 -0.326185793 -4.29521227
vt 0.806779504 0.349020094
f 121/121 122/122 123/123
v -0.0403417833 -0.778340042 -4.31092453
vt 0.20672451 0.220507756
v -0.385900497 -0.778339982 -4.15153599
vt 0.197045937 0.183149755
v -0.385900497 -0.844735503 -4.09999704
vt 0.202509373 0.180383325
f 124/124 125/125 126/126
v -0.385900497 -0.844735503 -4.09999704
vt 0.202509373 0.180383325
v -0.0109879915 -0.844735503 -4.27292538
vt 0.213756859 0.218688309
v -0.0403417833 -0.778340042 -4.31092453
vt 0.20672451 0.220507756
f 127/127 128/128 129/129
v -0.7314592 -0.778340042 -4.31092453
vt 0.804097116 0.309338361
v -0.760812998 -0.844735503 -4.27292538
vt 0.803074777 0.302364498
v -0.385900497 -0.844735503 -4.09999704
vt 0.84524399 0.307773381
f 130/130 131/131 132/132
v -0.385900497 -0.844735503 -4.09999704
vt 0.84524399 0.307773381
v -0.385900497 -0.778339982 -4.15153599
vt 0.842964709 0.314323694
v -0.7314592 -0.778340042 -4.31092453
vt 0.804097116 0.309338361
f 133/133 134/134 135/135
v -0.781764209 -0.523936749 -4.75825977
vt 0.576458633 0.165700242
v -0.842021465 -1.08193493 -4.75825977
vt 0.576458931 0.212188542
v -0.7314592 -0.778340042 -4.31092453
vt 0.537788332 0.18491289
f 136/136 137/137 138/138
v -0.7314592 -0.778340042 -4.31092453
vt 0.537788332 0.18491289
v -0.642862856 -0.523936808 -4.35045385
vt 0.539822042 0.160728574
v -0.781764209 -0.523936749 -4.75825977
vt 0.576458633 0.165700242
f 139/139 140/140 141/141
v -0.642862856 -0.523936808 -4.35045385
vt 0.80906719 0.33205834
v -0.7314592 -0.778340042 -4.31092453
vt 0.804097116 0.309338361
v -0.385900497 -0.778339982 -4.15153599
vt 0.842964709 0.314323694
f 142/142 143/143 144/144
v -0.385900497 -0.778339982 -4.15153599
vt 0.842964709 0.314323694
v -0.385900497 -0.523936749 -4.20496178
vt 0.83884269 0.335374385
v -0.642862856 -0.523936808 -4.35045385
vt 0.80906719 0.33205834
f 145/145 146/146 147/147
v -0.880767047 -1.17411959 -4.75825977
vt 0.576458931 0.220857412
v -0.880767047 -1.27193451 -4.75825977
vt 0.576458991 0.229224175
v -0.760812998 -0.942550421 -4.27292538
vt 0.534432292 0.199860007
f 148/148 149/149 150/150
v -0.760812998 -0.942550421 -4.27292538
vt 0.534432292 0.199860007
v -0.760812998 -0.844735503 -4.27292538
vt 0.534769654 0.191430181
v -0.880767047 -1.17411959 -4.75825977
vt 0.576458931 0.220857412
f 151/151 152/152 153/153
v 0.0702204779 -1.08193493 -4.75825977
vt 0.238092646 0.262388438
v -0.0403417833 -0.778340042 -4.31092453
vt 0.20672451 0.220507756
v -0.0109879915 -0.844735503 -4.27292538
vt 0.213756859 0.218688309
f 154/154 155/155 156/156
v -0.0109879915 -0.844735503 -4.27292538
vt 0.213756859 0.218688309
v 0.108966075 -1.17411959 -4.75825977
vt 0.249596834 0.262396961
v 0.0702204779 -1.08193493 -4.75825977
vt 0.238092646 0.262388438
f 157/157 158/158 159/159
v -0.842021465 -1.08193493 -4.75825977
vt 0.576458931 0.212188542
v -0.880767047 -1.17411959 -4.75825977
vt 0.576458931 0.220857412
v -0.760812998 -0.844735503 -4.27292538
vt 0.534769654 0.191430181
f 160/160 161/161 162/162
v -0.760812998 -0.844735503 -4.27292538
vt 0.534769654 0.191430181
v -0.7314592 -0.778340042 -4.31092453
vt 0.537788332 0.18491289
v -0.842021465 -1.08193493 -4.75825977
vt 0.576458931 0.212188542
f 163/163 164/164 165/165
v -0.385900497 -0.942550361 -4.09999704
vt 0.846270859 0.299767464
v -0.760812998 -0.942550421 -4.27292538
vt 0.804101646 0.294358701
v -0.623336017 -1.55382538 -4.17856979
vt 0.826839268 0.246363491
f 166/166 167/167 168/168
v -0.623336017 -1.55382538 -4.17856979
vt 0.826839268 0.246363491
v -0.385900497 -1.59259856 -4.07614613
vt 0.853763044 0.246616691
v -0.385900497 -0.942550361 -4.09999704
vt 0.846270859 0.299767464
f 169/169 170/170 171/171
v 0.108966075 -1.27193451 -4.75825977
vt 0.260693699 0.262404352
v -0.0109879915 -0.942550421 -4.27292538
vt 0.221666485 0.216892183
v -0.148464978 -1.55382538 -4.17856979
vt 0.264220685 0.185939029
f 172/172 173/173 174/174
v -0.148464978 -1.55382538 -4.17856979
vt 0.264220685 0.185939029
v -0.0724969506 -1.57537532 -4.71085119
vt 0.294398874 0.229395479
v 0.108966075 -1.27193451 -4.75825977
vt 0.260693699 0.262404352
f 175/175 176/176 177/177
v -0.385900497 -0.844735503 -4.09999704
vt 0.84524399 0.307773381
v -0.760812998 -0.844735503 -4.27292538
vt 0.803074777 0.302364498
v -0.760812998 -0.942550421 -4.27292538
vt 0.804101646 0.294358701
f 178/178 179/179 180/180
v -0.760812998 -0.942550421 -4.27292538
vt 0.804101646 0.294358701
v -0.385900497 -0.942550361 -4.09999704
vt 0.846270859 0.299767464
v -0.385900497 -0.844735503 -4.09999704
vt 0.84524399 0.307773381
f 181/181 182/182 183/183
v -0.0109879915 -0.844735503 -4.27292538
vt 0.213756859 0.218688309
v -0.385900497 -0.844735503 -4.09999704
vt 0.202509373 0.180383325
v -0.385900497 -0.942550361 -4.09999704
vt 0.209879234 0.178330347
f 184/184 185/185 186/186
v -0.385900497 -0.942550361 -4.09999704
vt 0.209879234 0.178330347
v -0.0109879915 -0.942550421 -4.27292538
vt 0.221666485 0.216892183
v -0.0109879915 -0.844735503 -4.27292538
vt 0.213756859 0.218688309
f 187/187 188/188 189/189
v 0.108966075 -1.17411959 -4.75825977
vt 0.249596834 0.262396961
v -0.0109879915 -0.844735503 -4.27292538
vt 0.213756859 0.218688309
v -0.0109879915 -0.942550421 -4.27292538
vt 0.221666485 0.216892183
f 190/190 191/191 192/192
v -0.0109879915 -0.942550421 -4.27292538
vt 0.221666485 0.216892183
v 0.108966075 -1.27193451 -4.75825977
vt 0.260693699 0.262404352
v 0.108966075 -1.17411959 -4.75825977
vt 0.249596834 0.262396961
f 193/193 194/194 195/195
v -0.743687034 1.2848767 -4.75826025
vt 0.941126287 0.354780108
v -0.74231267 1.38082075 -4.27289724
vt 0.937297046 0.3963705
v -0.548621655 1.5055697 -4.57613182
vt 0.913333654 0.371072918
f 196/196 197/197 198/198
v -0.548621655 1.5055697 -4.57613182
vt 0.913333654 0.371072918
v -0.602014124 1.52073085 -4.75826025
vt 0.915904999 0.354780108
v -0.743687034 1.2848767 -4.75826025
vt 0.941126287 0.354780108
f 199/199 200/200 201/201
v -0.74231267 1.38082075 -4.27289724
vt 0.937297046 0.3963705
v -0.214329123 1.29417241 -4.12658644
vt 0.881448567 0.416769177
v -0.381745428 1.45818317 -4.54095173
vt 0.895508647 0.37736991
f 202/202 203/203 204/204
v -0.381745428 1.45818317 -4.54095173
vt 0.895508647 0.37736991
v -0.548621655 1.5055697 -4.57613182
vt 0.913333654 0.371072918
v -0.74231267 1.38082075 -4.27289724
vt 0.937297046 0.3963705
f 205/205 206/206 207/207
v -0.271952689 0.85354054 -4.02065468
vt 0.0712344274 0.19046849
v 0.0662842095 0.791767716 -4.23698187
vt 0.0786068887 0.227195501
v 0.0130558535 1.08385706 -4.2728858
vt 0.057823848 0.227712616
f 208/208 209/209 210/210
v 0.0130558535 1.08385706 -4.2728858
vt 0.057823848 0.227712616
v -0.214329123 1.29417241 -4.12658644
vt 0.0343945585 0.207341433
v -0.271952689 0.85354054 -4.02065468
vt 0.0712344274 0.19046849
f 211/211 212/212 213/213
v 0.0662842095 0.791767716 -4.23698187
vt 0.0786068887 0.227195501
v 0.193584144 0.771920621 -4.75826025
vt 0.0810337141 0.262189835
v 0.110686675 1.05613375 -4.75826025
vt 0.0610411689 0.26216048
f 214/214 215/215 216/216
v 0.110686675 1.05613375 -4.75826025
vt 0.0610411689 0.26216048
v 0.0130558535 1.08385706 -4.2728858
vt 0.057823848 0.227712616
v 0.0662842095 0.791767716 -4.23698187
vt 0.0786068887 0.227195501
f 217/217 218/218 219/219
v -0.602014124 1.52073085 -4.75826025
vt 0.919466019 0.833464503
v -0.548621655 1.5055697 -4.57613182
vt 0.946738124 0.835734844
v -0.51258266 1.75670111 -4.5811882
vt 0.945980966 0.798130214
f 220/220 221/221 222/222
v -0.51258266 1.75670111 -4.5811882
vt 0.945980966 0.798130214
v -0.566070199 1.78382719 -4.75826025
vt 0.919466019 0.794068336
v -0.602014124 1.52073085 -4.75826025
vt 0.919466019 0.833464503
f 223/223 224/224 225/225
v -0.548621655 1.5055697 -4.57613182
vt 0.213652715 0.688785613
v -0.381745428 1.45818317 -4.54095173
vt 0.246452823 0.693355739
v -0.345409393 1.67191887 -4.5431757
vt 0.241952777 0.72581619
f 226/226 227/227 228/228
v -0.345409393 1.67191887 -4.5431757
vt 0.241952777 0.72581619
v -0.51258266 1.75670111 -4.5811882
vt 0.207155511 0.726477742
v -0.548621655 1.5055697 -4.57613182
vt 0.213652715 0.688785613
f 229/229 230/230 231/231
v -0.214329123 1.29417241 -4.12658644
vt 0.0343945585 0.207341433
v 0.0130558535 1.08385706 -4.2728858
vt 0.057823848 0.227712616
v -0.214869186 1.41079688 -4.57613182
vt 0.0184967518 0.24610731
f 232/232 233/233 234/234
v -0.214869186 1.41079688 -4.57613182
vt 0.0184967518 0.24610731
v -0.381745428 1.45818317 -4.54095173
vt 0.000634452561 0.236652464
v -0.214329123 1.29417241 -4.12658644
vt 0.0343945585 0.207341433
f 235/235 236/236 237/237
v 0.110686675 1.05613375 -4.75826025
vt 0.0610411689 0.26216048
v -0.161476776 1.39563572 -4.75826025
vt 0.0231881291 0.262104124
v -0.214869186 1.41079688 -4.57613182
vt 0.0184967518 0.24610731
f 238/238 239/239 240/240
v -0.214869186 1.41079688 -4.57613182
vt 0.0184967518 0.24610731
v 0.0130558535 1.08385706 -4.2728858
vt 0.057823848 0.227712616
v 0.110686675 1.05613375 -4.75826025
vt 0.0610411689 0.26216048
f 241/241 242/242 243/243
v -0.47023505 1.19810426 -3.83972502
vt 0.912034214 0.437404782
v -0.214329123 1.29417241 -4.12658644
vt 0.881448567 0.416769177
v -0.74231267 1.38082075 -4.27289724
vt 0.937297046 0.3963705
f 244/244 245/245 246/246
v -0.355384737 0.858174384 -3.8494556
vt 0.068284817 0.172629312
v -0.332968682 1.12068856 -3.92634058
vt 0.0463508926 0.183113277
v -0.413623512 0.88929534 -3.68701434
vt 0.0632657707 0.157633722
f 247/247 248/248 249/249
v -0.355384737 0.858174384 -3.8494556
vt 0.068284817 0.172629312
v -0.489742786 -0.375146419 -3.50780368
vt 0.174009472 0.120574735
v -0.514157772 -0.384091705 -3.60196972
vt 0.176291406 0.129347235
f 250/250 251/251 252/252
v -0.514157772 -0.384091705 -3.60196972
vt 0.176291406 0.129347235
v -0.271952689 0.85354054 -4.02065468
vt 0.0712344274 0.19046849
v -0.355384737 0.858174384 -3.8494556
vt 0.068284817 0.172629312
f 253/253 254/254 255/255
v -0.667802393 0.95324105 -3.7081573
vt 0.935428858 0.456906348
v -0.543031096 0.928673267 -3.62848663
vt 0.921557307 0.463027686
v -0.47023505 1.19810426 -3.83972502
vt 0.912034214 0.437404782
f 256/256 257/257 258/258
v -0.47023505 1.19810426 -3.83972502
vt 0.912034214 0.437404782
v -0.699139118 1.16502857 -4.01346684
vt 0.937132001 0.4254556
v -0.667802393 0.95324105 -3.7081573
vt 0.935428858 0.456906348
f 259/259 260/260 261/261
v -0.148464978 -1.55382538 -4.17856979
vt 0.264220685 0.185939029
v -0.249627247 -2.75102353 -4.26261139
vt 0.335242182 0.110873938
v -0.206026331 -2.76339173 -4.5681076
vt 0.358175397 0.126545012
f 262/262 263/263 264/264
v -0.206026331 -2.76339173 -4.5681076
vt 0.358175397 0.126545012
v -0.0724969506 -1.57537532 -4.71085119
vt 0.294398874 0.229395479
v -0.148464978 -1.55382538 -4.17856979
vt 0.264220685 0.185939029
f 265/265 266/266 267/267
v -0.385900497 -1.57537532 -4.71085119
vt 0.3344253 0.234718293
v -0.0724969506 -1.57537532 -4.71085119
vt 0.294398874 0.229395479
v -0.206026331 -2.76339173 -4.5681076
vt 0.358175397 0.126545012
f 268/268 269/269 270/270
v -0.206026331 -2.76339173 -4.5681076
vt 0.358175397 0.126545012
v -0.385900497 -2.76339173 -4.5681076
vt 0.375616282 0.137812763
v -0.385900497 -1.57537532 -4.71085119
vt 0.3344253 0.234718293
f 271/271 272/272 273/273
v -0.880767047 -1.27193451 -4.75825977
vt 0.576458991 0.229224175
v -0.699304044 -1.57537532 -4.71085119
vt 0.5647524 0.259726197
v -0.623336017 -1.55382538 -4.17856979
vt 0.519605041 0.252182335
f 274/274 275/275 276/276
v -0.623336017 -1.55382538 -4.17856979
vt 0.519605041 0.252182335
v -0.760812998 -0.942550421 -4.27292538
vt 0.534432292 0.199860007
v -0.880767047 -1.27193451 -4.75825977
vt 0.576458991 0.229224175
f 277/277 278/278 279/279
v -0.385900497 -0.942550361 -4.09999704
vt 0.209879234 0.178330347
v -0.385900497 -1.59259856 -4.07614613
vt 0.253691077 0.161389783
v -0.148464978 -1.55382538 -4.17856979
vt 0.264220685 0.185939029
f 280/280 281/281 282/282
v -0.148464978 -1.55382538 -4.17856979
vt 0.264220685 0.185939029
v -0.0109879915 -0.942550421 -4.27292538
vt 0.221666485 0.216892183
v -0.385900497 -0.942550361 -4.09999704
vt 0.209879234 0.178330347
f 283/283 284/284 285/285
v -0.385900497 -1.57537532 -4.71085119
vt 0.3344253 0.234718293
v -0.699304044 -1.57537532 -4.71085119
vt 0.369816184 0.238498881
v 0.108966075 -1.27193451 -4.75825977
vt 0.260693699 0.262404352
f 286/286 287/287 288/288
v -0.699304044 -1.57537532 -4.71085119
vt 0.369816184 0.238498881
v -0.880767047 -1.27193451 -4.75825977
vt 0.385555089 0.262475729
v 0.108966075 -1.27193451 -4.75825977
vt 0.260693699 0.262404352
f 289/289 290/290 291/291
v -0.0724969506 -1.57537532 -4.71085119
vt 0.294398874 0.229395479
v -0.385900497 -1.57537532 -4.71085119
vt 0.3344253 0.234718293
v 0.108966075 -1.27193451 -4.75825977
vt 0.260693699 0.262404352
f 292/292 293/293 294/294
v -0.385900497 -2.77327681 -4.20382643
vt 0.324464589 0.100329116
v -0.421695799 -3.04340601 -4.1342454
vt 0.331784397 0.0807009637
v -0.235033646 -3.01292419 -4.2147665
vt 0.345516801 0.0932259634
f 295/295 296/296 297/297
v -0.235033646 -3.01292419 -4.2147665
vt 0.345516801 0.0932259634
v -0.249627247 -2.75102353 -4.26261139
vt 0.335242182 0.110873938
v -0.385900497 -2.77327681 -4.20382643
vt 0.324464589 0.100329116
f 298/298 299/299 300/300
v -0.565774679 -2.76339173 -4.5681076
vt 0.392588258 0.146633178
v -0.385900497 -2.76339173 -4.5681076
vt 0.375616282 0.137812763
v -0.421695799 -3.0298655 -4.63322449
vt 0.390768409 0.120717958
f 301/301 302/302 303/303
v -0.421695799 -3.0298655 -4.63322449
vt 0.390768409 0.120717958
v -0.668080926 -3.0298655 -4.63322449
vt 0.41195187 0.132754415
v -0.565774679 -2.76339173 -4.5681076
vt 0.392588258 0.146633178
f 304/304 305/305 306/306
v -0.385900497 -1.59259856 -4.07614613
vt 0.853763044 0.246616691
v -0.623336017 -1.55382538 -4.17856979
vt 0.826839268 0.246363491
v -0.522173762 -2.75102353 -4.26261139
vt 0.847498536 0.148908764
f 307/307 308/308 309/309
v -0.522173762 -2.75102353 -4.26261139
vt 0.847498536 0.148908764
v -0.385900497 -2.77327681 -4.20382643
vt 0.8629511 0.149054199
v -0.385900497 -1.59259856 -4.07614613
vt 0.853763044 0.246616691
f 310/310 311/311 312/312
v -0.623336017 -1.55382538 -4.17856979
vt 0.519605041 0.252182335
v -0.699304044 -1.57537532 -4.71085119
vt 0.5647524 0.259726197
v -0.565774679 -2.76339173 -4.5681076
vt 0.537639856 0.35821721
f 313/313 314/314 315/315
v -0.565774679 -2.76339173 -4.5681076
vt 0.537639856 0.35821721
v -0.522173762 -2.75102353 -4.26261139
vt 0.511728048 0.353887498
v -0.623336017 -1.55382538 -4.17856979
vt 0.519605041 0.252182335
f 316/316 317/317 318/318
v -0.385900497 -1.57537532 -4.71085119
vt 0.3344253 0.234718293
v -0.385900497 -2.76339173 -4.5681076
vt 0.375616282 0.137812763
v -0.565774679 -2.76339173 -4.5681076
vt 0.392588258 0.146633178
f 319/319 320/320 321/321
v -0.565774679 -2.76339173 -4.5681076
vt 0.392588258 0.146633178
v -0.699304044 -1.57537532 -4.71085119
vt 0.369816184 0.238498881
v -0.385900497 -1.57537532 -4.71085119
vt 0.3344253 0.234718293
f 322/322 323/323 324/324
v -0.385900497 -1.59259856 -4.07614613
vt 0.253691077 0.161389783
v -0.385900497 -2.77327681 -4.20382643
vt 0.324464589 0.100329116
v -0.249627247 -2.75102353 -4.26261139
vt 0.335242182 0.110873938
f 325/325 326/326 327/327
v -0.249627247 -2.75102353 -4.26261139
vt 0.335242182 0.110873938
v -0.148464978 -1.55382538 -4.17856979
vt 0.264220685 0.185939029
v -0.385900497 -1.59259856 -4.07614613
vt 0.253691077 0.161389783
f 328/328 329/329 330/330
v -0.608357966 -3.01292419 -4.2147665
vt 0.842853308 0.125546068
v -0.498879105 -4.55162764 -4.27360106
vt 0.868597269 0.000570505857
v -0.385900497 -4.46471882 -4.22486496
vt 0.880307257 0.00929546356
f 331/331 332/332 333/333
v -0.385900497 -4.46471882 -4.22486496
vt 0.880307257 0.00929546356
v -0.421695799 -3.04340601 -4.1342454
vt 0.864019632 0.125745207
v -0.608357966 -3.01292419 -4.2147665
vt 0.842853308 0.125546068
f 334/334 335/335 336/336
v -0.175310686 -3.0298655 -4.63322449
vt 0.371177047 0.108066909
v -0.235033646 -3.01292419 -4.2147665
vt 0.345516801 0.0932259634
v -0.27292189 -4.44626999 -4.27360106
vt 0.408662587 0.0086290678
f 337/337 338/338 339/339
v -0.27292189 -4.44626999 -4.27360106
vt 0.408662587 0.0086290678
v -0.236774147 -4.4565239 -4.52687597
vt 0.4257662 0.019815959
v -0.175310686 -3.0298655 -4.63322449
vt 0.371177047 0.108066909
f 340/340 341/341 342/342
v -0.385900497 -2.76339173 -4.5681076
vt 0.375616282 0.137812763
v -0.206026331 -2.76339173 -4.5681076
vt 0.358175397 0.126545012
v -0.175310686 -3.0298655 -4.63322449
vt 0.371177047 0.108066909
f 343/343 344/344 345/345
v -0.175310686 -3.0298655 -4.63322449
vt 0.371177047 0.108066909
v -0.421695799 -3.0298655 -4.63322449
vt 0.390768409 0.120717958
v -0.385900497 -2.76339173 -4.5681076
vt 0.375616282 0.137812763
f 346/346 347/347 348/348
v -0.206026331 -2.76339173 -4.5681076
vt 0.358175397 0.126545012
v -0.249627247 -2.75102353 -4.26261139
vt 0.335242182 0.110873938
v -0.235033646 -3.01292419 -4.2147665
vt 0.345516801 0.0932259634
f 349/349 350/350 351/351
v -0.235033646 -3.01292419 -4.2147665
vt 0.345516801 0.0932259634
v -0.175310686 -3.0298655 -4.63322449
vt 0.371177047 0.108066909
v -0.206026331 -2.76339173 -4.5681076
vt 0.358175397 0.126545012
f 352/352 353/353 354/354
v -0.522173762 -2.75102353 -4.26261139
vt 0.847498536 0.148908764
v -0.608357966 -3.01292419 -4.2147665
vt 0.842853308 0.125546068
v -0.421695799 -3.04340601 -4.1342454
vt 0.864019632 0.125745207
f 355/355 356/356 357/357
v -0.421695799 -3.04340601 -4.1342454
vt 0.864019632 0.125745207
v -0.385900497 -2.77327681 -4.20382643
vt 0.8629511 0.149054199
v -0.522173762 -2.75102353 -4.26261139
vt 0.847498536 0.148908764
f 358/358 359/359 360/360
v -0.565774679 -2.76339173 -4.5681076
vt 0.537639856 0.35821721
v -0.668080926 -3.0298655 -4.63322449
vt 0.541845918 0.383609861
v -0.608357966 -3.01292419 -4.2147665
vt 0.506352961 0.37767908
f 361/361 362/362 363/363
v -0.608357966 -3.01292419 -4.2147665
vt 0.506352961 0.37767908
v -0.522173762 -2.75102353 -4.26261139
vt 0.511728048 0.353887498
v -0.565774679 -2.76339173 -4.5681076
vt 0.537639856 0.35821721
f 364/364 365/365 366/366
v -0.535026848 -4.56188202 -4.52687597
vt 0.836522818 0.786398053
v -0.535026848 -4.66382122 -4.52602053
vt 0.821265638 0.785908461
v -0.498879105 -4.65356731 -4.27274561
vt 0.821265578 0.823865175
f 367/367 368/368 369/369
v -0.498879105 -4.65356731 -4.27274561
vt 0.821265578 0.823865175
v -0.498879105 -4.55162764 -4.27360106
vt 0.836522818 0.824354649
v -0.535026848 -4.56188202 -4.52687597
vt 0.836522818 0.786398053
f 370/370 371/371 372/372
v -0.498879105 -4.55162764 -4.27360106
vt 0.968568683 0.190161392
v -0.498879105 -4.65356731 -4.27274561
vt 0.98371315 0.192071751
v -0.385900497 -4.67201614 -4.22400951
vt 0.98371315 0.214145467
f 373/373 374/374 375/375
v -0.385900497 -4.67201614 -4.22400951
vt 0.98371315 0.214145467
v -0.385900497 -4.46471882 -4.22486496
vt 0.952916324 0.210260704
v -0.498879105 -4.55162764 -4.27360106
vt 0.968568683 0.190161392
f 376/376 377/377 378/378
v -0.668080926 -3.0298655 -4.63322449
vt 0.541845918 0.383609861
v -0.535026848 -4.56188202 -4.52687597
vt 0.514115453 0.51120621
v -0.498879105 -4.55162764 -4.27360106
vt 0.492633164 0.50761658
f 379/379 380/380 381/381
v -0.498879105 -4.55162764 -4.27360106
vt 0.492633164 0.50761658
v -0.608357966 -3.01292419 -4.2147665
vt 0.506352961 0.37767908
v -0.668080926 -3.0298655 -4.63322449
vt 0.541845918 0.383609861
f 382/382 383/383 384/384
v -0.421695799 -3.0298655 -4.63322449
vt 0.390768409 0.120717958
v -0.385900497 -4.56188202 -4.52687597
vt 0.442073762 0.0197391156
v -0.535026848 -4.56188202 -4.52687597
vt 0.454630971 0.0265122075
f 385/385 386/386 387/387
v -0.535026848 -4.56188202 -4.52687597
vt 0.454630971 0.0265122075
v -0.668080926 -3.0298655 -4.63322449
vt 0.41195187 0.132754415
v -0.421695799 -3.0298655 -4.63322449
vt 0.390768409 0.120717958
f 388/388 389/389 390/390
v -0.421695799 -3.04340601 -4.1342454
vt 0.331784397 0.0807009637
v -0.385900497 -4.46471882 -4.22486496
vt 0.400460213 0.000570503355
v -0.27292189 -4.44626999 -4.27360106
vt 0.408662587 0.0086290678
f 391/391 392/392 393/393
v -0.27292189 -4.44626999 -4.27360106
vt 0.408662587 0.0086290678
v -0.235033646 -3.01292419 -4.2147665
vt 0.345516801 0.0932259634
v -0.421695799 -3.04340601 -4.1342454
vt 0.331784397 0.0807009637
f 394/394 395/395 396/396
v -0.421695799 -3.0298655 -4.63322449
vt 0.390768409 0.120717958
v -0.175310686 -3.0298655 -4.63322449
vt 0.371177047 0.108066909
v -0.236774147 -4.4565239 -4.52687597
vt 0.4257662 0.019815959
f 397/397 398/398 399/399
v -0.236774147 -4.4565239 -4.52687597
vt 0.4257662 0.019815959
v -0.385900497 -4.56188202 -4.52687597
vt 0.442073762 0.0197391156
v -0.421695799 -3.0298655 -4.63322449
vt 0.390768409 0.120717958
f 400/400 401/401 402/402
v -0.527201533 0.878108323 -4.10032558
vt 0.815055907 0.451689094
v -0.271952689 0.85354054 -4.02065468
vt 0.843946218 0.450992912
v -0.514157772 -0.384091705 -3.60196972
vt 0.84297514 0.563468575
f 403/403 404/404 405/405
v -0.514157772 -0.384091705 -3.60196972
vt 0.84297514 0.563468575
v -0.583984375 -0.388188332 -3.64579153
vt 0.834899068 0.564862013
v -0.527201533 0.878108323 -4.10032558
vt 0.815055907 0.451689094
f 406/406 407/407 408/408
v -0.737850547 0.948607266 -3.87935638
vt 0.503972948 0.0377046019
v -0.742149591 0.930048168 -4.16333532
vt 0.527265429 0.0385695398
v -0.658319116 -0.385036498 -3.6135993
vt 0.481046915 0.147595987
f 409/409 410/410 411/411
v -0.658319116 -0.385036498 -3.6135993
vt 0.481046915 0.147595987
v -0.69361788 -0.376482606 -3.52425003
vt 0.472564399 0.146783993
v -0.737850547 0.948607266 -3.87935638
vt 0.503972948 0.0377046019
f 412/412 413/413 414/414
v -0.527201533 0.878108323 -4.10032558
vt 0.815055907 0.451689094
v -0.583984375 -0.388188332 -3.64579153
vt 0.834899068 0.564862013
v -0.658319116 -0.385036498 -3.6135993
vt 0.8268556 0.566928148
f 415/415 416/416 417/417
v -0.658319116 -0.385036498 -3.6135993
vt 0.8268556 0.566928148
v -0.742149591 0.930048168 -4.16333532
vt 0.790545404 0.45232591
v -0.527201533 0.878108323 -4.10032558
vt 0.815055907 0.451689094
f 418/418 419/419 420/420
v -0.525041401 -0.366592616 -3.41845465
vt 0.171108544 0.11184413
v -0.502668321 -0.496352017 -3.32885432
vt 0.181887954 0.10250815
v -0.442305446 -0.545899034 -3.44337773
vt 0.18918556 0.112774819
f 421/421 422/422 423/423
v -0.442305446 -0.545899034 -3.44337773
vt 0.18918556 0.112774819
v -0.489742786 -0.375146419 -3.50780368
vt 0.174009472 0.120574735
v -0.525041401 -0.366592616 -3.41845465
vt 0.171108544 0.11184413
f 424/424 425/425 426/426
v -0.599376261 -0.363440722 -3.38626218
vt 0.938538074 0.571792722
v -0.612698853 -0.479454994 -3.29447198
vt 0.940443814 0.583723903
v -0.502668321 -0.496352017 -3.32885432
vt 0.929097474 0.585011959
f 427/427 428/428 429/429
v -0.502668321 -0.496352017 -3.32885432
vt 0.929097474 0.585011959
v -0.525041401 -0.366592616 -3.41845465
vt 0.929830074 0.571858525
v -0.599376261 -0.363440722 -3.38626218
vt 0.938538074 0.571792722
f 430/430 431/431 432/432
v -0.583984375 -0.388188332 -3.64579153
vt 0.834899068 0.564862013
v -0.562213898 -0.624722838 -3.63685465
vt 0.84074229 0.583235621
v -0.67224437 -0.607825756 -3.60247254
vt 0.829360485 0.584481835
f 433/433 434/434 435/435
v -0.67224437 -0.607825756 -3.60247254
vt 0.829360485 0.584481835
v -0.658319116 -0.385036498 -3.6135993
vt 0.8268556 0.566928148
v -0.583984375 -0.388188332 -3.64579153
vt 0.834899068 0.564862013
f 436/436 437/437 438/438
v -0.69361788 -0.376482606 -3.52425003
vt 0.472564399 0.146783993
v -0.732607365 -0.558278739 -3.48794889
vt 0.468917787 0.161638722
v -0.707942784 -0.505105913 -3.36037111
vt 0.458784699 0.157324985
f 439/439 440/440 441/441
v -0.707942784 -0.505105913 -3.36037111
vt 0.458784699 0.157324985
v -0.669202924 -0.36753729 -3.43008399
vt 0.464325786 0.145424947
v -0.69361788 -0.376482606 -3.52425003
vt 0.472564399 0.146783993
f 442/442 443/443 444/444
v -0.413623512 0.88929534 -3.68701434
vt 0.907094121 0.465261966
v -0.543031096 0.928673267 -3.62848663
vt 0.921557307 0.463027686
v -0.599376261 -0.363440722 -3.38626218
vt 0.938538074 0.571792722
f 445/445 446/446 447/447
v -0.599376261 -0.363440722 -3.38626218
vt 0.938538074 0.571792722
v -0.525041401 -0.366592616 -3.41845465
vt 0.929830074 0.571858525
v -0.413623512 0.88929534 -3.68701434
vt 0.907094121 0.465261966
f 448/448 449/449 450/450
v -0.543031096 0.928673267 -3.62848663
vt 0.921557307 0.463027686
v -0.667802393 0.95324105 -3.7081573
vt 0.935428858 0.456906348
v -0.669202924 -0.36753729 -3.43008399
vt 0.947254121 0.569961786
f 451/451 452/452 453/453
v -0.669202924 -0.36753729 -3.43008399
vt 0.947254121 0.569961786
v -0.599376261 -0.363440722 -3.38626218
vt 0.938538074 0.571792722
v -0.543031096 0.928673267 -3.62848663
vt 0.921557307 0.463027686
f 454/454 455/455 456/456
v -0.413623512 0.88929534 -3.68701434
vt 0.0632657707 0.157633722
v -0.525041401 -0.366592616 -3.41845465
vt 0.171108544 0.11184413
v -0.489742786 -0.375146419 -3.50780368
vt 0.174009472 0.120574735
f 457/457 458/458 459/459
v -0.489742786 -0.375146419 -3.50780368
vt 0.174009472 0.120574735
v -0.355384737 0.858174384 -3.8494556
vt 0.068284817 0.172629312
v -0.413623512 0.88929534 -3.68701434
vt 0.0632657707 0.157633722
f 460/460 461/461 462/462
v -0.667802393 0.95324105 -3.7081573
vt 0.488583684 0.0361367464
v -0.737850547 0.948607266 -3.87935638
vt 0.503972948 0.0377046019
v -0.69361788 -0.376482606 -3.52425003
vt 0.472564399 0.146783993
f 463/463 464/464 465/465
v -0.69361788 -0.376482606 -3.52425003
vt 0.472564399 0.146783993
v -0.669202924 -0.36753729 -3.43008399
vt 0.464325786 0.145424947
v -0.667802393 0.95324105 -3.7081573
vt 0.488583684 0.0361367464
f 466/466 467/467 468/468
v -0.562213898 -0.624722838 -3.63685465
vt 0.84074229 0.583235621
v -0.43190828 -2.0042336 -3.47830749
vt 0.875087261 0.686983705
v -0.478817403 -2.00929546 -3.45379734
vt 0.870183349 0.688640833
f 469/469 470/470 471/471
v -0.478817403 -2.00929546 -3.45379734
vt 0.870183349 0.688640833
v -0.67224437 -0.607825756 -3.60247254
vt 0.829360485 0.584481835
v -0.562213898 -0.624722838 -3.63685465
vt 0.84074229 0.583235621
f 472/472 473/473 474/474
v -0.732607365 -0.558278739 -3.48794889
vt 0.468917787 0.161638722
v -0.497210473 -2.02208543 -3.39464116
vt 0.461038172 0.277879149
v -0.476313174 -2.03511095 -3.33549261
vt 0.455771923 0.279315412
f 475/475 476/476 477/477
v -0.476313174 -2.03511095 -3.33549261
vt 0.455771923 0.279315412
v -0.707942784 -0.505105913 -3.36037111
vt 0.458784699 0.157324985
v -0.732607365 -0.558278739 -3.48794889
vt 0.468917787 0.161638722
f 478/478 479/479 480/480
v -0.466970146 -0.599071801 -3.57095551
vt 0.851259649 0.579408884
v -0.383961946 -2.00986457 -3.45381451
vt 0.880307257 0.686566472
v -0.43190828 -2.0042336 -3.47830749
vt 0.875087261 0.686983705
f 481/481 482/482 483/483
v -0.43190828 -2.0042336 -3.47830749
vt 0.875087261 0.686983705
v -0.562213898 -0.624722838 -3.63685465
vt 0.84074229 0.583235621
v -0.466970146 -0.599071801 -3.57095551
vt 0.851259649 0.579408884
f 484/484 485/485 486/486
v -0.67224437 -0.607825756 -3.60247254
vt 0.479466259 0.165949747
v -0.478817403 -2.00929546 -3.45379734
vt 0.466107249 0.277342319
v -0.497210473 -2.02208543 -3.39464116
vt 0.461038172 0.277879149
f 487/487 488/488 489/489
v -0.497210473 -2.02208543 -3.39464116
vt 0.461038172 0.277879149
v -0.732607365 -0.558278739 -3.48794889
vt 0.468917787 0.161638722
v -0.67224437 -0.607825756 -3.60247254
vt 0.479466259 0.165949747
f 490/490 491/491 492/492
v -0.669202924 -0.36753729 -3.43008399
vt 0.947254121 0.569961786
v -0.707942784 -0.505105913 -3.36037111
vt 0.951775372 0.583278775
v -0.612698853 -0.479454994 -3.29447198
vt 0.940443814 0.583723903
f 493/493 494/494 495/495
v -0.612698853 -0.479454994 -3.29447198
vt 0.940443814 0.583723903
v -0.599376261 -0.363440722 -3.38626218
vt 0.938538074 0.571792722
v -0.669202924 -0.36753729 -3.43008399
vt 0.947254121 0.569961786
f 496/496 497/497 498/498
v -0.489742786 -0.375146419 -3.50780368
vt 0.174009472 0.120574735
v -0.442305446 -0.545899034 -3.44337773
vt 0.18918556 0.112774819
v -0.466970146 -0.599071801 -3.57095551
vt 0.194904894 0.123099647
f 499/499 500/500 501/501
v -0.466970146 -0.599071801 -3.57095551
vt 0.194904894 0.123099647
v -0.514157772 -0.384091705 -3.60196972
vt 0.176291406 0.129347235
v -0.489742786 -0.375146419 -3.50780368
vt 0.174009472 0.120574735
f 502/502 503/503 504/504
v -0.658319116 -0.385036498 -3.6135993
vt 0.481046915 0.147595987
v -0.67224437 -0.607825756 -3.60247254
vt 0.479466259 0.165949747
v -0.732607365 -0.558278739 -3.48794889
vt 0.468917787 0.161638722
f 505/505 506/506 507/507
v -0.732607365 -0.558278739 -3.48794889
vt 0.468917787 0.161638722
v -0.69361788 -0.376482606 -3.52425003
vt 0.472564399 0.146783993
v -0.658319116 -0.385036498 -3.6135993
vt 0.481046915 0.147595987
f 508/508 509/509 510/510
v -0.514157772 -0.384091705 -3.60196972
vt 0.84297514 0.563468575
v -0.466970146 -0.599071801 -3.57095551
vt 0.851259649 0.579408884
v -0.562213898 -0.624722838 -3.63685465
vt 0.84074229 0.583235621
f 511/511 512/512 513/513
v -0.562213898 -0.624722838 -3.63685465
vt 0.84074229 0.583235621
v -0.583984375 -0.388188332 -3.64579153
vt 0.834899068 0.564862013
v -0.514157772 -0.384091705 -3.60196972
vt 0.84297514 0.563468575
f 514/514 515/515 516/516
v -0.502668321 -0.496352017 -3.32885432
vt 0.929097474 0.585011959
v -0.612698853 -0.479454994 -3.29447198
vt 0.940443814 0.583723903
v -0.428366721 -2.04074287 -3.31099939
vt 0.936629713 0.70879066
f 517/517 518/518 519/519
v -0.428366721 -2.04074287 -3.31099939
vt 0.936629713 0.70879066
v -0.381457627 -2.03568053 -3.33550978
vt 0.931369781 0.708985686
v -0.502668321 -0.496352017 -3.32885432
vt 0.929097474 0.585011959
f 520/520 521/521 522/522
v -0.442305446 -0.545899034 -3.44337773
vt 0.18918556 0.112774819
v -0.502668321 -0.496352017 -3.32885432
vt 0.181887954 0.10250815
v -0.381457627 -2.03568053 -3.33550978
vt 0.310818642 0.0794804022
f 523/523 524/524 525/525
v -0.381457627 -2.03568053 -3.33550978
vt 0.310818642 0.0794804022
v -0.363064557 -2.02289033 -3.39466596
vt 0.310943246 0.0851733834
v -0.442305446 -0.545899034 -3.44337773
vt 0.18918556 0.112774819
f 526/526 527/527 528/528
v -0.612698853 -0.479454994 -3.29447198
vt 0.940443814 0.583723903
v -0.707942784 -0.505105913 -3.36037111
vt 0.951775372 0.583278775
v -0.476313174 -2.03511095 -3.33549261
vt 0.942316353 0.707686782
f 529/529 530/530 531/531
v -0.476313174 -2.03511095 -3.33549261
vt 0.942316353 0.707686782
v -0.428366721 -2.04074287 -3.31099939
vt 0.936629713 0.70879066
v -0.612698853 -0.479454994 -3.29447198
vt 0.940443814 0.583723903
f 532/532 533/533 534/534
v -0.466970146 -0.599071801 -3.57095551
vt 0.194904894 0.123099647
v -0.442305446 -0.545899034 -3.44337773
vt 0.18918556 0.112774819
v -0.363064557 -2.02289033 -3.39466596
vt 0.310943246 0.0851733834
f 535/535 536/536 537/537
v -0.363064557 -2.02289033 -3.39466596
vt 0.310943246 0.0851733834
v -0.383961946 -2.00986457 -3.45381451
vt 0.310761839 0.090789713
v -0.466970146 -0.599071801 -3.57095551
vt 0.194904894 0.123099647
f 538/538 539/539 540/540
v -0.413623512 0.88929534 -3.68701434
vt 0.907094121 0.465261966
v -0.332968682 1.12068856 -3.92634058
vt 0.895040452 0.438892514
v -0.47023505 1.19810426 -3.83972502
vt 0.912034214 0.437404782
f 541/541 542/542 543/543
v -0.47023505 1.19810426 -3.83972502
vt 0.912034214 0.437404782
v -0.543031096 0.928673267 -3.62848663
vt 0.921557307 0.463027686
v -0.413623512 0.88929534 -3.68701434
vt 0.907094121 0.465261966
f 544/544 545/545 546/546
v -0.699139118 1.16502857 -4.01346684
vt 0.513629198 0.0190245584
v -0.74231267 1.38082075 -4.27289724
vt 0.535585344 0.000570984208
v -0.742149591 0.930048168 -4.16333532
vt 0.527265429 0.0385695398
f 547/547 548/548 549/549
v -0.742149591 0.930048168 -4.16333532
vt 0.527265429 0.0385695398
v -0.737850547 0.948607266 -3.87935638
vt 0.503972948 0.0377046019
v -0.699139118 1.16502857 -4.01346684
vt 0.513629198 0.0190245584
f 550/550 551/551 552/552
v -0.737850547 0.948607266 -3.87935638
vt 0.503972948 0.0377046019
v -0.667802393 0.95324105 -3.7081573
vt 0.488583684 0.0361367464
v -0.699139118 1.16502857 -4.01346684
vt 0.513629198 0.0190245584
f 553/553 554/554 555/555
v -0.74231267 1.38082075 -4.27289724
vt 0.937297046 0.3963705
v -0.699139118 1.16502857 -4.01346684
vt 0.937132001 0.4254556
v -0.47023505 1.19810426 -3.83972502
vt 0.912034214 0.437404782
f 556/556 557/557 558/558
v -0.214329123 1.29417241 -4.12658644
vt 0.881448567 0.416769177
v -0.47023505 1.19810426 -3.83972502
vt 0.912034214 0.437404782
v -0.332968682 1.12068856 -3.92634058
vt 0.895040452 0.438892514
f 559/559 560/560 561/561
v -0.178236037 1.58713686 -4.5811882
vt 0.276750028 0.725154638
v 0.0350653902 1.78624594 -4.51449633
vt 0.30518198 0.767464459
v -0.249986455 1.91940475 -4.45349169
vt 0.246440873 0.76699084
f 562/562 563/563 564/564
v -0.249986455 1.91940475 -4.45349169
vt 0.246440873 0.76699084
v -0.345409393 1.67191887 -4.5431757
vt 0.241952777 0.72581619
v -0.178236037 1.58713686 -4.5811882
vt 0.276750028 0.725154638
f 565/565 566/566 567/567
v -0.381745428 1.45818317 -4.54095173
vt 0.246452823 0.693355739
v -0.214869186 1.41079688 -4.57613182
vt 0.279252946 0.697925985
v -0.178236037 1.58713686 -4.5811882
vt 0.276750028 0.725154638
f 568/568 569/569 570/570
v -0.178236037 1.58713686 -4.5811882
vt 0.276750028 0.725154638
v -0.345409393 1.67191887 -4.5431757
vt 0.241952777 0.72581619
v -0.381745428 1.45818317 -4.54095173
vt 0.246452823 0.693355739
f 571/571 572/572 573/573
v -0.161476776 1.39563572 -4.75826025
vt 0.533822358 0.928661585
v -0.124748528 1.56001079 -4.75826025
vt 0.558435977 0.928661585
v -0.178236037 1.58713686 -4.5811882
vt 0.562497854 0.955176592
f 574/574 575/575 576/576
v -0.178236037 1.58713686 -4.5811882
vt 0.562497854 0.955176592
v -0.214869186 1.41079688 -4.57613182
vt 0.536092639 0.95593369
v -0.161476776 1.39563572 -4.75826025
vt 0.533822358 0.928661585
f 577/577 578/578 579/579
v -0.490017116 2.05657506 -4.51884937
vt 0.95531559 0.753226817
v -0.598187983 2.11143303 -4.75826025
vt 0.919466019 0.745012403
v -0.566070199 1.78382719 -4.75826025
vt 0.919466019 0.794068336
f 580/580 581/581 582/582
v -0.566070199 1.78382719 -4.75826025
vt 0.919466019 0.794068336
v -0.51258266 1.75670111 -4.5811882
vt 0.945980966 0.798130214
v -0.490017116 2.05657506 -4.51884937
vt 0.95531559 0.753226817
f 583/583 584/584 585/585
v -0.249986455 1.91940475 -4.45349169
vt 0.246440873 0.76699084
v -0.490017116 2.05657506 -4.51884937
vt 0.195676133 0.770108879
v -0.51258266 1.75670111 -4.5811882
vt 0.207155511 0.726477742
f 586/586 587/587 588/588
v -0.51258266 1.75670111 -4.5811882
vt 0.207155511 0.726477742
v -0.345409393 1.67191887 -4.5431757
vt 0.241952777 0.72581619
v -0.249986455 1.91940475 -4.45349169
vt 0.246440873 0.76699084
f 589/589 590/590 591/591
v -0.490017116 2.05657506 -4.51884937
vt 0.95531559 0.753226817
v -0.338297665 2.29597712 -4.50436926
vt 0.957483888 0.717378557
v -0.43379423 2.34440756 -4.75826025
vt 0.919466019 0.710126579
f 592/592 593/593 594/594
v -0.43379423 2.34440756 -4.75826025
vt 0.919466019 0.710126579
v -0.598187983 2.11143303 -4.75826025
vt 0.919466019 0.745012403
v -0.490017116 2.05657506 -4.51884937
vt 0.95531559 0.753226817
f 595/595 596/596 597/597
v -0.249986455 1.91940475 -4.45349169
vt 0.246440873 0.76699084
v -0.135470614 2.14460683 -4.43650103
vt 0.255557954 0.80632019
v -0.338297665 2.29597712 -4.50436926
vt 0.210818976 0.813935041
f 598/598 599/599 600/600
v -0.338297665 2.29597712 -4.50436926
vt 0.210818976 0.813935041
v -0.490017116 2.05657506 -4.51884937
vt 0.195676133 0.770108879
v -0.249986455 1.91940475 -4.45349169
vt 0.246440873 0.76699084
f 601/601 602/602 603/603
v -0.338297665 2.29597712 -4.50436926
vt 0.7167992 0.722242892
v -0.200036898 2.41761088 -4.55170822
vt 0.74360013 0.729331493
v -0.253078133 2.44451022 -4.75826025
vt 0.733318448 0.760260701
f 604/604 605/605 606/606
v -0.253078133 2.44451022 -4.75826025
vt 0.733318448 0.760260701
v -0.43379423 2.34440756 -4.75826025
vt 0.698287725 0.760260701
v -0.338297665 2.29597712 -4.50436926
vt 0.7167992 0.722242892
f 607/607 608/608 609/609
v -0.135470614 2.14460683 -4.43650103
vt 0.255557954 0.80632019
v -0.034258604 2.33353567 -4.51401281
vt 0.264141262 0.839660823
v -0.200036898 2.41761088 -4.55170822
vt 0.229634389 0.840316832
f 610/610 611/611 612/612
v -0.200036898 2.41761088 -4.55170822
vt 0.229634389 0.840316832
v -0.338297665 2.29597712 -4.50436926
vt 0.210818976 0.813935041
v -0.135470614 2.14460683 -4.43650103
vt 0.255557954 0.80632019
f 613/613 614/614 615/615
v 0.0350653902 1.78624594 -4.51449633
vt 0.30518198 0.767464459
v 0.133537814 2.01091409 -4.50436926
vt 0.311410218 0.805639744
v -0.135470614 2.14460683 -4.43650103
vt 0.255557954 0.80632019
f 616/616 617/617 618/618
v -0.135470614 2.14460683 -4.43650103
vt 0.255557954 0.80632019
v -0.249986455 1.91940475 -4.45349169
vt 0.246440873 0.76699084
v 0.0350653902 1.78624594 -4.51449633
vt 0.30518198 0.767464459
f 619/619 620/620 621/621
v 0.0350653902 1.78624594 -4.51449633
vt 0.598780751 0.519767225
v 0.13734363 1.69603252 -4.75826025
vt 0.633696675 0.536963701
v 0.229034245 1.96248341 -4.75826025
vt 0.604741096 0.564413249
f 622/622 623/623 624/624
v 0.229034245 1.96248341 -4.75826025
vt 0.604741096 0.564413249
v 0.133537814 2.01091409 -4.50436926
vt 0.573322535 0.541811764
v 0.0350653902 1.78624594 -4.51449633
vt 0.598780751 0.519767225
f 625/625 626/626 627/627
v -0.0342586711 2.43415284 -4.75826025
vt 0.77573514 0.760260701
v -0.253078133 2.44451022 -4.75826025
vt 0.733318448 0.760260701
v -0.200036898 2.41761088 -4.55170822
vt 0.74360013 0.729331493
f 628/628 629/629 630/630
v -0.200036898 2.41761088 -4.55170822
vt 0.74360013 0.729331493
v -0.034258604 2.33353567 -4.51401281
vt 0.775735199 0.723686934
v -0.0342586711 2.43415284 -4.75826025
vt 0.77573514 0.760260701
f 631/631 632/632 633/633
v -0.0342586711 2.43415284 -4.75826025
vt 0.77573514 0.760260701
v -0.034258604 2.33353567 -4.51401281
vt 0.775735199 0.723686934
v 0.13151978 2.24946094 -4.55170822
vt 0.807870209 0.729331493
f 634/634 635/635 636/636
v 0.13151978 2.24946094 -4.55170822
vt 0.807870209 0.729331493
v 0.184560895 2.22256112 -4.75826025
vt 0.818151891 0.760260701
v -0.0342586711 2.43415284 -4.75826025
vt 0.77573514 0.760260701
f 637/637 638/638 639/639
v -0.034258604 2.33353567 -4.51401281
vt 0.775735199 0.723686934
v -0.135470614 2.14460683 -4.43650103
vt 0.756115854 0.7120803
v 0.0768928081 2.28716207 -4.28759384
vt 0.797281146 0.689782739
f 640/640 641/641 642/642
v 0.0768928081 2.28716207 -4.28759384
vt 0.797281146 0.689782739
v 0.12156599 2.37055182 -4.32180595
vt 0.805940747 0.694905758
v -0.034258604 2.33353567 -4.51401281
vt 0.775735199 0.723686934
f 643/643 644/644 645/645
v 0.133537814 2.01091409 -4.50436926
vt 0.573322535 0.541811764
v 0.229034245 1.96248341 -4.75826025
vt 0.604741096 0.564413249
v 0.184560895 2.22256112 -4.75826025
vt 0.576478243 0.591206193
f 646/646 647/647 648/648
v 0.184560895 2.22256112 -4.75826025
vt 0.576478243 0.591206193
v 0.13151978 2.24946094 -4.55170822
vt 0.552276134 0.571531117
v 0.133537814 2.01091409 -4.50436926
vt 0.573322535 0.541811764
f 649/649 650/650 651/651
v -0.124748528 1.56001079 -4.75826025
vt 0.129605919 0.878267169
v 0.13734363 1.69603252 -4.75826025
vt 0.0788010359 0.878267169
v 0.0350653902 1.78624594 -4.51449633
vt 0.0986269712 0.914768636
f 652/652 653/653 654/654
v 0.0350653902 1.78624594 -4.51449633
vt 0.0986269712 0.914768636
v -0.178236037 1.58713686 -4.5811882
vt 0.139974087 0.904782116
v -0.124748528 1.56001079 -4.75826025
vt 0.129605919 0.878267169
f 655/655 656/656 657/657
v -0.385900497 -4.66382122 -4.52602053
vt 0.0232530832 0.715583563
v -0.236774147 -4.66382122 -4.52602053
vt 0.0124133229 0.742381454
v -0.27292189 -4.65356731 -4.27274561
vt 0.0501990914 0.75010711
f 658/658 659/659 660/660
v -0.27292189 -4.65356731 -4.27274561
vt 0.0501990914 0.75010711
v -0.385900497 -4.67201614 -4.22400951
vt 0.0651765466 0.732541442
v -0.385900497 -4.66382122 -4.52602053
vt 0.0232530832 0.715583563
f 661/661 662/662 663/663
v -0.385900497 -4.66382122 -4.52602053
vt 0.0232530832 0.715583563
v -0.385900497 -4.67201614 -4.22400951
vt 0.0651765466 0.732541442
v -0.498879105 -4.65356731 -4.27274561
vt 0.0666234493 0.709502757
f 664/664 665/665 666/666
v -0.498879105 -4.65356731 -4.27274561
vt 0.0666234493 0.709502757
v -0.535026848 -4.66382122 -4.52602053
vt 0.0340927243 0.688785613
v -0.385900497 -4.66382122 -4.52602053
vt 0.0232530832 0.715583563
f 667/667 668/668 669/669
v -0.535026848 -4.56188202 -4.52687597
vt 0.412113458 0.525874615
v -0.385900497 -4.56188202 -4.52687597
vt 0.412193626 0.554781675
v -0.385900497 -4.66382122 -4.52602053
vt 0.427458048 0.554739356
f 670/670 671/671 672/672
v -0.385900497 -4.66382122 -4.52602053
vt 0.427458048 0.554739356
v -0.535026848 -4.66382122 -4.52602053
vt 0.42737788 0.525832295
v -0.535026848 -4.56188202 -4.52687597
vt 0.412113458 0.525874615
f 673/673 674/674 675/675
v -0.385900497 -4.46471882 -4.22486496
vt 0.952916324 0.210260704
v -0.385900497 -4.67201614 -4.22400951
vt 0.98371315 0.214145467
v 0.469568551 -4.66894436 -3.68612909
vt 0.962503433 0.378611326
f 676/676 677/677 678/678
v -0.385900497 -4.56188202 -4.52687597
vt 0.412193626 0.554781675
v -0.236774147 -4.4565239 -4.52687597
vt 0.396497488 0.583732605
v -0.236774147 -4.66382122 -4.52602053
vt 0.427538246 0.583646476
f 679/679 680/680 681/681
v -0.236774147 -4.66382122 -4.52602053
vt 0.427538246 0.583646476
v -0.385900497 -4.66382122 -4.52602053
vt 0.427458048 0.554739356
v -0.385900497 -4.56188202 -4.52687597
vt 0.412193626 0.554781675
f 682/682 683/683 684/684
v -0.236774147 -4.66382122 -4.52602053
vt 0.427538246 0.583646476
v -0.236774147 -4.4565239 -4.52687597
vt 0.396497488 0.583732605
v 0.618694901 -4.66074944 -4.16338444
vt 0.427538216 0.749474287
f 685/685 686/686 687/687
v -0.155551568 -4.54855633 -4.22151423
vt 0.996770263 0.831876278
v 0.469568551 -4.66894436 -3.68612909
vt 0.979983807 0.710522652
v -0.155551568 -4.65049553 -4.22065878
vt 0.981506526 0.831720114
f 688/688 689/689 690/690
v 0.618694901 -4.66074944 -4.16338444
vt 0.981506526 0.681629598
v -0.155551568 -4.54855633 -4.22151423
vt 0.996770263 0.831876278
v -0.155551568 -4.65049553 -4.22065878
vt 0.981506526 0.831720114
f 691/691 692/692 693/693
v -0.385900497 -4.67201614 -4.22400951
vt 0.0651765466 0.732541442
v -0.27292189 -4.65356731 -4.27274561
vt 0.0501990914 0.75010711
v -0.155551568 -4.65049553 -4.22065878
vt 0.0488981009 0.774123073
f 694/694 695/695 696/696
v -0.155551568 -4.65049553 -4.22065878
vt 0.0488981009 0.774123073
v 0.469568551 -4.66894436 -3.68612909
vt 0.0776600838 0.916470647
v -0.385900497 -4.67201614 -4.22400951
vt 0.0651765466 0.732541442
f 697/697 698/698 699/699
v -0.385900497 -4.46471882 -4.22486496
vt 0.532681346 0.7162714
v 0.469568551 -4.66894436 -3.68612909
vt 0.532681346 0.900679767
v -0.155551568 -4.54855633 -4.22151423
vt 0.513599396 0.756643414
f 700/700 701/701 702/702
v -0.155551568 -4.54855633 -4.22151423
vt 0.513599396 0.756643414
v -0.27292189 -4.44626999 -4.27360106
vt 0.51653856 0.73277247
v -0.385900497 -4.46471882 -4.22486496
vt 0.532681346 0.7162714
f 703/703 704/704 705/705
v -0.236774147 -4.66382122 -4.52602053
vt 0.0124133229 0.742381454
v 0.618694901 -4.66074944 -4.16338444
vt 0.000570476055 0.916470647
v -0.155551568 -4.65049553 -4.22065878
vt 0.0488981009 0.774123073
f 706/706 707/707 708/708
v -0.155551568 -4.65049553 -4.22065878
vt 0.0488981009 0.774123073
v -0.27292189 -4.65356731 -4.27274561
vt 0.0501990914 0.75010711
v -0.236774147 -4.66382122 -4.52602053
vt 0.0124133229 0.742381454
f 709/709 710/710 711/711
v -0.236774147 -4.4565239 -4.52687597
vt 0.479369104 0.722482622
v -0.27292189 -4.44626999 -4.27360106
vt 0.51653856 0.73277247
v -0.155551568 -4.54855633 -4.22151423
vt 0.513599396 0.756643414
f 712/712 713/713 714/714
v -0.155551568 -4.54855633 -4.22151423
vt 0.513599396 0.756643414
v 0.618694901 -4.66074944 -4.16338444
vt 0.455771923 0.895411551
v -0.236774147 -4.4565239 -4.52687597
vt 0.479369104 0.722482622
f 715/715 716/716 717/717
v -0.363064557 -2.02289033 -3.39466596
vt 0.96678853 0.681629717
v -0.381457627 -2.03568053 -3.33550978
vt 0.975808144 0.682512522
v -0.305610508 -2.28651357 -3.34417605
vt 0.978842854 0.719972134
f 718/718 719/719 720/720
v -0.305610508 -2.28651357 -3.34417605
vt 0.978842854 0.719972134
v -0.306157976 -2.27880645 -3.47312307
vt 0.959529698 0.721048415
v -0.363064557 -2.02289033 -3.39466596
vt 0.96678853 0.681629717
f 721/721 722/722 723/723
v -0.497210473 -2.02208543 -3.39464116
vt 0.904979408 0.976478457
v -0.478817403 -2.00929546 -3.45379734
vt 0.914013743 0.975761056
v -0.436468512 -2.34093785 -3.32644606
vt 0.881448269 0.933698058
f 724/724 725/725 726/726
v -0.478817403 -2.00929546 -3.45379734
vt 0.914013743 0.975761056
v -0.43190828 -2.0042336 -3.47830749
vt 0.917746663 0.975429773
v -0.43701601 -2.33323026 -3.4553926
vt 0.900270939 0.929241717
f 727/727 728/728 729/729
v -0.478817403 -2.00929546 -3.45379734
vt 0.914013743 0.975761056
v -0.43701601 -2.33323026 -3.4553926
vt 0.900270939 0.929241717
v -0.436468512 -2.34093785 -3.32644606
vt 0.881448269 0.933698058
f 730/730 731/731 732/732
v -0.428366721 -2.04074287 -3.31099939
vt 0.427487671 0.914040089
v -0.476313174 -2.03511095 -3.33549261
vt 0.419356704 0.918620467
v -0.368897945 -2.31716561 -3.2676816
vt 0.421028018 0.871561348
f 733/733 734/734 735/735
v -0.476313174 -2.03511095 -3.33549261
vt 0.419356704 0.918620467
v -0.497210473 -2.02208543 -3.39464116
vt 0.416462004 0.92206049
v -0.436468512 -2.34093785 -3.32644606
vt 0.407622129 0.873685956
f 736/736 737/737 738/738
v -0.476313174 -2.03511095 -3.33549261
vt 0.419356704 0.918620467
v -0.436468512 -2.34093785 -3.32644606
vt 0.407622129 0.873685956
v -0.368897945 -2.31716561 -3.2676816
vt 0.421028018 0.871561348
f 739/739 740/740 741/741
v -0.383961946 -2.00986457 -3.45381451
vt 0.153523088 0.980221093
v -0.363064557 -2.02289033 -3.39466596
vt 0.157696784 0.978549719
v -0.306157976 -2.27880645 -3.47312307
vt 0.171300083 0.941064537
f 742/742 743/743 744/744
v -0.306157976 -2.27880645 -3.47312307
vt 0.171300083 0.941064537
v -0.369993061 -2.30175138 -3.52557445
vt 0.159187406 0.936797798
v -0.383961946 -2.00986457 -3.45381451
vt 0.153523088 0.980221093
f 745/745 746/746 747/747
v -0.43190828 -2.0042336 -3.47830749
vt 0.144193232 0.980432391
v -0.383961946 -2.00986457 -3.45381451
vt 0.153523088 0.980221093
v -0.369993061 -2.30175138 -3.52557445
vt 0.159187406 0.936797798
f 748/748 749/749 750/750
v -0.369993061 -2.30175138 -3.52557445
vt 0.159187406 0.936797798
v -0.43701601 -2.33323026 -3.4553926
vt 0.146544844 0.931214333
v -0.43190828 -2.0042336 -3.47830749
vt 0.144193232 0.980432391
f 751/751 752/752 753/753
v -0.381457627 -2.03568053 -3.33550978
vt 0.43609184 0.911002696
v -0.428366721 -2.04074287 -3.31099939
vt 0.427487671 0.914040089
v -0.368897945 -2.31716561 -3.2676816
vt 0.421028018 0.871561348
f 754/754 755/755 756/756
v -0.368897945 -2.31716561 -3.2676816
vt 0.421028018 0.871561348
v -0.305610508 -2.28651357 -3.34417605
vt 0.434099197 0.870716929
v -0.381457627 -2.03568053 -3.33550978
vt 0.43609184 0.911002696
f 757/757 758/758 759/759
v -0.369993061 -2.30175138 -3.52557445
vt 0.159187406 0.936797798
v -0.306157976 -2.27880645 -3.47312307
vt 0.171300083 0.941064537
v -0.395372808 -2.55514264 -3.61505723
vt 0.156851023 0.898608625
f 760/760 761/761 762/762
v -0.395372808 -2.55514264 -3.61505723
vt 0.156851023 0.898608625
v -0.435950279 -2.5697279 -3.64839864
vt 0.149151474 0.895896435
v -0.369993061 -2.30175138 -3.52557445
vt 0.159187406 0.936797798
f 763/763 764/764 765/765
v -0.367756039 -2.71994686 -3.22861028
vt 0.396497488 0.81646204
v -0.324142277 -2.69915199 -3.27770185
vt 0.405485094 0.815835238
v -0.225844085 -3.11949015 -3.37194419
vt 0.397053361 0.750615239
f 766/766 767/767 768/768
v -0.368897945 -2.31716561 -3.2676816
vt 0.421028018 0.871561348
v -0.436468512 -2.34093785 -3.32644606
vt 0.407622129 0.873685956
v -0.367756039 -2.71994686 -3.22861028
vt 0.396497488 0.81646204
f 769/769 770/770 771/771
v -0.367756039 -2.71994686 -3.22861028
vt 0.396497488 0.81646204
v -0.312726617 -2.70058656 -3.18075275
vt 0.407415301 0.814731836
v -0.368897945 -2.31716561 -3.2676816
vt 0.421028018 0.871561348
f 772/772 773/773 774/774
v -0.305610508 -2.28651357 -3.34417605
vt 0.434099197 0.870716929
v -0.382915258 -2.31540394 -3.38672543
vt 0.418657899 0.872916222
v -0.228965878 -2.6916976 -3.45071459
vt 0.422769666 0.809287786
f 775/775 776/776 777/777
v -0.228965878 -2.6916976 -3.45071459
vt 0.422769666 0.809287786
v -0.163856894 -2.66736507 -3.41487813
vt 0.435774803 0.807435513
v -0.305610508 -2.28651357 -3.34417605
vt 0.434099197 0.870716929
f 778/778 779/779 780/780
v -0.306157976 -2.27880645 -3.47312307
vt 0.43447566 0.871813059
v -0.164317995 -2.66087413 -3.52348208
vt 0.43609184 0.80835861
v -0.228965878 -2.6916976 -3.45071459
vt 0.422769666 0.809287786
f 781/781 782/782 783/783
v -0.228965878 -2.6916976 -3.45071459
vt 0.422769666 0.809287786
v -0.382915258 -2.31540394 -3.38672543
vt 0.418657899 0.872916222
v -0.306157976 -2.27880645 -3.47312307
vt 0.43447566 0.871813059
f 784/784 785/785 786/786
v -0.306157976 -2.27880645 -3.47312307
vt 0.959529698 0.721048415
v -0.305610508 -2.28651357 -3.34417605
vt 0.978842854 0.719972134
v -0.163856894 -2.66736507 -3.41487813
vt 0.974891067 0.777840734
f 787/787 788/788 789/789
v -0.163856894 -2.66736507 -3.41487813
vt 0.974891067 0.777840734
v -0.164317995 -2.66087413 -3.52348208
vt 0.958624959 0.77874732
v -0.306157976 -2.27880645 -3.47312307
vt 0.959529698 0.721048415
f 790/790 791/791 792/792
v -0.228965878 -2.6916976 -3.45071459
vt 0.422769666 0.809287786
v -0.164317995 -2.66087413 -3.52348208
vt 0.43609184 0.80835861
v -0.203607947 -3.05446148 -3.43317032
vt 0.404977679 0.757728815
f 793/793 794/794 795/795
v -0.382915258 -2.31540394 -3.38672543
vt 0.418657899 0.872916222
v -0.305610508 -2.28651357 -3.34417605
vt 0.434099197 0.870716929
v -0.261185378 -2.67562366 -3.24304962
vt 0.418060422 0.814044178
f 796/796 797/797 798/798
v -0.261185378 -2.67562366 -3.24304962
vt 0.418060422 0.814044178
v -0.324142277 -2.69915199 -3.27770185
vt 0.405485094 0.815835238
v -0.382915258 -2.31540394 -3.38672543
vt 0.418657899 0.872916222
f 799/799 800/800 801/801
v -0.368897945 -2.31716561 -3.2676816
vt 0.421028018 0.871561348
v -0.312726617 -2.70058656 -3.18075275
vt 0.407415301 0.814731836
v -0.261185378 -2.67562366 -3.24304962
vt 0.418060422 0.814044178
f 802/802 803/803 804/804
v -0.261185378 -2.67562366 -3.24304962
vt 0.418060422 0.814044178
v -0.305610508 -2.28651357 -3.34417605
vt 0.434099197 0.870716929
v -0.368897945 -2.31716561 -3.2676816
vt 0.421028018 0.871561348
f 805/805 806/806 807/807
v -0.436468512 -2.34093785 -3.32644606
vt 0.407622129 0.873685956
v -0.382915258 -2.31540394 -3.38672543
vt 0.418657899 0.872916222
v -0.324142277 -2.69915199 -3.27770185
vt 0.405485094 0.815835238
f 808/808 809/809 810/810
v -0.324142277 -2.69915199 -3.27770185
vt 0.405485094 0.815835238
v -0.367756039 -2.71994686 -3.22861028
vt 0.396497488 0.81646204
v -0.436468512 -2.34093785 -3.32644606
vt 0.407622129 0.873685956
f 811/811 812/812 813/813
v -0.312726617 -2.70058656 -3.18075275
vt 0.407415301 0.814731836
v -0.367756039 -2.71994686 -3.22861028
vt 0.396497488 0.81646204
v -0.225844085 -3.11949015 -3.37194419
vt 0.397053361 0.750615239
f 814/814 815/815 816/816
v -0.163856894 -2.66736507 -3.41487813
vt 0.435774803 0.807435513
v -0.228965878 -2.6916976 -3.45071459
vt 0.422769666 0.809287786
v -0.203607947 -3.05446148 -3.43317032
vt 0.404977679 0.757728815
f 817/817 818/818 819/819
v -0.164317995 -2.66087413 -3.52348208
vt 0.958624959 0.77874732
v -0.163856894 -2.66736507 -3.41487813
vt 0.974891067 0.777840734
v -0.203607947 -3.05446148 -3.43317032
vt 0.978842795 0.835734844
f 820/820 821/821 822/822
v -0.324142277 -2.69915199 -3.27770185
vt 0.405485094 0.815835238
v -0.261185378 -2.67562366 -3.24304962
vt 0.418060422 0.814044178
v -0.225844085 -3.11949015 -3.37194419
vt 0.397053361 0.750615239
f 823/823 824/824 825/825
v -0.261185378 -2.67562366 -3.24304962
vt 0.490684211 0.970695913
v -0.312726617 -2.70058656 -3.18075275
vt 0.480634719 0.970695913
v -0.225844085 -3.11949015 -3.37194419
vt 0.483877778 0.901820779
f 826/826 827/827 828/828
v -0.444164395 -2.57840633 -3.56013775
vt 0.147650987 0.894491911
v -0.478206098 -2.59463739 -3.52182055
vt 0.141232103 0.891619802
v -0.340882123 -2.94041848 -3.57823539
vt 0.171300054 0.841765821
f 829/829 830/830 831/831
v -0.43701601 -2.33323026 -3.4553926
vt 0.900270939 0.929241717
v -0.369993061 -2.30175138 -3.52557445
vt 0.911692381 0.930728614
v -0.435950279 -2.5697279 -3.64839864
vt 0.917746663 0.887004733
f 832/832 833/833 834/834
v -0.435950279 -2.5697279 -3.64839864
vt 0.917746663 0.887004733
v -0.47855413 -2.58973789 -3.60378671
vt 0.910486579 0.886059523
v -0.43701601 -2.33323026 -3.4553926
vt 0.900270939 0.929241717
f 835/835 836/836 837/837
v -0.382915258 -2.31540394 -3.38672543
vt 0.891193271 0.934759617
v -0.444164395 -2.57840633 -3.56013775
vt 0.904716253 0.889567018
v -0.395372808 -2.55514264 -3.61505723
vt 0.913594782 0.890534163
f 838/838 839/839 840/840
v -0.395372808 -2.55514264 -3.61505723
vt 0.913594782 0.890534163
v -0.306157976 -2.27880645 -3.47312307
vt 0.905160785 0.936281085
v -0.382915258 -2.31540394 -3.38672543
vt 0.891193271 0.934759617
f 841/841 842/842 843/843
v -0.43701601 -2.33323026 -3.4553926
vt 0.900270939 0.929241717
v -0.47855413 -2.58973789 -3.60378671
vt 0.910486579 0.886059523
v -0.478206098 -2.59463739 -3.52182055
vt 0.898521721 0.888892233
f 844/844 845/845 846/846
v -0.478206098 -2.59463739 -3.52182055
vt 0.898521721 0.888892233
v -0.436468512 -2.34093785 -3.32644606
vt 0.881448269 0.933698058
v -0.43701601 -2.33323026 -3.4553926
vt 0.900270939 0.929241717
f 847/847 848/848 849/849
v -0.436468512 -2.34093785 -3.32644606
vt 0.881448269 0.933698058
v -0.478206098 -2.59463739 -3.52182055
vt 0.898521721 0.888892233
v -0.444164395 -2.57840633 -3.56013775
vt 0.904716253 0.889567018
f 850/850 851/851 852/852
v -0.444164395 -2.57840633 -3.56013775
vt 0.904716253 0.889567018
v -0.382915258 -2.31540394 -3.38672543
vt 0.891193271 0.934759617
v -0.436468512 -2.34093785 -3.32644606
vt 0.881448269 0.933698058
f 853/853 854/854 855/855
v -0.478206098 -2.59463739 -3.52182055
vt 0.898521721 0.888892233
v -0.47855413 -2.58973789 -3.60378671
vt 0.910486579 0.886059523
v -0.340882123 -2.94041848 -3.57823539
vt 0.891697526 0.836875796
f 856/856 857/857 858/858
v -0.47855413 -2.58973789 -3.60378671
vt 0.141115099 0.892347217
v -0.435950279 -2.5697279 -3.64839864
vt 0.149151474 0.895896435
v -0.340882123 -2.94041848 -3.57823539
vt 0.171300054 0.841765821
f 859/859 860/860 861/861
v -0.395372808 -2.55514264 -3.61505723
vt 0.156851023 0.898608625
v -0.444164395 -2.57840633 -3.56013775
vt 0.147650987 0.894491911
v -0.340882123 -2.94041848 -3.57823539
vt 0.171300054 0.841765821
f 862/862 863/863 864/864
v -0.435950279 -2.5697279 -3.64839864
vt 0.149151474 0.895896435
v -0.395372808 -2.55514264 -3.61505723
vt 0.156851023 0.898608625
v -0.340882123 -2.94041848 -3.57823539
vt 0.171300054 0.841765821
f 865/865 866/866 867/867
v 0.341745526 2.51568675 -3.89577961
vt 0.293550014 0.901394963
v 0.268573821 2.55577421 -3.8929677
vt 0.306685448 0.896026492
v 0.297243834 2.59189677 -3.80933404
vt 0.306685448 0.909727573
f 868/868 869/869 870/870
v 0.297243834 2.59189677 -3.80933404
vt 0.306685448 0.909727573
v 0.370415509 2.55122876 -3.80944943
vt 0.293713927 0.915465057
v 0.341745526 2.51568675 -3.89577961
vt 0.293550014 0.901394963
f 871/871 872/872 873/873
v 0.13151978 2.24946094 -4.55170822
vt 0.552276134 0.571531117
v 0.194737658 2.33344269 -4.33844423
vt 0.521179616 0.557007134
v 0.19562842 2.22815228 -4.31754971
vt 0.53046906 0.543889582
f 874/874 875/875 876/876
v 0.19562842 2.22815228 -4.31754971
vt 0.53046906 0.543889582
v 0.133537814 2.01091409 -4.50436926
vt 0.573322535 0.541811764
v 0.13151978 2.24946094 -4.55170822
vt 0.552276134 0.571531117
f 877/877 878/878 879/879
v 0.133537814 2.01091409 -4.50436926
vt 0.311410218 0.805639744
v 0.19562842 2.22815228 -4.31754971
vt 0.311410218 0.840324461
v 0.0768928081 2.28716207 -4.28759384
vt 0.286758006 0.840624809
f 880/880 881/881 882/882
v 0.0768928081 2.28716207 -4.28759384
vt 0.286758006 0.840624809
v -0.135470614 2.14460683 -4.43650103
vt 0.255557954 0.80632019
v 0.133537814 2.01091409 -4.50436926
vt 0.311410218 0.805639744
f 883/883 884/884 885/885
v 0.13151978 2.24946094 -4.55170822
vt 0.807870209 0.729331493
v -0.034258604 2.33353567 -4.51401281
vt 0.775735199 0.723686934
v 0.12156599 2.37055182 -4.32180595
vt 0.805940747 0.694905758
f 886/886 887/887 888/888
v 0.12156599 2.37055182 -4.32180595
vt 0.805940747 0.694905758
v 0.194737658 2.33344269 -4.33844423
vt 0.820124626 0.697397172
v 0.13151978 2.24946094 -4.55170822
vt 0.807870209 0.729331493
f 889/889 890/890 891/891
v 0.487595946 2.88767147 -3.5721221
vt 0.634408295 0.772688687
v 0.487012684 2.91465044 -3.63387346
vt 0.642576039 0.778614044
v 0.507147908 2.97740984 -3.6035533
vt 0.636129558 0.7868222
f 892/892 893/893 894/894
v 0.507147908 2.97740984 -3.6035533
vt 0.636129558 0.7868222
v 0.507678032 2.96091723 -3.54182649
vt 0.627629399 0.782431424
v 0.487595946 2.88767147 -3.5721221
vt 0.634408295 0.772688687
f 895/895 896/896 897/897
v 0.342636287 2.42511368 -3.84057665
vt 0.813999653 0.913514018
v 0.37130627 2.46352577 -3.74755573
vt 0.81425035 0.928508699
v 0.252570659 2.52961707 -3.74417615
vt 0.835677505 0.92009002
f 898/898 899/899 900/900
v 0.252570659 2.52961707 -3.74417615
vt 0.835677505 0.92009002
v 0.223900691 2.49004936 -3.83285999
vt 0.835677505 0.905694366
v 0.342636287 2.42511368 -3.84057665
vt 0.813999653 0.913514018
f 901/901 902/902 903/903
v 0.370415509 2.55122876 -3.80944943
vt 0.293713927 0.915465057
v 0.554176331 2.61669731 -3.87620997
vt 0.257100046 0.920776308
v 0.536240876 2.59110522 -3.94998717
vt 0.25579679 0.90926826
f 904/904 905/905 906/906
v 0.536240876 2.59110522 -3.94998717
vt 0.25579679 0.90926826
v 0.341745526 2.51568675 -3.89577961
vt 0.293550014 0.901394963
v 0.370415509 2.55122876 -3.80944943
vt 0.293713927 0.915465057
f 907/907 908/908 909/909
v 0.223900691 2.49004936 -3.83285999
vt 0.149158001 0.61092031
v 0.252570659 2.52961707 -3.74417615
vt 0.147379339 0.596488118
v 0.297243834 2.59189677 -3.80933404
vt 0.13560617 0.603088021
f 910/910 911/911 912/912
v 0.297243834 2.59189677 -3.80933404
vt 0.13560617 0.603088021
v 0.268573821 2.55577421 -3.8929677
vt 0.137112916 0.616646171
v 0.223900691 2.49004936 -3.83285999
vt 0.149158001 0.61092031
f 913/913 914/914 915/915
v 0.507147908 2.97740984 -3.6035533
vt 0.3078264 0.931824565
v 0.463595182 2.99604297 -3.61900473
vt 0.316717893 0.931824565
v 0.612670422 3.56568861 -3.56785274
vt 0.316046327 0.841765881
f 916/916 917/917 918/918
v 0.439098269 2.93652821 -3.6470325
vt 0.0933743119 0.564744592
v 0.409845322 2.92426395 -3.59179306
vt 0.0975512862 0.557372689
v 0.437005192 2.9924159 -3.56547785
vt 0.0889464617 0.550617874
f 919/919 920/920 921/921
v 0.437005192 2.9924159 -3.56547785
vt 0.0889464617 0.550617874
v 0.463595182 2.99604297 -3.61900473
vt 0.0860811472 0.558122993
v 0.439098269 2.93652821 -3.6470325
vt 0.0933743119 0.564744592
f 922/922 923/923 924/924
v 0.439098269 2.93652821 -3.6470325
vt 0.385803014 0.915193379
v 0.385429502 3.19092464 -3.99304724
vt 0.386895806 0.968028665
v 0.424289733 3.17108512 -3.99897504
vt 0.394441634 0.967259824
f 925/925 926/926 927/927
v 0.424289733 3.17108512 -3.99897504
vt 0.394441634 0.967259824
v 0.487012684 2.91465044 -3.63387346
vt 0.394441634 0.911253631
v 0.439098269 2.93652821 -3.6470325
vt 0.385803014 0.915193379
f 928/928 929/929 930/930
v 0.487595946 2.88767147 -3.5721221
vt 0.958418965 0.482287169
v 0.507678032 2.96091723 -3.54182649
vt 0.959369123 0.470687866
v 0.437005192 2.9924159 -3.56547785
vt 0.973797619 0.472007632
f 931/931 932/932 933/933
v 0.437005192 2.9924159 -3.56547785
vt 0.973797619 0.472007632
v 0.409845322 2.92426395 -3.59179306
vt 0.974411607 0.483474255
v 0.487595946 2.88767147 -3.5721221
vt 0.958418965 0.482287169
f 934/934 935/935 936/936
v 0.370415509 2.55122876 -3.80944943
vt 0.563638806 0.960311532
v 0.297243834 2.59189677 -3.80933404
vt 0.579074681 0.960311532
v 0.439098269 2.93652821 -3.6470325
vt 0.574166834 0.9020437
f 937/937 938/938 939/939
v 0.439098269 2.93652821 -3.6470325
vt 0.574166834 0.9020437
v 0.487012684 2.91465044 -3.63387346
vt 0.564339876 0.901389599
v 0.370415509 2.55122876 -3.80944943
vt 0.563638806 0.960311532
f 940/940 941/941 942/942
v 0.437005192 2.9924159 -3.56547785
vt 0.973797619 0.472007632
v 0.507678032 2.96091723 -3.54182649
vt 0.959369123 0.470687866
v 0.612670422 3.56568861 -3.56785274
vt 0.977966428 0.379752278
f 943/943 944/944 945/945
v 0.507678032 2.96091723 -3.54182649
vt 0.627629399 0.782431424
v 0.507147908 2.97740984 -3.6035533
vt 0.636129558 0.7868222
v 0.612670422 3.56568861 -3.56785274
vt 0.612053037 0.871725798
f 946/946 947/947 948/948
v 0.463595182 2.99604297 -3.61900473
vt 0.0860811472 0.558122993
v 0.437005192 2.9924159 -3.56547785
vt 0.0889464617 0.550617874
v 0.612670422 3.56568861 -3.56785274
vt 0.00675940514 0.525832295
f 949/949 950/950 951/951
v 0.37130627 2.46352577 -3.74755573
vt 0.952916384 0.549455822
v 0.487595946 2.88767147 -3.5721221
vt 0.958418965 0.482287169
v 0.409845322 2.92426395 -3.59179306
vt 0.974411607 0.483474255
f 952/952 953/953 954/954
v 0.409845322 2.92426395 -3.59179306
vt 0.974411607 0.483474255
v 0.252570659 2.52961707 -3.74417615
vt 0.977966487 0.549874425
v 0.37130627 2.46352577 -3.74755573
vt 0.952916384 0.549455822
f 955/955 956/956 957/957
v 0.297243834 2.59189677 -3.80933404
vt 0.13560617 0.603088021
v 0.252570659 2.52961707 -3.74417615
vt 0.147379339 0.596488118
v 0.409845322 2.92426395 -3.59179306
vt 0.0975512862 0.557372689
f 958/958 959/959 960/960
v 0.409845322 2.92426395 -3.59179306
vt 0.0975512862 0.557372689
v 0.439098269 2.93652821 -3.6470325
vt 0.0933743119 0.564744592
v 0.297243834 2.59189677 -3.80933404
vt 0.13560617 0.603088021
f 961/961 962/962 963/963
v 0.370415509 2.55122876 -3.80944943
vt 0.679905474 0.731083393
v 0.487012684 2.91465044 -3.63387346
vt 0.642576039 0.778614044
v 0.487595946 2.88767147 -3.5721221
vt 0.634408295 0.772688687
f 964/964 965/965 966/966
v 0.487595946 2.88767147 -3.5721221
vt 0.634408295 0.772688687
v 0.37130627 2.46352577 -3.74755573
vt 0.673663139 0.7162714
v 0.370415509 2.55122876 -3.80944943
vt 0.679905474 0.731083393
f 967/967 968/968 969/969
v 0.155031592 2.41271663 -4.22418308
vt 0.143079698 0.670340538
v 0.11035841 2.33334851 -4.18407583
vt 0.156201661 0.668076456
v 0.223900691 2.49004936 -3.83285999
vt 0.149158001 0.61092031
f 970/970 971/971 972/972
v 0.223900691 2.49004936 -3.83285999
vt 0.149158001 0.61092031
v 0.268573821 2.55577421 -3.8929677
vt 0.137112916 0.616646171
v 0.155031592 2.41271663 -4.22418308
vt 0.143079698 0.670340538
f 973/973 974/974 975/975
v 0.229094014 2.27298951 -4.20896912
vt 0.514410675 0.536709189
v 0.228203267 2.37492967 -4.23767376
vt 0.506289899 0.550330222
v 0.341745526 2.51568675 -3.89577961
vt 0.455772012 0.52767688
f 976/976 977/977 978/978
v 0.341745526 2.51568675 -3.89577961
vt 0.455772012 0.52767688
v 0.342636287 2.42511368 -3.84057665
vt 0.459927827 0.512347162
v 0.229094014 2.27298951 -4.20896912
vt 0.514410675 0.536709189
f 979/979 980/980 981/981
v 0.229094014 2.27298951 -4.20896912
vt 0.813006639 0.854130268
v 0.342636287 2.42511368 -3.84057665
vt 0.813999653 0.913514018
v 0.223900691 2.49004936 -3.83285999
vt 0.835677505 0.905694366
f 982/982 983/983 984/984
v 0.223900691 2.49004936 -3.83285999
vt 0.835677505 0.905694366
v 0.11035841 2.33334851 -4.18407583
vt 0.835677505 0.848683238
v 0.229094014 2.27298951 -4.20896912
vt 0.813006639 0.854130268
f 985/985 986/986 987/987
v 0.228203267 2.37492967 -4.23767376
vt 0.292901516 0.845672607
v 0.155031592 2.41271663 -4.22418308
vt 0.306685448 0.841765761
v 0.268573821 2.55577421 -3.8929677
vt 0.306685448 0.896026492
f 988/988 989/989 990/990
v 0.268573821 2.55577421 -3.8929677
vt 0.306685448 0.896026492
v 0.341745526 2.51568675 -3.89577961
vt 0.293550014 0.901394963
v 0.228203267 2.37492967 -4.23767376
vt 0.292901516 0.845672607
f 991/991 992/992 993/993
v 0.424289733 3.17108512 -3.99897504
vt 0.428679258 0.742853999
v 0.385429502 3.19092464 -3.99304724
vt 0.436621964 0.744429469
v 0.517500818 3.45680428 -4.06477547
vt 0.436621934 0.697095633
f 994/994 995/995 996/996
v 0.487012684 2.91465044 -3.63387346
vt 0.642576039 0.778614044
v 0.424289733 3.17108512 -3.99897504
vt 0.68776077 0.827824593
v 0.440620065 3.18718982 -3.94478846
vt 0.679318726 0.828443646
f 997/997 998/998 999/999
v 0.440620065 3.18718982 -3.94478846
vt 0.679318726 0.828443646
v 0.507147908 2.97740984 -3.6035533
vt 0.636129558 0.7868222
v 0.487012684 2.91465044 -3.63387346
vt 0.642576039 0.778614044
f 1000/1000 1001/1001 1002/1002
v 0.463595182 2.99604297 -3.61900473
vt 0.689527094 0.749211192
v 0.507147908 2.97740984 -3.6035533
vt 0.697146714 0.744901955
v 0.440620065 3.18718982 -3.94478846
vt 0.697146714 0.797601104
f 1003/1003 1004/1004 1005/1005
v 0.440620065 3.18718982 -3.94478846
vt 0.697146714 0.797601104
v 0.405297369 3.20663118 -3.94205832
vt 0.690407753 0.798880219
v 0.463595182 2.99604297 -3.61900473
vt 0.689527094 0.749211192
f 1006/1006 1007/1007 1008/1008
v 0.439098269 2.93652821 -3.6470325
vt 0.0933743119 0.564744592
v 0.463595182 2.99604297 -3.61900473
vt 0.0860811472 0.558122993
v 0.405297369 3.20663118 -3.94205832
vt 0.0417696238 0.595149159
f 1009/1009 1010/1010 1011/1011
v 0.405297369 3.20663118 -3.94205832
vt 0.0417696238 0.595149159
v 0.385429502 3.19092464 -3.99304724
vt 0.0417836905 0.603138268
v 0.439098269 2.93652821 -3.6470325
vt 0.0933743119 0.564744592
f 1012/1012 1013/1013 1014/1014
v 0.370415509 2.55122876 -3.80944943
vt 0.668561697 0.973020971
v 0.37130627 2.46352577 -3.74755573
vt 0.658209085 0.981103122
v 0.594159842 2.54654503 -3.84105325
vt 0.640877843 0.939626694
f 1015/1015 1016/1016 1017/1017
v 0.594159842 2.54654503 -3.84105325
vt 0.640877843 0.939626694
v 0.554176331 2.61669731 -3.87620997
vt 0.653921723 0.939100146
v 0.370415509 2.55122876 -3.80944943
vt 0.668561697 0.973020971
f 1018/1018 1019/1019 1020/1020
v 0.405297369 3.20663118 -3.94205832
vt 0.696967363 0.843005657
v 0.440620065 3.18718982 -3.94478846
vt 0.689527154 0.843005657
v 0.517500818 3.45680428 -4.06477547
vt 0.691608608 0.800021172
f 1021/1021 1022/1022 1023/1023
v 0.385429502 3.19092464 -3.99304724
vt 0.0417836905 0.603138268
v 0.405297369 3.20663118 -3.94205832
vt 0.0417696238 0.595149159
v 0.517500818 3.45680428 -4.06477547
vt 0.00057053566 0.60175544
f 1024/1024 1025/1025 1026/1026
v 0.440620065 3.18718982 -3.94478846
vt 0.679318726 0.828443646
v 0.424289733 3.17108512 -3.99897504
vt 0.68776077 0.827824593
v 0.517500818 3.45680428 -4.06477547
vt 0.688228011 0.871725798
f 1027/1027 1028/1028 1029/1029
v 0.594159842 2.54654503 -3.84105325
vt 0.46835196 0.971441209
v 0.576487541 2.51973367 -3.92067194
vt 0.455772012 0.971441269
v 0.773461878 2.96971631 -4.0412693
vt 0.460161358 0.901820779
f 1030/1030 1031/1031 1032/1032
v 0.37130627 2.46352577 -3.74755573
vt 0.81425035 0.928508699
v 0.342636287 2.42511368 -3.84057665
vt 0.813999653 0.913514018
v 0.576487541 2.51973367 -3.92067194
vt 0.767553151 0.919950426
f 1033/1033 1034/1034 1035/1035
v 0.576487541 2.51973367 -3.92067194
vt 0.767553151 0.919950426
v 0.594159842 2.54654503 -3.84105325
vt 0.768995762 0.932270765
v 0.37130627 2.46352577 -3.74755573
vt 0.81425035 0.928508699
f 1036/1036 1037/1037 1038/1038
v 0.341745526 2.51568675 -3.89577961
vt 0.984548807 0.944697142
v 0.536240876 2.59110522 -3.94998717
vt 0.969541192 0.908314168
v 0.576487541 2.51973367 -3.92067194
vt 0.956327081 0.908997774
f 1039/1039 1040/1040 1041/1041
v 0.576487541 2.51973367 -3.92067194
vt 0.956327081 0.908997774
v 0.342636287 2.42511368 -3.84057665
vt 0.973913372 0.953114927
v 0.341745526 2.51568675 -3.89577961
vt 0.984548807 0.944697142
f 1042/1042 1043/1043 1044/1044
v 0.19562842 2.22815228 -4.31754971
vt 0.81271404 0.836627424
v 0.229094014 2.27298951 -4.20896912
vt 0.813006639 0.854130268
v 0.11035841 2.33334851 -4.18407583
vt 0.835677505 0.848683238
f 1045/1045 1046/1046 1047/1047
v 0.11035841 2.33334851 -4.18407583
vt 0.835677505 0.848683238
v 0.0768928081 2.28716207 -4.28759384
vt 0.835677505 0.831879735
v 0.19562842 2.22815228 -4.31754971
vt 0.81271404 0.836627424
f 1048/1048 1049/1049 1050/1050
v 0.576487541 2.51973367 -3.92067194
vt 0.956327081 0.908997774
v 0.536240876 2.59110522 -3.94998717
vt 0.969541192 0.908314168
v 0.773461878 2.96971631 -4.0412693
vt 0.984548807 0.836875796
f 1051/1051 1052/1052 1053/1053
v 0.554176331 2.61669731 -3.87620997
vt 0.653921723 0.939100146
v 0.594159842 2.54654503 -3.84105325
vt 0.640877843 0.939626694
v 0.773461878 2.96971631 -4.0412693
vt 0.668561697 0.872866869
f 1054/1054 1055/1055 1056/1056
v 0.536240876 2.59110522 -3.94998717
vt 0.329904735 0.911253572
v 0.554176331 2.61669731 -3.87620997
vt 0.318266809 0.912389576
v 0.773461878 2.96971631 -4.0412693
vt 0.329904735 0.969571531
f 1057/1057 1058/1058 1059/1059
v 0.155031592 2.41271663 -4.22418308
vt 0.143079698 0.670340538
v 0.12632668 2.62550306 -4.31617355
vt 0.10858047 0.674185872
v 0.123425737 2.58339906 -4.39728212
vt 0.111054182 0.68764472
f 1060/1060 1061/1061 1062/1062
v 0.123425737 2.58339906 -4.39728212
vt 0.111054182 0.68764472
v 0.12156599 2.37055182 -4.32180595
vt 0.144838333 0.686166525
v 0.155031592 2.41271663 -4.22418308
vt 0.143079698 0.670340538
f 1063/1063 1064/1064 1065/1065
v 0.194737658 2.33344269 -4.33844423
vt 0.521179616 0.557007134
v 0.228203267 2.37492967 -4.23767376
vt 0.506289899 0.550330222
v 0.229094014 2.27298951 -4.20896912
vt 0.514410675 0.536709189
f 1066/1066 1067/1067 1068/1068
v 0.229094014 2.27298951 -4.20896912
vt 0.514410675 0.536709189
v 0.19562842 2.22815228 -4.31754971
vt 0.53046906 0.543889582
v 0.194737658 2.33344269 -4.33844423
vt 0.521179616 0.557007134
f 1069/1069 1070/1070 1071/1071
v 0.12156599 2.37055182 -4.32180595
vt 0.144838333 0.686166525
v 0.0768928081 2.28716207 -4.28759384
vt 0.15827769 0.684922695
v 0.11035841 2.33334851 -4.18407583
vt 0.156201661 0.668076456
f 1072/1072 1073/1073 1074/1074
v 0.11035841 2.33334851 -4.18407583
vt 0.156201661 0.668076456
v 0.155031592 2.41271663 -4.22418308
vt 0.143079698 0.670340538
v 0.12156599 2.37055182 -4.32180595
vt 0.144838333 0.686166525
f 1075/1075 1076/1076 1077/1077
v 0.123425737 2.58339906 -4.39728212
vt 0.111054182 0.68764472
v 0.12632668 2.62550306 -4.31617355
vt 0.10858047 0.674185872
v 0.242108226 3.00900221 -4.52755928
vt 0.0444053411 0.68764466
f 1078/1078 1079/1079 1080/1080
v 0.12156599 2.37055182 -4.32180595
vt 0.984801292 0.555267215
v 0.123425737 2.58339906 -4.39728212
vt 0.982279062 0.587041199
v 0.189344272 2.59559751 -4.41211128
vt 0.994839489 0.590015471
f 1081/1081 1082/1082 1083/1083
v 0.189344272 2.59559751 -4.41211128
vt 0.994839489 0.590015471
v 0.194737658 2.33344269 -4.33844423
vt 0.999429464 0.551015496
v 0.12156599 2.37055182 -4.32180595
vt 0.984801292 0.555267215
f 1084/1084 1085/1085 1086/1086
v 0.228203267 2.37492967 -4.23767376
vt 0.506289899 0.550330222
v 0.194737658 2.33344269 -4.33844423
vt 0.521179616 0.557007134
v 0.189344272 2.59559751 -4.41211128
vt 0.500280082 0.592019498
f 1087/1087 1088/1088 1089/1089
v 0.189344272 2.59559751 -4.41211128
vt 0.500280082 0.592019498
v 0.192637756 2.63719273 -4.32844114
vt 0.487140208 0.587212145
v 0.228203267 2.37492967 -4.23767376
vt 0.506289899 0.550330222
f 1090/1090 1091/1091 1092/1092
v 0.155031592 2.41271663 -4.22418308
vt 0.676168799 0.878120244
v 0.228203267 2.37492967 -4.23767376
vt 0.690507531 0.87286675
v 0.192637756 2.63719273 -4.32844114
vt 0.682501733 0.911926687
f 1093/1093 1094/1094 1095/1095
v 0.192637756 2.63719273 -4.32844114
vt 0.682501733 0.911926687
v 0.12632668 2.62550306 -4.31617355
vt 0.669702649 0.909812331
v 0.155031592 2.41271663 -4.22418308
vt 0.676168799 0.878120244
f 1096/1096 1097/1097 1098/1098
v 0.192637756 2.63719273 -4.32844114
vt 0.487140208 0.587212145
v 0.189344272 2.59559751 -4.41211128
vt 0.500280082 0.592019498
v 0.242108226 3.00900221 -4.52755928
vt 0.467248142 0.647153854
f 1099/1099 1100/1100 1101/1101
v 0.12632668 2.62550306 -4.31617355
vt 0.669702649 0.909812331
v 0.192637756 2.63719273 -4.32844114
vt 0.682501733 0.911926687
v 0.242108226 3.00900221 -4.52755928
vt 0.690507472 0.967851579
f 1102/1102 1103/1103 1104/1104
v 0.189344272 2.59559751 -4.41211128
vt 0.994839489 0.590015471
v 0.123425737 2.58339906 -4.39728212
vt 0.982279062 0.587041199
v 0.242108226 3.00900221 -4.52755928
vt 0.999429345 0.652590156
f 1105/1105 1106/1106 1107/1107
v -0.0282043759 -0.326185942 -5.22130728
vt 0.165194124 0.300716132
v -0.00827115867 0.435881823 -5.25301695
vt 0.104706846 0.301331967
v 0.112552203 0.417044669 -4.75825977
vt 0.107979685 0.262228847
f 1108/1108 1109/1109 1110/1110
v 0.112552203 0.417044669 -4.75825977
vt 0.107979685 0.262228847
v 0.0862413272 -0.326185822 -4.75825977
vt 0.166868389 0.262309641
v -0.0282043759 -0.326185942 -5.22130728
vt 0.165194124 0.300716132
f 1111/1111 1112/1112 1113/1113
v -0.665575683 -0.326185942 -5.22130728
vt 0.715199172 0.340192109
v -0.763529837 0.553632081 -5.25301695
vt 0.698287725 0.268770367
v -0.385900497 0.494756937 -5.42930269
vt 0.741443038 0.268867046
f 1114/1114 1115/1115 1116/1116
v -0.385900497 0.494756937 -5.42930269
vt 0.741443038 0.268867046
v -0.385900497 -0.326185971 -5.38629436
vt 0.747810483 0.336402088
v -0.665575683 -0.326185942 -5.22130728
vt 0.715199172 0.340192109
f 1117/1117 1118/1118 1119/1119
v 0.0862413272 -0.326185822 -4.75825977
vt 0.166868389 0.262309641
v 0.0300563034 -0.523936749 -4.75825977
vt 0.18379499 0.26233092
v -0.0707703084 -0.523936927 -5.16620445
vt 0.183537692 0.301187664
f 1120/1120 1121/1121 1122/1122
v -0.0707703084 -0.523936927 -5.16620445
vt 0.183537692 0.301187664
v -0.0282043759 -0.326185942 -5.22130728
vt 0.165194124 0.300716132
v 0.0862413272 -0.326185822 -4.75825977
vt 0.166868389 0.262309641
f 1123/1123 1124/1124 1125/1125
v -0.362448037 0.571871102 -5.47393847
vt 0.0965129659 0.34142223
v 0.040300183 0.509079814 -5.28592682
vt 0.0977464467 0.300029486
v -0.00827115867 0.435881823 -5.25301695
vt 0.104706846 0.301331967
f 1126/1126 1127/1127 1128/1128
v -0.00827115867 0.435881823 -5.25301695
vt 0.104706846 0.301331967
v -0.385900497 0.494756937 -5.42930269
vt 0.103243217 0.341921449
v -0.362448037 0.571871102 -5.47393847
vt 0.0965129659 0.34142223
f 1129/1129 1130/1130 1131/1131
v 0.040300183 0.509079814 -5.28592682
vt 0.0977464467 0.300029486
v 0.169160351 0.488989592 -4.75825977
vt 0.099996537 0.262217373
v 0.112552203 0.417044669 -4.75825977
vt 0.107979685 0.262228847
f 1132/1132 1133/1133 1134/1134
v 0.112552203 0.417044669 -4.75825977
vt 0.107979685 0.262228847
v -0.00827115867 0.435881823 -5.25301695
vt 0.104706846 0.301331967
v 0.040300183 0.509079814 -5.28592682
vt 0.0977464467 0.300029486
f 1135/1135 1136/1136 1137/1137
v -0.385900497 -0.326185971 -5.38629436
vt 0.16455929 0.337868005
v -0.385900497 0.494756937 -5.42930269
vt 0.103243217 0.341921449
v -0.00827115867 0.435881823 -5.25301695
vt 0.104706846 0.301331967
f 1138/1138 1139/1139 1140/1140
v -0.00827115867 0.435881823 -5.25301695
vt 0.104706846 0.301331967
v -0.0282043759 -0.326185942 -5.22130728
vt 0.165194124 0.300716132
v -0.385900497 -0.326185971 -5.38629436
vt 0.16455929 0.337868005
f 1141/1141 1142/1142 1143/1143
v -0.0707703084 -0.523936927 -5.16620445
vt 0.183537692 0.301187664
v -0.385900497 -0.523936927 -5.31155777
vt 0.179383129 0.337096691
v -0.385900497 -0.326185971 -5.38629436
vt 0.16455929 0.337868005
f 1144/1144 1145/1145 1146/1146
v -0.385900497 -0.326185971 -5.38629436
vt 0.16455929 0.337868005
v -0.0282043759 -0.326185942 -5.22130728
vt 0.165194124 0.300716132
v -0.0707703084 -0.523936927 -5.16620445
vt 0.183537692 0.301187664
f 1147/1147 1148/1148 1149/1149
v -0.89865464 0.530191183 -4.75825977
vt 0.576458097 0.071902521
v -0.982099771 0.654752731 -4.75825977
vt 0.576458037 0.0602438189
v -0.765196204 0.634662449 -5.28592682
vt 0.620132446 0.0639218614
f 1150/1150 1151/1151 1152/1152
v -0.765196204 0.634662449 -5.28592682
vt 0.620132446 0.0639218614
v -0.763529837 0.553632081 -5.25301695
vt 0.617777765 0.0701873675
v -0.89865464 0.530191183 -4.75825977
vt 0.576458097 0.071902521
f 1153/1153 1154/1154 1155/1155
v -0.69210732 -0.326185822 -4.75825977
vt 0.576458454 0.146141469
v -0.89865464 0.530191183 -4.75825977
vt 0.576458097 0.071902521
v -0.763529837 0.553632081 -5.25301695
vt 0.617777765 0.0701873675
f 1156/1156 1157/1157 1158/1158
v -0.763529837 0.553632081 -5.25301695
vt 0.617777765 0.0701873675
v -0.665575683 -0.326185942 -5.22130728
vt 0.616392255 0.144169793
v -0.69210732 -0.326185822 -4.75825977
vt 0.576458454 0.146141469
f 1159/1159 1160/1160 1161/1161
v -0.271952689 0.853540301 -5.49586535
vt 0.0710192546 0.333886832
v 0.0662842095 0.791767538 -5.27953815
vt 0.0785044804 0.297177792
v 0.040300183 0.509079814 -5.28592682
vt 0.0977464467 0.300029486
f 1162/1162 1163/1163 1164/1164
v 0.040300183 0.509079814 -5.28592682
vt 0.0977464467 0.300029486
v -0.362448037 0.571871102 -5.47393847
vt 0.0965129659 0.34142223
v -0.271952689 0.853540301 -5.49586535
vt 0.0710192546 0.333886832
f 1165/1165 1166/1166 1167/1167
v -0.944802642 0.935676694 -4.75826025
vt 0.576457858 0.0411013328
v -0.742149591 0.930047929 -5.3531847
vt 0.625650346 0.0385689661
v -0.765196204 0.634662449 -5.28592682
vt 0.620132446 0.0639218614
f 1168/1168 1169/1169 1170/1170
v -0.765196204 0.634662449 -5.28592682
vt 0.620132446 0.0639218614
v -0.982099771 0.654752731 -4.75825977
vt 0.576458037 0.0602438189
v -0.944802642 0.935676694 -4.75826025
vt 0.576457858 0.0411013328
f 1171/1171 1172/1172 1173/1173
v 0.0662842095 0.791767538 -5.27953815
vt 0.0785044804 0.297177792
v 0.193584144 0.771920621 -4.75826025
vt 0.0810337141 0.262189835
v 0.169160351 0.488989592 -4.75825977
vt 0.099996537 0.262217373
f 1174/1174 1175/1175 1176/1176
v 0.169160351 0.488989592 -4.75825977
vt 0.099996537 0.262217373
v 0.040300183 0.509079814 -5.28592682
vt 0.0977464467 0.300029486
v 0.0662842095 0.791767538 -5.27953815
vt 0.0785044804 0.297177792
f 1177/1177 1178/1178 1179/1179
v -0.765196204 0.634662449 -5.28592682
vt 0.698300123 0.26155147
v -0.362448037 0.571871102 -5.47393847
vt 0.744326055 0.261654526
v -0.385900497 0.494756937 -5.42930269
vt 0.741443038 0.268867046
f 1180/1180 1181/1181 1182/1182
v -0.385900497 0.494756937 -5.42930269
vt 0.741443038 0.268867046
v -0.763529837 0.553632081 -5.25301695
vt 0.698287725 0.268770367
v -0.765196204 0.634662449 -5.28592682
vt 0.698300123 0.26155147
f 1183/1183 1184/1184 1185/1185
v -0.743687034 1.2848767 -4.75826025
vt 0.576457739 0.00768292695
v -0.74231267 1.38082063 -5.24362278
vt 0.617330074 0.000570503355
v -0.742149591 0.930047929 -5.3531847
vt 0.625650346 0.0385689661
f 1186/1186 1187/1187 1188/1188
v -0.742149591 0.930047929 -5.3531847
vt 0.625650346 0.0385689661
v -0.944802642 0.935676694 -4.75826025
vt 0.576457858 0.0411013328
v -0.743687034 1.2848767 -4.75826025
vt 0.576457739 0.00768292695
f 1189/1189 1190/1190 1191/1191
v -0.271952689 0.853540301 -5.49586535
vt 0.0710192546 0.333886832
v -0.355384737 0.858174086 -5.66706419
vt 0.0680129752 0.351718217
v -0.332968682 1.12068832 -5.59017944
vt 0.0461103357 0.341163903
f 1192/1192 1193/1193 1194/1194
v -0.332968682 1.12068832 -5.59017944
vt 0.0461103357 0.341163903
v -0.214329123 1.29417217 -5.38993406
vt 0.0342296436 0.316895932
v -0.271952689 0.853540301 -5.49586535
vt 0.0710192546 0.333886832
f 1195/1195 1196/1196 1197/1197
v -0.362448037 0.571871102 -5.47393847
vt 0.744326055 0.261654526
v -0.765196204 0.634662449 -5.28592682
vt 0.698300123 0.26155147
v -0.527201533 0.878108084 -5.41619444
vt 0.723475337 0.237523526
f 1198/1198 1199/1199 1200/1200
v -0.765196204 0.634662449 -5.28592682
vt 0.698300123 0.26155147
v -0.742149591 0.930047929 -5.3531847
vt 0.698964953 0.23688677
v -0.527201533 0.878108084 -5.41619444
vt 0.723475337 0.237523526
f 1201/1201 1202/1202 1203/1203
v -0.271952689 0.853540301 -5.49586535
vt 0.752365708 0.238219649
v -0.362448037 0.571871102 -5.47393847
vt 0.744326055 0.261654526
v -0.527201533 0.878108084 -5.41619444
vt 0.723475337 0.237523526
f 1204/1204 1205/1205 1206/1206
v 0.0300563034 -0.523936749 -4.75825977
vt 0.18379499 0.26233092
v 0.0702204779 -1.08193493 -4.75825977
vt 0.238092646 0.262388438
v -0.0403417833 -0.778340161 -5.20559502
vt 0.206634611 0.304211199
f 1207/1207 1208/1208 1209/1209
v -0.0403417833 -0.778340161 -5.20559502
vt 0.206634611 0.304211199
v -0.0707703084 -0.523936927 -5.16620445
vt 0.183537692 0.301187664
v 0.0300563034 -0.523936749 -4.75825977
vt 0.18379499 0.26233092
f 1210/1210 1211/1211 1212/1212
v -0.0707703084 -0.523936927 -5.16620445
vt 0.183537692 0.301187664
v -0.0403417833 -0.778340161 -5.20559502
vt 0.206634611 0.304211199
v -0.385900497 -0.77834022 -5.36498356
vt 0.196865931 0.341571242
f 1213/1213 1214/1214 1215/1215
v -0.385900497 -0.77834022 -5.36498356
vt 0.196865931 0.341571242
v -0.385900497 -0.523936927 -5.31155777
vt 0.179383129 0.337096691
v -0.0707703084 -0.523936927 -5.16620445
vt 0.183537692 0.301187664
f 1216/1216 1217/1217 1218/1218
v -0.642862856 -0.523936927 -5.16606569
vt 0.613095164 0.160728186
v -0.781764209 -0.523936749 -4.75825977
vt 0.576458633 0.165700242
v -0.69210732 -0.326185822 -4.75825977
vt 0.576458454 0.146141469
f 1219/1219 1220/1220 1221/1221
v -0.69210732 -0.326185822 -4.75825977
vt 0.576458454 0.146141469
v -0.665575683 -0.326185942 -5.22130728
vt 0.616392255 0.144169793
v -0.642862856 -0.523936927 -5.16606569
vt 0.613095164 0.160728186
f 1222/1222 1223/1223 1224/1224
v -0.385900497 -0.523936927 -5.31155777
vt 0.747262418 0.353837639
v -0.642862856 -0.523936927 -5.16606569
vt 0.717486978 0.357153922
v -0.665575683 -0.326185942 -5.22130728
vt 0.715199172 0.340192109
f 1225/1225 1226/1226 1227/1227
v -0.665575683 -0.326185942 -5.22130728
vt 0.715199172 0.340192109
v -0.385900497 -0.326185971 -5.38629436
vt 0.747810483 0.336402088
v -0.385900497 -0.523936927 -5.31155777
vt 0.747262418 0.353837639
f 1228/1228 1229/1229 1230/1230
v -0.0403417833 -0.778340161 -5.20559502
vt 0.206634611 0.304211199
v -0.0109879915 -0.844735682 -5.24359417
vt 0.213666052 0.306048393
v -0.385900497 -0.844735682 -5.4165225
vt 0.202331707 0.344354659
f 1231/1231 1232/1232 1233/1233
v -0.385900497 -0.844735682 -5.4165225
vt 0.202331707 0.344354659
v -0.385900497 -0.77834022 -5.36498356
vt 0.196865931 0.341571242
v -0.0403417833 -0.778340161 -5.20559502
vt 0.206634611 0.304211199
f 1234/1234 1235/1235 1236/1236
v -0.385900497 -0.844735682 -5.4165225
vt 0.753663719 0.381438881
v -0.760812998 -0.844735682 -5.24359417
vt 0.711494625 0.386847764
v -0.7314592 -0.778340161 -5.20559502
vt 0.712516963 0.379873782
f 1237/1237 1238/1238 1239/1239
v -0.7314592 -0.778340161 -5.20559502
vt 0.712516963 0.379873782
v -0.385900497 -0.77834022 -5.36498356
vt 0.751384437 0.37488839
v -0.385900497 -0.844735682 -5.4165225
vt 0.753663719 0.381438881
f 1240/1240 1241/1241 1242/1242
v -0.7314592 -0.778340161 -5.20559502
vt 0.615129113 0.184912473
v -0.842021465 -1.08193493 -4.75825977
vt 0.576458931 0.212188542
v -0.781764209 -0.523936749 -4.75825977
vt 0.576458633 0.165700242
f 1243/1243 1244/1244 1245/1245
v -0.781764209 -0.523936749 -4.75825977
vt 0.576458633 0.165700242
v -0.642862856 -0.523936927 -5.16606569
vt 0.613095164 0.160728186
v -0.7314592 -0.778340161 -5.20559502
vt 0.615129113 0.184912473
f 1246/1246 1247/1247 1248/1248
v -0.385900497 -0.77834022 -5.36498356
vt 0.751384437 0.37488839
v -0.7314592 -0.778340161 -5.20559502
vt 0.712516963 0.379873782
v -0.642862856 -0.523936927 -5.16606569
vt 0.717486978 0.357153922
f 1249/1249 1250/1250 1251/1251
v -0.642862856 -0.523936927 -5.16606569
vt 0.717486978 0.357153922
v -0.385900497 -0.523936927 -5.31155777
vt 0.747262418 0.353837639
v -0.385900497 -0.77834022 -5.36498356
vt 0.751384437 0.37488839
f 1252/1252 1253/1253 1254/1254
v -0.760812998 -0.94255054 -5.24359417
vt 0.618485451 0.199859589
v -0.880767047 -1.27193451 -4.75825977
vt 0.576458991 0.229224175
v -0.880767047 -1.17411959 -4.75825977
vt 0.576458931 0.220857412
f 1255/1255 1256/1256 1257/1257
v -0.880767047 -1.17411959 -4.75825977
vt 0.576458931 0.220857412
v -0.760812998 -0.844735682 -5.24359417
vt 0.61814785 0.191429749
v -0.760812998 -0.94255054 -5.24359417
vt 0.618485451 0.199859589
f 1258/1258 1259/1259 1260/1260
v 0.0702204779 -1.08193493 -4.75825977
vt 0.238092646 0.262388438
v 0.108966075 -1.17411959 -4.75825977
vt 0.249596834 0.262396961
v -0.0109879915 -0.844735682 -5.24359417
vt 0.213666052 0.306048393
f 1261/1261 1262/1262 1263/1263
v -0.0109879915 -0.844735682 -5.24359417
vt 0.213666052 0.306048393
v -0.0403417833 -0.778340161 -5.20559502
vt 0.206634611 0.304211199
v 0.0702204779 -1.08193493 -4.75825977
vt 0.238092646 0.262388438
f 1264/1264 1265/1265 1266/1266
v -0.760812998 -0.844735682 -5.24359417
vt 0.61814785 0.191429749
v -0.880767047 -1.17411959 -4.75825977
vt 0.576458931 0.220857412
v -0.842021465 -1.08193493 -4.75825977
vt 0.576458931 0.212188542
f 1267/1267 1268/1268 1269/1269
v -0.842021465 -1.08193493 -4.75825977
vt 0.576458931 0.212188542
v -0.7314592 -0.778340161 -5.20559502
vt 0.615129113 0.184912473
v -0.760812998 -0.844735682 -5.24359417
vt 0.61814785 0.191429749
f 1270/1270 1271/1271 1272/1272
v -0.385900497 -0.9425506 -5.4165225
vt 0.754690588 0.389444619
v -0.385900497 -1.5925988 -5.44037294
vt 0.762182772 0.442595392
v -0.623336017 -1.5538255 -5.33794928
vt 0.735259056 0.442848712
f 1273/1273 1274/1274 1275/1275
v -0.623336017 -1.5538255 -5.33794928
vt 0.735259056 0.442848712
v -0.760812998 -0.94255054 -5.24359417
vt 0.712521434 0.394853503
v -0.385900497 -0.9425506 -5.4165225
vt 0.754690588 0.389444619
f 1276/1276 1277/1277 1278/1278
v 0.108966075 -1.27193451 -4.75825977
vt 0.260693699 0.262404352
v -0.0724969506 -1.57537532 -4.80566835
vt 0.294354707 0.295465976
v -0.148464978 -1.5538255 -5.33794928
vt 0.264099777 0.338907063
f 1279/1279 1280/1280 1281/1281
v -0.148464978 -1.5538255 -5.33794928
vt 0.264099777 0.338907063
v -0.0109879915 -0.94255054 -5.24359417
vt 0.221575096 0.307863116
v 0.108966075 -1.27193451 -4.75825977
vt 0.260693699 0.262404352
f 1282/1282 1283/1283 1284/1284
v -0.385900497 -0.844735682 -5.4165225
vt 0.753663719 0.381438881
v -0.385900497 -0.9425506 -5.4165225
vt 0.754690588 0.389444619
v -0.760812998 -0.94255054 -5.24359417
vt 0.712521434 0.394853503
f 1285/1285 1286/1286 1287/1287
v -0.760812998 -0.94255054 -5.24359417
vt 0.712521434 0.394853503
v -0.760812998 -0.844735682 -5.24359417
vt 0.711494625 0.386847764
v -0.385900497 -0.844735682 -5.4165225
vt 0.753663719 0.381438881
f 1288/1288 1289/1289 1290/1290
v -0.0109879915 -0.844735682 -5.24359417
vt 0.213666052 0.306048393
v -0.0109879915 -0.94255054 -5.24359417
vt 0.221575096 0.307863116
v -0.385900497 -0.9425506 -5.4165225
vt 0.209707543 0.346426457
f 1291/1291 1292/1292 1293/1293
v -0.385900497 -0.9425506 -5.4165225
vt 0.209707543 0.346426457
v -0.385900497 -0.844735682 -5.4165225
vt 0.202331707 0.344354659
v -0.0109879915 -0.844735682 -5.24359417
vt 0.213666052 0.306048393
f 1294/1294 1295/1295 1296/1296
v 0.108966075 -1.17411959 -4.75825977
vt 0.249596834 0.262396961
v 0.108966075 -1.27193451 -4.75825977
vt 0.260693699 0.262404352
v -0.0109879915 -0.94255054 -5.24359417
vt 0.221575096 0.307863116
f 1297/1297 1298/1298 1299/1299
v -0.0109879915 -0.94255054 -5.24359417
vt 0.221575096 0.307863116
v -0.0109879915 -0.844735682 -5.24359417
vt 0.213666052 0.306048393
v 0.108966075 -1.17411959 -4.75825977
vt 0.249596834 0.262396961
f 1300/1300 1301/1301 1302/1302
v -0.743687034 1.2848767 -4.75826025
vt 0.941126287 0.354780108
v -0.602014124 1.52073085 -4.75826025
vt 0.915904999 0.354780108
v -0.548621655 1.50556958 -4.94038868
vt 0.913333595 0.338487238
f 1303/1303 1304/1304 1305/1305
v -0.548621655 1.50556958 -4.94038868
vt 0.913333595 0.338487238
v -0.74231267 1.38082063 -5.24362278
vt 0.937296987 0.313189715
v -0.743687034 1.2848767 -4.75826025
vt 0.941126287 0.354780108
f 1306/1306 1307/1307 1308/1308
v -0.74231267 1.38082063 -5.24362278
vt 0.937296987 0.313189715
v -0.548621655 1.50556958 -4.94038868
vt 0.913333595 0.338487238
v -0.381745428 1.45818305 -4.97556829
vt 0.895508409 0.332190484
f 1309/1309 1310/1310 1311/1311
v -0.381745428 1.45818305 -4.97556829
vt 0.895508409 0.332190484
v -0.214329123 1.29417217 -5.38993406
vt 0.881448209 0.292790979
v -0.74231267 1.38082063 -5.24362278
vt 0.937296987 0.313189715
f 1312/1312 1313/1313 1314/1314
v -0.271952689 0.853540301 -5.49586535
vt 0.0710192546 0.333886832
v -0.214329123 1.29417217 -5.38993406
vt 0.0342296436 0.316895932
v 0.0130558535 1.08385694 -5.24363422
vt 0.0577219762 0.296597689
f 1315/1315 1316/1316 1317/1317
v 0.0130558535 1.08385694 -5.24363422
vt 0.0577219762 0.296597689
v 0.0662842095 0.791767538 -5.27953815
vt 0.0785044804 0.297177792
v -0.271952689 0.853540301 -5.49586535
vt 0.0710192546 0.333886832
f 1318/1318 1319/1319 1320/1320
v 0.0662842095 0.791767538 -5.27953815
vt 0.0785044804 0.297177792
v 0.0130558535 1.08385694 -5.24363422
vt 0.0577219762 0.296597689
v 0.110686675 1.05613375 -4.75826025
vt 0.0610411689 0.26216048
f 1321/1321 1322/1322 1323/1323
v 0.110686675 1.05613375 -4.75826025
vt 0.0610411689 0.26216048
v 0.193584144 0.771920621 -4.75826025
vt 0.0810337141 0.262189835
v 0.0662842095 0.791767538 -5.27953815
vt 0.0785044804 0.297177792
f 1324/1324 1325/1325 1326/1326
v -0.602014124 1.52073085 -4.75826025
vt 0.919466019 0.833464503
v -0.566070199 1.78382719 -4.75826025
vt 0.919466019 0.794068336
v -0.51258266 1.75670111 -4.9353323
vt 0.89295119 0.798130214
f 1327/1327 1328/1328 1329/1329
v -0.51258266 1.75670111 -4.9353323
vt 0.89295119 0.798130214
v -0.548621655 1.50556958 -4.94038868
vt 0.892193973 0.835734844
v -0.602014124 1.52073085 -4.75826025
vt 0.919466019 0.833464503
f 1330/1330 1331/1331 1332/1332
v -0.548621655 1.50556958 -4.94038868
vt 0.0967776179 0.688785613
v -0.51258266 1.75670111 -4.9353323
vt 0.0902804136 0.726477742
v -0.345409393 1.67191887 -4.9733448
vt 0.12507768 0.72581619
f 1333/1333 1334/1334 1335/1335
v -0.345409393 1.67191887 -4.9733448
vt 0.12507768 0.72581619
v -0.381745428 1.45818305 -4.97556829
vt 0.129577726 0.693355739
v -0.548621655 1.50556958 -4.94038868
vt 0.0967776179 0.688785613
f 1336/1336 1337/1337 1338/1338
v -0.214329123 1.29417217 -5.38993406
vt 0.0342296436 0.316895932
v -0.381745428 1.45818305 -4.97556829
vt 0.000570503355 0.287479639
v -0.214869186 1.41079688 -4.94038868
vt 0.0184542015 0.278084993
f 1339/1339 1340/1340 1341/1341
v -0.214869186 1.41079688 -4.94038868
vt 0.0184542015 0.278084993
v 0.0130558535 1.08385694 -5.24363422
vt 0.0577219762 0.296597689
v -0.214329123 1.29417217 -5.38993406
vt 0.0342296436 0.316895932
f 1342/1342 1343/1343 1344/1344
v -0.214869186 1.41079688 -4.94038868
vt 0.0184542015 0.278084993
v -0.161476776 1.39563572 -4.75826025
vt 0.0231881291 0.262104124
v 0.110686675 1.05613375 -4.75826025
vt 0.0610411689 0.26216048
f 1345/1345 1346/1346 1347/1347
v 0.110686675 1.05613375 -4.75826025
vt 0.0610411689 0.26216048
v 0.0130558535 1.08385694 -5.24363422
vt 0.0577219762 0.296597689
v -0.214869186 1.41079688 -4.94038868
vt 0.0184542015 0.278084993
f 1348/1348 1349/1349 1350/1350
v -0.47023505 1.1981039 -5.67679501
vt 0.912033916 0.272155255
v -0.74231267 1.38082063 -5.24362278
vt 0.937296987 0.313189715
v -0.214329123 1.29417217 -5.38993406
vt 0.881448209 0.292790979
f 1351/1351 1352/1352 1353/1353
v -0.355384737 0.858174086 -5.66706419
vt 0.0680129752 0.351718217
v -0.413623512 0.889294982 -5.82950592
vt 0.0629460737 0.366699159
v -0.332968682 1.12068832 -5.59017944
vt 0.0461103357 0.341163903
f 1354/1354 1355/1355 1356/1356
v -0.514157772 -0.384092093 -5.91454983
vt 0.175891772 0.395345598
v -0.489742786 -0.375146836 -6.00871611
vt 0.173581883 0.404111564
v -0.355384737 0.858174086 -5.66706419
vt 0.0680129752 0.351718217
f 1357/1357 1358/1358 1359/1359
v -0.355384737 0.858174086 -5.66706419
vt 0.0680129752 0.351718217
v -0.271952689 0.853540301 -5.49586535
vt 0.0710192546 0.333886832
v -0.514157772 -0.384092093 -5.91454983
vt 0.175891772 0.395345598
f 1360/1360 1361/1361 1362/1362
v -0.667802393 0.953240752 -5.80836296
vt 0.935428619 0.252653509
v -0.699139118 1.16502833 -5.50305319
vt 0.937131941 0.284104437
v -0.47023505 1.1981039 -5.67679501
vt 0.912033916 0.272155255
f 1363/1363 1364/1364 1365/1365
v -0.47023505 1.1981039 -5.67679501
vt 0.912033916 0.272155255
v -0.543031096 0.92867291 -5.88803339
vt 0.921557009 0.246531993
v -0.667802393 0.953240752 -5.80836296
vt 0.935428619 0.252653509
f 1366/1366 1367/1367 1368/1368
v -0.206026331 -2.76339173 -4.94841099
vt 0.358061343 0.398461998
v -0.249627247 -2.75102377 -5.25390768
vt 0.335084409 0.414130151
v -0.148464978 -1.5538255 -5.33794928
vt 0.264099777 0.338907063
f 1369/1369 1370/1370 1371/1371
v -0.148464978 -1.5538255 -5.33794928
vt 0.264099777 0.338907063
v -0.0724969506 -1.57537532 -4.80566835
vt 0.294354707 0.295465976
v -0.206026331 -2.76339173 -4.94841099
vt 0.358061343 0.398461998
f 1372/1372 1373/1373 1374/1374
v -0.385900497 -1.57537532 -4.80566835
vt 0.334400475 0.290184766
v -0.385900497 -2.76339173 -4.94841099
vt 0.375532508 0.387193739
v -0.206026331 -2.76339173 -4.94841099
vt 0.358061343 0.398461998
f 1375/1375 1376/1376 1377/1377
v -0.206026331 -2.76339173 -4.94841099
vt 0.358061343 0.398461998
v -0.0724969506 -1.57537532 -4.80566835
vt 0.294354707 0.295465976
v -0.385900497 -1.57537532 -4.80566835
vt 0.334400475 0.290184766
f 1378/1378 1379/1379 1380/1380
v -0.623336017 -1.5538255 -5.33794928
vt 0.633313119 0.252181768
v -0.699304044 -1.57537532 -4.80566835
vt 0.588165879 0.259726137
v -0.880767047 -1.27193451 -4.75825977
vt 0.576458991 0.229224175
f 1381/1381 1382/1382 1383/1383
v -0.880767047 -1.27193451 -4.75825977
vt 0.576458991 0.229224175
v -0.760812998 -0.94255054 -5.24359417
vt 0.618485451 0.199859589
v -0.623336017 -1.5538255 -5.33794928
vt 0.633313119 0.252181768
f 1384/1384 1385/1385 1386/1386
v -0.148464978 -1.5538255 -5.33794928
vt 0.264099777 0.338907063
v -0.385900497 -1.5925988 -5.44037294
vt 0.253523976 0.36345911
v -0.385900497 -0.9425506 -5.4165225
vt 0.209707543 0.346426457
f 1387/1387 1388/1388 1389/1389
v -0.385900497 -0.9425506 -5.4165225
vt 0.209707543 0.346426457
v -0.0109879915 -0.94255054 -5.24359417
vt 0.221575096 0.307863116
v -0.148464978 -1.5538255 -5.33794928
vt 0.264099777 0.338907063
f 1390/1390 1391/1391 1392/1392
v -0.699304044 -1.57537532 -4.80566835
vt 0.369805455 0.286433995
v -0.385900497 -1.57537532 -4.80566835
vt 0.334400475 0.290184766
v -0.880767047 -1.27193451 -4.75825977
vt 0.385555089 0.262475729
f 1393/1393 1394/1394 1395/1395
v -0.385900497 -1.57537532 -4.80566835
vt 0.334400475 0.290184766
v -0.0724969506 -1.57537532 -4.80566835
vt 0.294354707 0.295465976
v 0.108966075 -1.27193451 -4.75825977
vt 0.260693699 0.262404352
f 1396/1396 1397/1397 1398/1398
v -0.385900497 -1.57537532 -4.80566835
vt 0.334400475 0.290184766
v 0.108966075 -1.27193451 -4.75825977
vt 0.260693699 0.262404352
v -0.880767047 -1.27193451 -4.75825977
vt 0.385555089 0.262475729
f 1399/1399 1400/1400 1401/1401
v -0.235033646 -3.01292419 -5.30175209
vt 0.345354974 0.431818604
v -0.421695799 -3.04340625 -5.38227367
vt 0.331585675 0.444351345
v -0.385900497 -2.77327704 -5.31269264
vt 0.324278355 0.424676448
f 1402/1402 1403/1403 1404/1404
v -0.385900497 -2.77327704 -5.31269264
vt 0.324278355 0.424676448
v -0.249627247 -2.75102377 -5.25390768
vt 0.335084409 0.414130151
v -0.235033646 -3.01292419 -5.30175209
vt 0.345354974 0.431818604
f 1405/1405 1406/1406 1407/1407
v -0.565774679 -2.76339173 -4.94841099
vt 0.39252761 0.378371865
v -0.668080926 -3.0298655 -4.88329411
vt 0.41191864 0.392273545
v -0.421695799 -3.0298655 -4.88329411
vt 0.390696704 0.404320061
f 1408/1408 1409/1409 1410/1410
v -0.421695799 -3.0298655 -4.88329411
vt 0.390696704 0.404320061
v -0.385900497 -2.76339173 -4.94841099
vt 0.375532508 0.387193739
v -0.565774679 -2.76339173 -4.94841099
vt 0.39252761 0.378371865
f 1411/1411 1412/1412 1413/1413
v -0.385900497 -1.5925988 -5.44037294
vt 0.762182772 0.442595392
v -0.385900497 -2.77327704 -5.31269264
vt 0.771371007 0.540157795
v -0.522173762 -2.75102377 -5.25390768
vt 0.755918443 0.54030323
f 1414/1414 1415/1415 1416/1416
v -0.522173762 -2.75102377 -5.25390768
vt 0.755918443 0.54030323
v -0.623336017 -1.5538255 -5.33794928
vt 0.735259056 0.442848712
v -0.385900497 -1.5925988 -5.44037294
vt 0.762182772 0.442595392
f 1417/1417 1418/1418 1419/1419
v -0.623336017 -1.5538255 -5.33794928
vt 0.633313119 0.252181768
v -0.522173762 -2.75102377 -5.25390768
vt 0.641191125 0.353887051
v -0.565774679 -2.76339173 -4.94841099
vt 0.615279317 0.358217031
f 1420/1420 1421/1421 1422/1422
v -0.565774679 -2.76339173 -4.94841099
vt 0.615279317 0.358217031
v -0.699304044 -1.57537532 -4.80566835
vt 0.588165879 0.259726137
v -0.623336017 -1.5538255 -5.33794928
vt 0.633313119 0.252181768
f 1423/1423 1424/1424 1425/1425
v -0.565774679 -2.76339173 -4.94841099
vt 0.39252761 0.378371865
v -0.385900497 -2.76339173 -4.94841099
vt 0.375532508 0.387193739
v -0.385900497 -1.57537532 -4.80566835
vt 0.334400475 0.290184766
f 1426/1426 1427/1427 1428/1428
v -0.385900497 -1.57537532 -4.80566835
vt 0.334400475 0.290184766
v -0.699304044 -1.57537532 -4.80566835
vt 0.369805455 0.286433995
v -0.565774679 -2.76339173 -4.94841099
vt 0.39252761 0.378371865
f 1429/1429 1430/1430 1431/1431
v -0.249627247 -2.75102377 -5.25390768
vt 0.335084409 0.414130151
v -0.385900497 -2.77327704 -5.31269264
vt 0.324278355 0.424676448
v -0.385900497 -1.5925988 -5.44037294
vt 0.253523976 0.36345911
f 1432/1432 1433/1433 1434/1434
v -0.385900497 -1.5925988 -5.44037294
vt 0.253523976 0.36345911
v -0.148464978 -1.5538255 -5.33794928
vt 0.264099777 0.338907063
v -0.249627247 -2.75102377 -5.25390768
vt 0.335084409 0.414130151
f 1435/1435 1436/1436 1437/1437
v -0.385900497 -4.46471882 -5.29165316
vt 0.788727105 0.679916859
v -0.498879105 -4.55162811 -5.24291706
vt 0.777016938 0.688641906
v -0.608357966 -3.01292419 -5.30175209
vt 0.751273155 0.563665867
f 1438/1438 1439/1439 1440/1440
v -0.608357966 -3.01292419 -5.30175209
vt 0.751273155 0.563665867
v -0.421695799 -3.04340625 -5.38227367
vt 0.772439539 0.563466549
v -0.385900497 -4.46471882 -5.29165316
vt 0.788727105 0.679916859
f 1441/1441 1442/1442 1443/1443
v -0.175310686 -3.0298655 -4.88329411
vt 0.371067882 0.416976541
v -0.236774147 -4.4565239 -4.98964262
vt 0.425703764 0.505427897
v -0.27292189 -4.44626999 -5.24291706
vt 0.408557326 0.516623437
f 1444/1444 1445/1445 1446/1446
v -0.27292189 -4.44626999 -5.24291706
vt 0.408557326 0.516623437
v -0.235033646 -3.01292419 -5.30175209
vt 0.345354974 0.431818604
v -0.175310686 -3.0298655 -4.88329411
vt 0.371067882 0.416976541
f 1447/1447 1448/1448 1449/1449
v -0.385900497 -2.76339173 -4.94841099
vt 0.375532508 0.387193739
v -0.421695799 -3.0298655 -4.88329411
vt 0.390696704 0.404320061
v -0.175310686 -3.0298655 -4.88329411
vt 0.371067882 0.416976541
f 1450/1450 1451/1451 1452/1452
v -0.175310686 -3.0298655 -4.88329411
vt 0.371067882 0.416976541
v -0.206026331 -2.76339173 -4.94841099
vt 0.358061343 0.398461998
v -0.385900497 -2.76339173 -4.94841099
vt 0.375532508 0.387193739
f 1453/1453 1454/1454 1455/1455
v -0.206026331 -2.76339173 -4.94841099
vt 0.358061343 0.398461998
v -0.175310686 -3.0298655 -4.88329411
vt 0.371067882 0.416976541
v -0.235033646 -3.01292419 -5.30175209
vt 0.345354974 0.431818604
f 1456/1456 1457/1457 1458/1458
v -0.235033646 -3.01292419 -5.30175209
vt 0.345354974 0.431818604
v -0.249627247 -2.75102377 -5.25390768
vt 0.335084409 0.414130151
v -0.206026331 -2.76339173 -4.94841099
vt 0.358061343 0.398461998
f 1459/1459 1460/1460 1461/1461
v -0.421695799 -3.04340625 -5.38227367
vt 0.772439539 0.563466549
v -0.608357966 -3.01292419 -5.30175209
vt 0.751273155 0.563665867
v -0.522173762 -2.75102377 -5.25390768
vt 0.755918443 0.54030323
f 1462/1462 1463/1463 1464/1464
v -0.522173762 -2.75102377 -5.25390768
vt 0.755918443 0.54030323
v -0.385900497 -2.77327704 -5.31269264
vt 0.771371007 0.540157795
v -0.421695799 -3.04340625 -5.38227367
vt 0.772439539 0.563466549
f 1465/1465 1466/1466 1467/1467
v -0.608357966 -3.01292419 -5.30175209
vt 0.64656651 0.377678692
v -0.668080926 -3.0298655 -4.88329411
vt 0.611073494 0.383609712
v -0.565774679 -2.76339173 -4.94841099
vt 0.615279317 0.358217031
f 1468/1468 1469/1469 1470/1470
v -0.565774679 -2.76339173 -4.94841099
vt 0.615279317 0.358217031
v -0.522173762 -2.75102377 -5.25390768
vt 0.641191125 0.353887051
v -0.608357966 -3.01292419 -5.30175209
vt 0.64656651 0.377678692
f 1471/1471 1472/1472 1473/1473
v -0.498879105 -4.65356731 -5.24377251
vt 0.359137177 0.949210227
v -0.535026848 -4.66382122 -4.99049807
vt 0.359137177 0.911253572
v -0.535026848 -4.56188202 -4.98964262
vt 0.343879998 0.911743164
f 1474/1474 1475/1475 1476/1476
v -0.535026848 -4.56188202 -4.98964262
vt 0.343879998 0.911743164
v -0.498879105 -4.55162811 -5.24291706
vt 0.343879968 0.9496997
v -0.498879105 -4.65356731 -5.24377251
vt 0.359137177 0.949210227
f 1477/1477 1478/1478 1479/1479
v -0.385900497 -4.67201614 -5.2925086
vt 0.98371315 0.0245545805
v -0.498879105 -4.65356731 -5.24377251
vt 0.98371315 0.00248086452
v -0.498879105 -4.55162811 -5.24291706
vt 0.968568683 0.000570505857
f 1480/1480 1481/1481 1482/1482
v -0.498879105 -4.55162811 -5.24291706
vt 0.968568683 0.000570505857
v -0.385900497 -4.46471882 -5.29165316
vt 0.952916324 0.0206698179
v -0.385900497 -4.67201614 -5.2925086
vt 0.98371315 0.0245545805
f 1483/1483 1484/1484 1485/1485
v -0.498879105 -4.55162811 -5.24291706
vt 0.660287559 0.507616401
v -0.535026848 -4.56188202 -4.98964262
vt 0.638805151 0.51120621
v -0.668080926 -3.0298655 -4.88329411
vt 0.611073494 0.383609712
f 1486/1486 1487/1487 1488/1488
v -0.668080926 -3.0298655 -4.88329411
vt 0.611073494 0.383609712
v -0.608357966 -3.01292419 -5.30175209
vt 0.64656651 0.377678692
v -0.498879105 -4.55162811 -5.24291706
vt 0.660287559 0.507616401
f 1489/1489 1490/1490 1491/1491
v -0.535026848 -4.56188202 -4.98964262
vt 0.454630971 0.498734802
v -0.385900497 -4.56188202 -4.98964262
vt 0.44204697 0.505515695
v -0.421695799 -3.0298655 -4.88329411
vt 0.390696704 0.404320061
f 1492/1492 1493/1493 1494/1494
v -0.421695799 -3.0298655 -4.88329411
vt 0.390696704 0.404320061
v -0.668080926 -3.0298655 -4.88329411
vt 0.41191864 0.392273545
v -0.535026848 -4.56188202 -4.98964262
vt 0.454630971 0.498734802
f 1495/1495 1496/1496 1497/1497
v -0.27292189 -4.44626999 -5.24291706
vt 0.408557326 0.516623437
v -0.385900497 -4.46471882 -5.29165316
vt 0.40033257 0.524691284
v -0.421695799 -3.04340625 -5.38227367
vt 0.331585675 0.444351345
f 1498/1498 1499/1499 1500/1500
v -0.421695799 -3.04340625 -5.38227367
vt 0.331585675 0.444351345
v -0.235033646 -3.01292419 -5.30175209
vt 0.345354974 0.431818604
v -0.27292189 -4.44626999 -5.24291706
vt 0.408557326 0.516623437
f 1501/1501 1502/1502 1503/1503
v -0.421695799 -3.0298655 -4.88329411
vt 0.390696704 0.404320061
v -0.385900497 -4.56188202 -4.98964262
vt 0.44204697 0.505515695
v -0.236774147 -4.4565239 -4.98964262
vt 0.425703764 0.505427897
f 1504/1504 1505/1505 1506/1506
v -0.236774147 -4.4565239 -4.98964262
vt 0.425703764 0.505427897
v -0.175310686 -3.0298655 -4.88329411
vt 0.371067882 0.416976541
v -0.421695799 -3.0298655 -4.88329411
vt 0.390696704 0.404320061
f 1507/1507 1508/1508 1509/1509
v -0.527201533 0.878108084 -5.41619444
vt 0.723475337 0.237523526
v -0.583984375 -0.38818869 -5.87072802
vt 0.743318319 0.124350816
v -0.514157772 -0.384092093 -5.91454983
vt 0.751394391 0.125744134
f 1510/1510 1511/1511 1512/1512
v -0.514157772 -0.384092093 -5.91454983
vt 0.751394391 0.125744134
v -0.271952689 0.853540301 -5.49586535
vt 0.752365708 0.238219649
v -0.527201533 0.878108084 -5.41619444
vt 0.723475337 0.237523526
f 1513/1513 1514/1514 1515/1515
v -0.737850547 0.948606968 -5.63716364
vt 0.648942828 0.0377038158
v -0.69361788 -0.376483023 -5.99226952
vt 0.680352628 0.14678292
v -0.658319116 -0.385036886 -5.90292025
vt 0.671870112 0.147595003
f 1516/1516 1517/1517 1518/1518
v -0.658319116 -0.385036886 -5.90292025
vt 0.671870112 0.147595003
v -0.742149591 0.930047929 -5.3531847
vt 0.625650346 0.0385689661
v -0.737850547 0.948606968 -5.63716364
vt 0.648942828 0.0377038158
f 1519/1519 1520/1520 1521/1521
v -0.658319116 -0.385036886 -5.90292025
vt 0.735274792 0.122284621
v -0.583984375 -0.38818869 -5.87072802
vt 0.743318319 0.124350816
v -0.527201533 0.878108084 -5.41619444
vt 0.723475337 0.237523526
f 1522/1522 1523/1523 1524/1524
v -0.527201533 0.878108084 -5.41619444
vt 0.723475337 0.237523526
v -0.742149591 0.930047929 -5.3531847
vt 0.698964953 0.23688677
v -0.658319116 -0.385036886 -5.90292025
vt 0.735274792 0.122284621
f 1525/1525 1526/1526 1527/1527
v -0.442305446 -0.545899451 -6.07314205
vt 0.188734576 0.411960095
v -0.502668321 -0.496352494 -6.18766546
vt 0.18140389 0.422204614
v -0.525041401 -0.366593033 -6.0980649
vt 0.170653105 0.41283378
f 1528/1528 1529/1529 1530/1530
v -0.525041401 -0.366593033 -6.0980649
vt 0.170653105 0.41283378
v -0.489742786 -0.375146836 -6.00871611
vt 0.173581883 0.404111564
v -0.442305446 -0.545899451 -6.07314205
vt 0.188734576 0.411960095
f 1531/1531 1532/1532 1533/1533
v -0.502668321 -0.496352494 -6.18766546
vt 0.929097056 0.124546558
v -0.612698853 -0.479455471 -6.22204733
vt 0.940443635 0.125834614
v -0.599376261 -0.363441169 -6.13025761
vt 0.938537836 0.137765914
f 1534/1534 1535/1535 1536/1536
v -0.599376261 -0.363441169 -6.13025761
vt 0.938537836 0.137765914
v -0.525041401 -0.366593033 -6.0980649
vt 0.929829776 0.137700111
v -0.502668321 -0.496352494 -6.18766546
vt 0.929097056 0.124546558
f 1537/1537 1538/1538 1539/1539
v -0.67224437 -0.607826173 -5.91404724
vt 0.737779617 0.104730874
v -0.562213898 -0.624723196 -5.8796649
vt 0.749161541 0.105977088
v -0.583984375 -0.38818869 -5.87072802
vt 0.743318319 0.124350816
f 1540/1540 1541/1541 1542/1542
v -0.583984375 -0.38818869 -5.87072802
vt 0.743318319 0.124350816
v -0.658319116 -0.385036886 -5.90292025
vt 0.735274792 0.122284621
v -0.67224437 -0.607826173 -5.91404724
vt 0.737779617 0.104730874
f 1543/1543 1544/1544 1545/1545
v -0.707942784 -0.50510639 -6.15614843
vt 0.694132447 0.157323763
v -0.732607365 -0.558279157 -6.02857065
vt 0.683999479 0.161637619
v -0.69361788 -0.376483023 -5.99226952
vt 0.680352628 0.14678292
f 1546/1546 1547/1547 1548/1548
v -0.69361788 -0.376483023 -5.99226952
vt 0.680352628 0.14678292
v -0.669202924 -0.367537707 -6.08643579
vt 0.688591182 0.1454238
v -0.707942784 -0.50510639 -6.15614843
vt 0.694132447 0.157323763
f 1549/1549 1550/1550 1551/1551
v -0.413623512 0.889294982 -5.82950592
vt 0.907093704 0.244297892
v -0.525041401 -0.366593033 -6.0980649
vt 0.929829776 0.137700111
v -0.599376261 -0.363441169 -6.13025761
vt 0.938537836 0.137765914
f 1552/1552 1553/1553 1554/1554
v -0.599376261 -0.363441169 -6.13025761
vt 0.938537836 0.137765914
v -0.543031096 0.92867291 -5.88803339
vt 0.921557009 0.246531993
v -0.413623512 0.889294982 -5.82950592
vt 0.907093704 0.244297892
f 1555/1555 1556/1556 1557/1557
v -0.543031096 0.92867291 -5.88803339
vt 0.921557009 0.246531993
v -0.599376261 -0.363441169 -6.13025761
vt 0.938537836 0.137765914
v -0.669202924 -0.367537707 -6.08643579
vt 0.947254062 0.139596909
f 1558/1558 1559/1559 1560/1560
v -0.669202924 -0.367537707 -6.08643579
vt 0.947254062 0.139596909
v -0.667802393 0.953240752 -5.80836296
vt 0.935428619 0.252653509
v -0.543031096 0.92867291 -5.88803339
vt 0.921557009 0.246531993
f 1561/1561 1562/1562 1563/1563
v -0.489742786 -0.375146836 -6.00871611
vt 0.173581883 0.404111564
v -0.525041401 -0.366593033 -6.0980649
vt 0.170653105 0.41283378
v -0.413623512 0.889294982 -5.82950592
vt 0.0629460737 0.366699159
f 1564/1564 1565/1565 1566/1566
v -0.413623512 0.889294982 -5.82950592
vt 0.0629460737 0.366699159
v -0.355384737 0.858174086 -5.66706419
vt 0.0680129752 0.351718217
v -0.489742786 -0.375146836 -6.00871611
vt 0.173581883 0.404111564
f 1567/1567 1568/1568 1569/1569
v -0.667802393 0.953240752 -5.80836296
vt 0.664332151 0.0361357667
v -0.669202924 -0.367537707 -6.08643579
vt 0.688591182 0.1454238
v -0.69361788 -0.376483023 -5.99226952
vt 0.680352628 0.14678292
f 1570/1570 1571/1571 1572/1572
v -0.69361788 -0.376483023 -5.99226952
vt 0.680352628 0.14678292
v -0.737850547 0.948606968 -5.63716364
vt 0.648942828 0.0377038158
v -0.667802393 0.953240752 -5.80836296
vt 0.664332151 0.0361357667
f 1573/1573 1574/1574 1575/1575
v -0.478817403 -2.0092957 -6.06272173
vt 0.778603017 0.000570505857
v -0.43190828 -2.00423384 -6.03821135
vt 0.783507049 0.00222751498
v -0.562213898 -0.624723196 -5.8796649
vt 0.749161541 0.105977088
f 1576/1576 1577/1577 1578/1578
v -0.562213898 -0.624723196 -5.8796649
vt 0.749161541 0.105977088
v -0.67224437 -0.607826173 -5.91404724
vt 0.737779617 0.104730874
v -0.478817403 -2.0092957 -6.06272173
vt 0.778603017 0.000570505857
f 1579/1579 1580/1580 1581/1581
v -0.476313174 -2.03511143 -6.18102646
vt 0.697146714 0.279314399
v -0.497210473 -2.02208591 -6.12187815
vt 0.691880286 0.277878135
v -0.732607365 -0.558279157 -6.02857065
vt 0.683999479 0.161637619
f 1582/1582 1583/1583 1584/1584
v -0.732607365 -0.558279157 -6.02857065
vt 0.683999479 0.161637619
v -0.707942784 -0.50510639 -6.15614843
vt 0.694132447 0.157323763
v -0.476313174 -2.03511143 -6.18102646
vt 0.697146714 0.279314399
f 1585/1585 1586/1586 1587/1587
v -0.43190828 -2.00423384 -6.03821135
vt 0.783507049 0.00222751498
v -0.383961946 -2.00986505 -6.06270456
vt 0.788727105 0.00264471769
v -0.466970146 -0.599072218 -5.94556379
vt 0.7596789 0.109803826
f 1588/1588 1589/1589 1590/1590
v -0.466970146 -0.599072218 -5.94556379
vt 0.7596789 0.109803826
v -0.562213898 -0.624723196 -5.8796649
vt 0.749161541 0.105977088
v -0.43190828 -2.00423384 -6.03821135
vt 0.783507049 0.00222751498
f 1591/1591 1592/1592 1593/1593
v -0.497210473 -2.02208591 -6.12187815
vt 0.691880286 0.277878135
v -0.478817403 -2.0092957 -6.06272173
vt 0.68681103 0.277341366
v -0.67224437 -0.607826173 -5.91404724
vt 0.673450828 0.165948793
f 1594/1594 1595/1595 1596/1596
v -0.67224437 -0.607826173 -5.91404724
vt 0.673450828 0.165948793
v -0.732607365 -0.558279157 -6.02857065
vt 0.683999479 0.161637619
v -0.497210473 -2.02208591 -6.12187815
vt 0.691880286 0.277878135
f 1597/1597 1598/1598 1599/1599
v -0.612698853 -0.479455471 -6.22204733
vt 0.940443635 0.125834614
v -0.707942784 -0.50510639 -6.15614843
vt 0.951775372 0.126279742
v -0.669202924 -0.367537707 -6.08643579
vt 0.947254062 0.139596909
f 1600/1600 1601/1601 1602/1602
v -0.669202924 -0.367537707 -6.08643579
vt 0.947254062 0.139596909
v -0.599376261 -0.363441169 -6.13025761
vt 0.938537836 0.137765914
v -0.612698853 -0.479455471 -6.22204733
vt 0.940443635 0.125834614
f 1603/1603 1604/1604 1605/1605
v -0.466970146 -0.599072218 -5.94556379
vt 0.194487005 0.401652545
v -0.442305446 -0.545899451 -6.07314205
vt 0.188734576 0.411960095
v -0.489742786 -0.375146836 -6.00871611
vt 0.173581883 0.404111564
f 1606/1606 1607/1607 1608/1608
v -0.489742786 -0.375146836 -6.00871611
vt 0.173581883 0.404111564
v -0.514157772 -0.384092093 -5.91454983
vt 0.175891772 0.395345598
v -0.466970146 -0.599072218 -5.94556379
vt 0.194487005 0.401652545
f 1609/1609 1610/1610 1611/1611
v -0.732607365 -0.558279157 -6.02857065
vt 0.683999479 0.161637619
v -0.67224437 -0.607826173 -5.91404724
vt 0.673450828 0.165948793
v -0.658319116 -0.385036886 -5.90292025
vt 0.671870112 0.147595003
f 1612/1612 1613/1613 1614/1614
v -0.658319116 -0.385036886 -5.90292025
vt 0.671870112 0.147595003
v -0.69361788 -0.376483023 -5.99226952
vt 0.680352628 0.14678292
v -0.732607365 -0.558279157 -6.02857065
vt 0.683999479 0.161637619
f 1615/1615 1616/1616 1617/1617
v -0.562213898 -0.624723196 -5.8796649
vt 0.749161541 0.105977088
v -0.466970146 -0.599072218 -5.94556379
vt 0.7596789 0.109803826
v -0.514157772 -0.384092093 -5.91454983
vt 0.751394391 0.125744134
f 1618/1618 1619/1619 1620/1620
v -0.514157772 -0.384092093 -5.91454983
vt 0.751394391 0.125744134
v -0.583984375 -0.38818869 -5.87072802
vt 0.743318319 0.124350816
v -0.562213898 -0.624723196 -5.8796649
vt 0.749161541 0.105977088
f 1621/1621 1622/1622 1623/1623
v -0.502668321 -0.496352494 -6.18766546
vt 0.929097056 0.124546558
v -0.381457627 -2.03568101 -6.18100929
vt 0.931369662 0.000570505857
v -0.428366721 -2.04074335 -6.20551968
vt 0.936629713 0.000765293837
f 1624/1624 1625/1625 1626/1626
v -0.428366721 -2.04074335 -6.20551968
vt 0.936629713 0.000765293837
v -0.612698853 -0.479455471 -6.22204733
vt 0.940443635 0.125834614
v -0.502668321 -0.496352494 -6.18766546
vt 0.929097056 0.124546558
f 1627/1627 1628/1628 1629/1629
v -0.442305446 -0.545899451 -6.07314205
vt 0.188734576 0.411960095
v -0.363064557 -2.02289081 -6.12185335
vt 0.310415328 0.439948976
v -0.381457627 -2.03568101 -6.18100929
vt 0.310272723 0.445642024
f 1630/1630 1631/1631 1632/1632
v -0.381457627 -2.03568101 -6.18100929
vt 0.310272723 0.445642024
v -0.502668321 -0.496352494 -6.18766546
vt 0.18140389 0.422204614
v -0.442305446 -0.545899451 -6.07314205
vt 0.188734576 0.411960095
f 1633/1633 1634/1634 1635/1635
v -0.612698853 -0.479455471 -6.22204733
vt 0.940443635 0.125834614
v -0.428366721 -2.04074335 -6.20551968
vt 0.936629713 0.000765293837
v -0.476313174 -2.03511143 -6.18102646
vt 0.942316413 0.00186944008
f 1636/1636 1637/1637 1638/1638
v -0.476313174 -2.03511143 -6.18102646
vt 0.942316413 0.00186944008
v -0.707942784 -0.50510639 -6.15614843
vt 0.951775372 0.126279742
v -0.612698853 -0.479455471 -6.22204733
vt 0.940443635 0.125834614
f 1639/1639 1640/1640 1641/1641
v -0.466970146 -0.599072218 -5.94556379
vt 0.194487005 0.401652545
v -0.383961946 -2.00986505 -6.06270456
vt 0.310251713 0.434331596
v -0.363064557 -2.02289081 -6.12185335
vt 0.310415328 0.439948976
f 1642/1642 1643/1643 1644/1644
v -0.363064557 -2.02289081 -6.12185335
vt 0.310415328 0.439948976
v -0.442305446 -0.545899451 -6.07314205
vt 0.188734576 0.411960095
v -0.466970146 -0.599072218 -5.94556379
vt 0.194487005 0.401652545
f 1645/1645 1646/1646 1647/1647
v -0.413623512 0.889294982 -5.82950592
vt 0.907093704 0.244297892
v -0.543031096 0.92867291 -5.88803339
vt 0.921557009 0.246531993
v -0.47023505 1.1981039 -5.67679501
vt 0.912033916 0.272155255
f 1648/1648 1649/1649 1650/1650
v -0.47023505 1.1981039 -5.67679501
vt 0.912033916 0.272155255
v -0.332968682 1.12068832 -5.59017944
vt 0.895040035 0.270667464
v -0.413623512 0.889294982 -5.82950592
vt 0.907093704 0.244297892
f 1651/1651 1652/1652 1653/1653
v -0.699139118 1.16502833 -5.50305319
vt 0.639286399 0.0190238263
v -0.737850547 0.948606968 -5.63716364
vt 0.648942828 0.0377038158
v -0.742149591 0.930047929 -5.3531847
vt 0.625650346 0.0385689661
f 1654/1654 1655/1655 1656/1656
v -0.742149591 0.930047929 -5.3531847
vt 0.625650346 0.0385689661
v -0.74231267 1.38082063 -5.24362278
vt 0.617330074 0.000570503355
v -0.699139118 1.16502833 -5.50305319
vt 0.639286399 0.0190238263
f 1657/1657 1658/1658 1659/1659
v -0.737850547 0.948606968 -5.63716364
vt 0.648942828 0.0377038158
v -0.699139118 1.16502833 -5.50305319
vt 0.639286399 0.0190238263
v -0.667802393 0.953240752 -5.80836296
vt 0.664332151 0.0361357667
f 1660/1660 1661/1661 1662/1662
v -0.74231267 1.38082063 -5.24362278
vt 0.937296987 0.313189715
v -0.47023505 1.1981039 -5.67679501
vt 0.912033916 0.272155255
v -0.699139118 1.16502833 -5.50305319
vt 0.937131941 0.284104437
f 1663/1663 1664/1664 1665/1665
v -0.214329123 1.29417217 -5.38993406
vt 0.881448209 0.292790979
v -0.332968682 1.12068832 -5.59017944
vt 0.895040035 0.270667464
v -0.47023505 1.1981039 -5.67679501
vt 0.912033916 0.272155255
f 1666/1666 1667/1667 1668/1668
v -0.178236037 1.58713675 -4.9353323
vt 0.159874946 0.725154638
v -0.345409393 1.67191887 -4.9733448
vt 0.12507768 0.72581619
v -0.249986455 1.91940463 -5.06302834
vt 0.129565775 0.76699084
f 1669/1669 1670/1670 1671/1671
v -0.249986455 1.91940463 -5.06302834
vt 0.129565775 0.76699084
v 0.0350653902 1.78624582 -5.00202417
vt 0.188306898 0.767464459
v -0.178236037 1.58713675 -4.9353323
vt 0.159874946 0.725154638
f 1672/1672 1673/1673 1674/1674
v -0.381745428 1.45818305 -4.97556829
vt 0.504563868 0.904449105
v -0.345409393 1.67191887 -4.9733448
vt 0.532681346 0.90182066
v -0.178236037 1.58713675 -4.9353323
vt 0.532681346 0.933863521
f 1675/1675 1676/1676 1677/1677
v -0.178236037 1.58713675 -4.9353323
vt 0.532681346 0.933863521
v -0.214869186 1.41079688 -4.94038868
vt 0.507004857 0.932777584
v -0.381745428 1.45818305 -4.97556829
vt 0.504563868 0.904449105
f 1678/1678 1679/1679 1680/1680
v -0.178236037 1.58713675 -4.9353323
vt 0.562497854 0.902146757
v -0.124748528 1.56001079 -4.75826025
vt 0.558435977 0.928661585
v -0.161476776 1.39563572 -4.75826025
vt 0.533822358 0.928661585
f 1681/1681 1682/1682 1683/1683
v -0.161476776 1.39563572 -4.75826025
vt 0.533822358 0.928661585
v -0.214869186 1.41079688 -4.94038868
vt 0.536092639 0.901389539
v -0.178236037 1.58713675 -4.9353323
vt 0.562497854 0.902146757
f 1684/1684 1685/1685 1686/1686
v -0.490017116 2.05657506 -4.99767113
vt 0.883616507 0.753226817
v -0.51258266 1.75670111 -4.9353323
vt 0.89295119 0.798130214
v -0.566070199 1.78382719 -4.75826025
vt 0.919466019 0.794068336
f 1687/1687 1688/1688 1689/1689
v -0.566070199 1.78382719 -4.75826025
vt 0.919466019 0.794068336
v -0.598187983 2.11143303 -4.75826025
vt 0.919466019 0.745012403
v -0.490017116 2.05657506 -4.99767113
vt 0.883616507 0.753226817
f 1690/1690 1691/1691 1692/1692
v -0.51258266 1.75670111 -4.9353323
vt 0.0902804136 0.726477742
v -0.490017116 2.05657506 -4.99767113
vt 0.0788010359 0.770108879
v -0.249986455 1.91940463 -5.06302834
vt 0.129565775 0.76699084
f 1693/1693 1694/1694 1695/1695
v -0.249986455 1.91940463 -5.06302834
vt 0.129565775 0.76699084
v -0.345409393 1.67191887 -4.9733448
vt 0.12507768 0.72581619
v -0.51258266 1.75670111 -4.9353323
vt 0.0902804136 0.726477742
f 1696/1696 1697/1697 1698/1698
v -0.43379423 2.34440756 -4.75826025
vt 0.919466019 0.710126579
v -0.338297665 2.29597712 -5.01215124
vt 0.881448209 0.717378557
v -0.490017116 2.05657506 -4.99767113
vt 0.883616507 0.753226817
f 1699/1699 1700/1700 1701/1701
v -0.490017116 2.05657506 -4.99767113
vt 0.883616507 0.753226817
v -0.598187983 2.11143303 -4.75826025
vt 0.919466019 0.745012403
v -0.43379423 2.34440756 -4.75826025
vt 0.919466019 0.710126579
f 1702/1702 1703/1703 1704/1704
v -0.338297665 2.29597712 -5.01215124
vt 0.0939438716 0.813935041
v -0.135470614 2.14460683 -5.08001947
vt 0.138682872 0.80632019
v -0.249986455 1.91940463 -5.06302834
vt 0.129565775 0.76699084
f 1705/1705 1706/1706 1707/1707
v -0.249986455 1.91940463 -5.06302834
vt 0.129565775 0.76699084
v -0.490017116 2.05657506 -4.99767113
vt 0.0788010359 0.770108879
v -0.338297665 2.29597712 -5.01215124
vt 0.0939438716 0.813935041
f 1708/1708 1709/1709 1710/1710
v -0.253078133 2.44451022 -4.75826025
vt 0.733318448 0.760260701
v -0.200036898 2.41761088 -4.96481228
vt 0.74360013 0.791190028
v -0.338297665 2.29597712 -5.01215124
vt 0.7167992 0.79827857
f 1711/1711 1712/1712 1713/1713
v -0.338297665 2.29597712 -5.01215124
vt 0.7167992 0.79827857
v -0.43379423 2.34440756 -4.75826025
vt 0.698287725 0.760260701
v -0.253078133 2.44451022 -4.75826025
vt 0.733318448 0.760260701
f 1714/1714 1715/1715 1716/1716
v -0.200036898 2.41761088 -4.96481228
vt 0.112759292 0.840316832
v -0.034258604 2.33353567 -5.00250769
vt 0.147266164 0.839660823
v -0.135470614 2.14460683 -5.08001947
vt 0.138682872 0.80632019
f 1717/1717 1718/1718 1719/1719
v -0.135470614 2.14460683 -5.08001947
vt 0.138682872 0.80632019
v -0.338297665 2.29597712 -5.01215124
vt 0.0939438716 0.813935041
v -0.200036898 2.41761088 -4.96481228
vt 0.112759292 0.840316832
f 1720/1720 1721/1721 1722/1722
v -0.135470614 2.14460683 -5.08001947
vt 0.138682872 0.80632019
v 0.133537814 2.01091385 -5.01215124
vt 0.194535121 0.805639744
v 0.0350653902 1.78624582 -5.00202417
vt 0.188306898 0.767464459
f 1723/1723 1724/1724 1725/1725
v 0.0350653902 1.78624582 -5.00202417
vt 0.188306898 0.767464459
v -0.249986455 1.91940463 -5.06302834
vt 0.129565775 0.76699084
v -0.135470614 2.14460683 -5.08001947
vt 0.138682872 0.80632019
f 1726/1726 1727/1727 1728/1728
v 0.0350653902 1.78624582 -5.00202417
vt 0.649005353 0.572747588
v 0.133537814 2.01091385 -5.01215124
vt 0.625633776 0.596993148
v 0.229034245 1.96248341 -4.75826025
vt 0.604741096 0.564413249
f 1729/1729 1730/1730 1731/1731
v 0.229034245 1.96248341 -4.75826025
vt 0.604741096 0.564413249
v 0.13734363 1.69603252 -4.75826025
vt 0.633696675 0.536963701
v 0.0350653902 1.78624582 -5.00202417
vt 0.649005353 0.572747588
f 1732/1732 1733/1733 1734/1734
v -0.0342586711 2.43415284 -4.75826025
vt 0.77573514 0.760260701
v -0.034258604 2.33353567 -5.00250769
vt 0.775735199 0.796834588
v -0.200036898 2.41761088 -4.96481228
vt 0.74360013 0.791190028
f 1735/1735 1736/1736 1737/1737
v -0.200036898 2.41761088 -4.96481228
vt 0.74360013 0.791190028
v -0.253078133 2.44451022 -4.75826025
vt 0.733318448 0.760260701
v -0.0342586711 2.43415284 -4.75826025
vt 0.77573514 0.760260701
f 1738/1738 1739/1739 1740/1740
v 0.13151978 2.24946094 -4.96481228
vt 0.807870209 0.791190028
v -0.034258604 2.33353567 -5.00250769
vt 0.775735199 0.796834588
v -0.0342586711 2.43415284 -4.75826025
vt 0.77573514 0.760260701
f 1741/1741 1742/1742 1743/1743
v -0.0342586711 2.43415284 -4.75826025
vt 0.77573514 0.760260701
v 0.184560895 2.22256112 -4.75826025
vt 0.818151891 0.760260701
v 0.13151978 2.24946094 -4.96481228
vt 0.807870209 0.791190028
f 1744/1744 1745/1745 1746/1746
v -0.034258604 2.33353567 -5.00250769
vt 0.775735199 0.796834588
v 0.12156599 2.37055159 -5.19471455
vt 0.805940747 0.825615764
v 0.0768928081 2.28716207 -5.22892666
vt 0.797281146 0.830738783
f 1747/1747 1748/1748 1749/1749
v 0.0768928081 2.28716207 -5.22892666
vt 0.797281146 0.830738783
v -0.135470614 2.14460683 -5.08001947
vt 0.756115854 0.808441162
v -0.034258604 2.33353567 -5.00250769
vt 0.775735199 0.796834588
f 1750/1750 1751/1751 1752/1752
v 0.133537814 2.01091385 -5.01215124
vt 0.625633776 0.596993148
v 0.13151978 2.24946094 -4.96481228
vt 0.594833732 0.616423607
v 0.184560895 2.22256112 -4.75826025
vt 0.576478243 0.591206193
f 1753/1753 1754/1754 1755/1755
v 0.184560895 2.22256112 -4.75826025
vt 0.576478243 0.591206193
v 0.229034245 1.96248341 -4.75826025
vt 0.604741096 0.564413249
v 0.133537814 2.01091385 -5.01215124
vt 0.625633776 0.596993148
f 1756/1756 1757/1757 1758/1758
v -0.124748528 1.56001079 -4.75826025
vt 0.129605919 0.878267169
v -0.178236037 1.58713675 -4.9353323
vt 0.139974117 0.851752341
v 0.0350653902 1.78624582 -5.00202417
vt 0.0986270308 0.841765761
f 1759/1759 1760/1760 1761/1761
v 0.0350653902 1.78624582 -5.00202417
vt 0.0986270308 0.841765761
v 0.13734363 1.69603252 -4.75826025
vt 0.0788010359 0.878267169
v -0.124748528 1.56001079 -4.75826025
vt 0.129605919 0.878267169
f 1762/1762 1763/1763 1764/1764
v -0.385900497 -4.66382122 -4.99049807
vt 0.372673839 0.552630126
v -0.385900497 -4.67201614 -5.2925086
vt 0.330750287 0.569588125
v -0.27292189 -4.65356731 -5.24377251
vt 0.345727831 0.587153792
f 1765/1765 1766/1766 1767/1767
v -0.27292189 -4.65356731 -5.24377251
vt 0.345727831 0.587153792
v -0.236774147 -4.66382122 -4.99049807
vt 0.38351348 0.579428077
v -0.385900497 -4.66382122 -4.99049807
vt 0.372673839 0.552630126
f 1768/1768 1769/1769 1770/1770
v -0.498879105 -4.65356731 -5.24377251
vt 0.329303503 0.54654938
v -0.385900497 -4.67201614 -5.2925086
vt 0.330750287 0.569588125
v -0.385900497 -4.66382122 -4.99049807
vt 0.372673839 0.552630126
f 1771/1771 1772/1772 1773/1773
v -0.385900497 -4.66382122 -4.99049807
vt 0.372673839 0.552630126
v -0.535026848 -4.66382122 -4.99049807
vt 0.361834168 0.525832295
v -0.498879105 -4.65356731 -5.24377251
vt 0.329303503 0.54654938
f 1774/1774 1775/1775 1776/1776
v -0.535026848 -4.56188202 -4.98964262
vt 0.86488241 0.689824104
v -0.535026848 -4.66382122 -4.99049807
vt 0.880146801 0.689781785
v -0.385900497 -4.66382122 -4.99049807
vt 0.880227029 0.718688846
f 1777/1777 1778/1778 1779/1779
v -0.385900497 -4.66382122 -4.99049807
vt 0.880227029 0.718688846
v -0.385900497 -4.56188202 -4.98964262
vt 0.864962578 0.718731165
v -0.535026848 -4.56188202 -4.98964262
vt 0.86488241 0.689824104
f 1780/1780 1781/1781 1782/1782
v -0.385900497 -4.46471882 -5.29165316
vt 0.952916324 0.0206698179
v 0.469568551 -4.66894484 -5.83038902
vt 0.962503433 0.189020425
v -0.385900497 -4.67201614 -5.2925086
vt 0.98371315 0.0245545805
f 1783/1783 1784/1784 1785/1785
v -0.385900497 -4.56188202 -4.98964262
vt 0.864962578 0.718731165
v -0.385900497 -4.66382122 -4.99049807
vt 0.880227029 0.718688846
v -0.236774147 -4.66382122 -4.99049807
vt 0.880307198 0.747595906
f 1786/1786 1787/1787 1788/1788
v -0.236774147 -4.66382122 -4.99049807
vt 0.880307198 0.747595906
v -0.236774147 -4.4565239 -4.98964262
vt 0.84926641 0.747681975
v -0.385900497 -4.56188202 -4.98964262
vt 0.864962578 0.718731165
f 1789/1789 1790/1790 1791/1791
v -0.236774147 -4.66382122 -4.99049807
vt 0.880307198 0.747595906
v 0.618694901 -4.66074991 -5.35313368
vt 0.880307198 0.913423777
v -0.236774147 -4.4565239 -4.98964262
vt 0.84926641 0.747681975
f 1792/1792 1793/1793 1794/1794
v -0.155551568 -4.54855633 -5.29500389
vt 0.454630971 0.866518021
v -0.155551568 -4.65049553 -5.29585934
vt 0.439367294 0.866361856
v 0.469568551 -4.66894484 -5.83038902
vt 0.437844515 0.745164394
f 1795/1795 1796/1796 1797/1797
v 0.618694901 -4.66074991 -5.35313368
vt 0.439367265 0.716271341
v -0.155551568 -4.65049553 -5.29585934
vt 0.439367294 0.866361856
v -0.155551568 -4.54855633 -5.29500389
vt 0.454630971 0.866518021
f 1798/1798 1799/1799 1800/1800
v -0.385900497 -4.67201614 -5.2925086
vt 0.330750287 0.569588125
v 0.469568551 -4.66894484 -5.83038902
vt 0.318266809 0.75351727
v -0.155551568 -4.65049553 -5.29585934
vt 0.347028732 0.611169755
f 1801/1801 1802/1802 1803/1803
v -0.155551568 -4.65049553 -5.29585934
vt 0.347028732 0.611169755
v -0.27292189 -4.65356731 -5.24377251
vt 0.345727831 0.587153792
v -0.385900497 -4.67201614 -5.2925086
vt 0.330750287 0.569588125
f 1804/1804 1805/1805 1806/1806
v -0.155551568 -4.54855633 -5.29500389
vt 0.562703133 0.757853091
v 0.469568551 -4.66894484 -5.83038902
vt 0.533822417 0.900248647
v -0.385900497 -4.46471882 -5.29165316
vt 0.546424747 0.7162714
f 1807/1807 1808/1808 1809/1809
v -0.385900497 -4.46471882 -5.29165316
vt 0.546424747 0.7162714
v -0.27292189 -4.44626999 -5.24291706
vt 0.561402202 0.733837068
v -0.155551568 -4.54855633 -5.29500389
vt 0.562703133 0.757853091
f 1810/1810 1811/1811 1812/1812
v -0.155551568 -4.65049553 -5.29585934
vt 0.347028732 0.611169755
v 0.618694901 -4.66074991 -5.35313368
vt 0.395356476 0.75351721
v -0.236774147 -4.66382122 -4.99049807
vt 0.38351348 0.579428077
f 1813/1813 1814/1814 1815/1815
v -0.236774147 -4.66382122 -4.99049807
vt 0.38351348 0.579428077
v -0.27292189 -4.65356731 -5.24377251
vt 0.345727831 0.587153792
v -0.155551568 -4.65049553 -5.29585934
vt 0.347028732 0.611169755
f 1816/1816 1817/1817 1818/1818
v -0.236774147 -4.4565239 -4.98964262
vt 0.599187851 0.726111412
v 0.618694901 -4.66074991 -5.35313368
vt 0.610912085 0.900248587
v -0.155551568 -4.54855633 -5.29500389
vt 0.562703133 0.757853091
f 1819/1819 1820/1820 1821/1821
v -0.155551568 -4.54855633 -5.29500389
vt 0.562703133 0.757853091
v -0.27292189 -4.44626999 -5.24291706
vt 0.561402202 0.733837068
v -0.236774147 -4.4565239 -4.98964262
vt 0.599187851 0.726111412
f 1822/1822 1823/1823 1824/1824
v -0.363064557 -2.02289081 -6.12185335
vt 0.98727113 0.533857465
v -0.306157976 -2.27880669 -6.043396
vt 0.980012357 0.494438678
v -0.305610508 -2.28651404 -6.17234278
vt 0.999325454 0.495515019
f 1825/1825 1826/1826 1827/1827
v -0.305610508 -2.28651404 -6.17234278
vt 0.999325454 0.495515019
v -0.381457627 -2.03568101 -6.18100929
vt 0.996290743 0.53297466
v -0.363064557 -2.02289081 -6.12185335
vt 0.98727113 0.533857465
f 1828/1828 1829/1829 1830/1830
v -0.478817403 -2.0092957 -6.06272173
vt 0.951453269 0.837593317
v -0.497210473 -2.02208591 -6.12187815
vt 0.942418873 0.836875916
v -0.43190828 -2.00423384 -6.03821135
vt 0.955186248 0.8379246
f 1831/1831 1832/1832 1833/1833
v -0.497210473 -2.02208591 -6.12187815
vt 0.942418873 0.836875916
v -0.436468512 -2.34093833 -6.19007301
vt 0.918887794 0.879656315
v -0.43701601 -2.3332305 -6.06112671
vt 0.937710404 0.884112597
f 1834/1834 1835/1835 1836/1836
v -0.497210473 -2.02208591 -6.12187815
vt 0.942418873 0.836875916
v -0.43701601 -2.3332305 -6.06112671
vt 0.937710404 0.884112597
v -0.43190828 -2.00423384 -6.03821135
vt 0.955186248 0.8379246
f 1837/1837 1838/1838 1839/1839
v -0.476313174 -2.03511143 -6.18102646
vt 0.673005581 0.68035239
v -0.428366721 -2.04074335 -6.20551968
vt 0.681136608 0.675772011
v -0.436468512 -2.34093833 -6.19007301
vt 0.661271036 0.635417819
f 1840/1840 1841/1841 1842/1842
v -0.428366721 -2.04074335 -6.20551968
vt 0.681136608 0.675772011
v -0.368897945 -2.31716633 -6.24883747
vt 0.674676895 0.633293271
v -0.436468512 -2.34093833 -6.19007301
vt 0.661271036 0.635417819
f 1843/1843 1844/1844 1845/1845
v -0.497210473 -2.02208591 -6.12187815
vt 0.670110941 0.683792412
v -0.476313174 -2.03511143 -6.18102646
vt 0.673005581 0.68035239
v -0.436468512 -2.34093833 -6.19007301
vt 0.661271036 0.635417819
f 1846/1846 1847/1847 1848/1848
v -0.383961946 -2.00986505 -6.06270456
vt 0.184849098 0.980221093
v -0.369993061 -2.30175161 -5.99094439
vt 0.190513417 0.936797798
v -0.306157976 -2.27880669 -6.043396
vt 0.202626094 0.941064537
f 1849/1849 1850/1850 1851/1851
v -0.306157976 -2.27880669 -6.043396
vt 0.202626094 0.941064537
v -0.363064557 -2.02289081 -6.12185335
vt 0.189022794 0.978549719
v -0.383961946 -2.00986505 -6.06270456
vt 0.184849098 0.980221093
f 1852/1852 1853/1853 1854/1854
v -0.43190828 -2.00423384 -6.03821135
vt 0.175519243 0.980432391
v -0.43701601 -2.3332305 -6.06112671
vt 0.177870855 0.931214333
v -0.369993061 -2.30175161 -5.99094439
vt 0.190513417 0.936797798
f 1855/1855 1856/1856 1857/1857
v -0.369993061 -2.30175161 -5.99094439
vt 0.190513417 0.936797798
v -0.383961946 -2.00986505 -6.06270456
vt 0.184849098 0.980221093
v -0.43190828 -2.00423384 -6.03821135
vt 0.175519243 0.980432391
f 1858/1858 1859/1859 1860/1860
v -0.381457627 -2.03568101 -6.18100929
vt 0.689740777 0.672734618
v -0.305610508 -2.28651404 -6.17234278
vt 0.687748075 0.632448852
v -0.368897945 -2.31716633 -6.24883747
vt 0.674676895 0.633293271
f 1861/1861 1862/1862 1863/1863
v -0.368897945 -2.31716633 -6.24883747
vt 0.674676895 0.633293271
v -0.428366721 -2.04074335 -6.20551968
vt 0.681136608 0.675772011
v -0.381457627 -2.03568101 -6.18100929
vt 0.689740777 0.672734618
f 1864/1864 1865/1865 1866/1866
v -0.369993061 -2.30175161 -5.99094439
vt 0.190513417 0.936797798
v -0.435950279 -2.56972837 -5.86812019
vt 0.180477485 0.895896435
v -0.395372808 -2.55514312 -5.9014616
vt 0.188177034 0.898608625
f 1867/1867 1868/1868 1869/1869
v -0.395372808 -2.55514312 -5.9014616
vt 0.188177034 0.898608625
v -0.306157976 -2.27880669 -6.043396
vt 0.202626094 0.941064537
v -0.369993061 -2.30175161 -5.99094439
vt 0.190513417 0.936797798
f 1870/1870 1871/1871 1872/1872
v -0.367756039 -2.71994734 -6.28790855
vt 0.650146365 0.578194022
v -0.225844085 -3.11949062 -6.14457464
vt 0.650702238 0.512347162
v -0.324142277 -2.69915247 -6.23881721
vt 0.65913403 0.57756716
f 1873/1873 1874/1874 1875/1875
v -0.368897945 -2.31716633 -6.24883747
vt 0.674676895 0.633293271
v -0.312726617 -2.70058727 -6.33576584
vt 0.661064208 0.576463759
v -0.367756039 -2.71994734 -6.28790855
vt 0.650146365 0.578194022
f 1876/1876 1877/1877 1878/1878
v -0.367756039 -2.71994734 -6.28790855
vt 0.650146365 0.578194022
v -0.436468512 -2.34093833 -6.19007301
vt 0.661271036 0.635417819
v -0.368897945 -2.31716633 -6.24883747
vt 0.674676895 0.633293271
f 1879/1879 1880/1880 1881/1881
v -0.305610508 -2.28651404 -6.17234278
vt 0.687748075 0.632448852
v -0.163856894 -2.66736555 -6.1016407
vt 0.68942368 0.569167435
v -0.228965878 -2.69169784 -6.065804
vt 0.676418543 0.571019709
f 1882/1882 1883/1883 1884/1884
v -0.228965878 -2.69169784 -6.065804
vt 0.676418543 0.571019709
v -0.382915258 -2.31540442 -6.12979364
vt 0.672306776 0.634648144
v -0.305610508 -2.28651404 -6.17234278
vt 0.687748075 0.632448852
f 1885/1885 1886/1886 1887/1887
v -0.228965878 -2.69169784 -6.065804
vt 0.676418543 0.571019709
v -0.164317995 -2.66087437 -5.99303675
vt 0.689740777 0.570090532
v -0.306157976 -2.27880669 -6.043396
vt 0.688124537 0.633544981
f 1888/1888 1889/1889 1890/1890
v -0.306157976 -2.27880669 -6.043396
vt 0.688124537 0.633544981
v -0.382915258 -2.31540442 -6.12979364
vt 0.672306776 0.634648144
v -0.228965878 -2.69169784 -6.065804
vt 0.676418543 0.571019709
f 1891/1891 1892/1892 1893/1893
v -0.306157976 -2.27880669 -6.043396
vt 0.980012357 0.494438678
v -0.164317995 -2.66087437 -5.99303675
vt 0.979107499 0.436739832
v -0.163856894 -2.66736555 -6.1016407
vt 0.995373726 0.437646389
f 1894/1894 1895/1895 1896/1896
v -0.163856894 -2.66736555 -6.1016407
vt 0.995373726 0.437646389
v -0.305610508 -2.28651404 -6.17234278
vt 0.999325454 0.495515019
v -0.306157976 -2.27880669 -6.043396
vt 0.980012357 0.494438678
f 1897/1897 1898/1898 1899/1899
v -0.228965878 -2.69169784 -6.065804
vt 0.676418543 0.571019709
v -0.203607947 -3.05446196 -6.08334827
vt 0.658626556 0.519460738
v -0.164317995 -2.66087437 -5.99303675
vt 0.689740777 0.570090532
f 1900/1900 1901/1901 1902/1902
v -0.382915258 -2.31540442 -6.12979364
vt 0.672306776 0.634648144
v -0.324142277 -2.69915247 -6.23881721
vt 0.65913403 0.57756716
v -0.261185378 -2.67562413 -6.27346897
vt 0.671709299 0.5757761
f 1903/1903 1904/1904 1905/1905
v -0.261185378 -2.67562413 -6.27346897
vt 0.671709299 0.5757761
v -0.305610508 -2.28651404 -6.17234278
vt 0.687748075 0.632448852
v -0.382915258 -2.31540442 -6.12979364
vt 0.672306776 0.634648144
f 1906/1906 1907/1907 1908/1908
v -0.261185378 -2.67562413 -6.27346897
vt 0.671709299 0.5757761
v -0.312726617 -2.70058727 -6.33576584
vt 0.661064208 0.576463759
v -0.368897945 -2.31716633 -6.24883747
vt 0.674676895 0.633293271
f 1909/1909 1910/1910 1911/1911
v -0.368897945 -2.31716633 -6.24883747
vt 0.674676895 0.633293271
v -0.305610508 -2.28651404 -6.17234278
vt 0.687748075 0.632448852
v -0.261185378 -2.67562413 -6.27346897
vt 0.671709299 0.5757761
f 1912/1912 1913/1913 1914/1914
v -0.436468512 -2.34093833 -6.19007301
vt 0.661271036 0.635417819
v -0.367756039 -2.71994734 -6.28790855
vt 0.650146365 0.578194022
v -0.324142277 -2.69915247 -6.23881721
vt 0.65913403 0.57756716
f 1915/1915 1916/1916 1917/1917
v -0.324142277 -2.69915247 -6.23881721
vt 0.65913403 0.57756716
v -0.382915258 -2.31540442 -6.12979364
vt 0.672306776 0.634648144
v -0.436468512 -2.34093833 -6.19007301
vt 0.661271036 0.635417819
f 1918/1918 1919/1919 1920/1920
v -0.312726617 -2.70058727 -6.33576584
vt 0.661064208 0.576463759
v -0.225844085 -3.11949062 -6.14457464
vt 0.650702238 0.512347162
v -0.367756039 -2.71994734 -6.28790855
vt 0.650146365 0.578194022
f 1921/1921 1922/1922 1923/1923
v -0.163856894 -2.66736555 -6.1016407
vt 0.68942368 0.569167435
v -0.203607947 -3.05446196 -6.08334827
vt 0.658626556 0.519460738
v -0.228965878 -2.69169784 -6.065804
vt 0.676418543 0.571019709
f 1924/1924 1925/1925 1926/1926
v -0.164317995 -2.66087437 -5.99303675
vt 0.979107499 0.436739832
v -0.203607947 -3.05446196 -6.08334827
vt 0.999325454 0.379752278
v -0.163856894 -2.66736555 -6.1016407
vt 0.995373726 0.437646389
f 1927/1927 1928/1928 1929/1929
v -0.324142277 -2.69915247 -6.23881721
vt 0.65913403 0.57756716
v -0.225844085 -3.11949062 -6.14457464
vt 0.650702238 0.512347162
v -0.261185378 -2.67562413 -6.27346897
vt 0.671709299 0.5757761
f 1930/1930 1931/1931 1932/1932
v -0.261185378 -2.67562413 -6.27346897
vt 0.479493737 0.90182066
v -0.225844085 -3.11949062 -6.14457464
vt 0.479493737 0.971031308
v -0.312726617 -2.70058727 -6.33576584
vt 0.469492912 0.902808964
f 1933/1933 1934/1934 1935/1935
v -0.444164395 -2.57840681 -5.95638132
vt 0.178976998 0.894491911
v -0.340882123 -2.94041872 -5.93828344
vt 0.202626064 0.841765821
v -0.478206098 -2.59463763 -5.99469852
vt 0.172558114 0.891619802
f 1936/1936 1937/1937 1938/1938
v -0.43701601 -2.3332305 -6.06112671
vt 0.937710404 0.884112597
v -0.47855413 -2.58973813 -5.91273212
vt 0.947926044 0.92729485
v -0.435950279 -2.56972837 -5.86812019
vt 0.955186248 0.92634964
f 1939/1939 1940/1940 1941/1941
v -0.435950279 -2.56972837 -5.86812019
vt 0.955186248 0.92634964
v -0.369993061 -2.30175161 -5.99094439
vt 0.949131906 0.882625699
v -0.43701601 -2.3332305 -6.06112671
vt 0.937710404 0.884112597
f 1942/1942 1943/1943 1944/1944
v -0.395372808 -2.55514312 -5.9014616
vt 0.951034367 0.92282021
v -0.444164395 -2.57840681 -5.95638132
vt 0.942155719 0.923787355
v -0.382915258 -2.31540442 -6.12979364
vt 0.928632796 0.878594756
f 1945/1945 1946/1946 1947/1947
v -0.382915258 -2.31540442 -6.12979364
vt 0.928632796 0.878594756
v -0.306157976 -2.27880669 -6.043396
vt 0.94260025 0.877073228
v -0.395372808 -2.55514312 -5.9014616
vt 0.951034367 0.92282021
f 1948/1948 1949/1949 1950/1950
v -0.478206098 -2.59463763 -5.99469852
vt 0.935961187 0.92446208
v -0.47855413 -2.58973813 -5.91273212
vt 0.947926044 0.92729485
v -0.43701601 -2.3332305 -6.06112671
vt 0.937710404 0.884112597
f 1951/1951 1952/1952 1953/1953
v -0.43701601 -2.3332305 -6.06112671
vt 0.937710404 0.884112597
v -0.436468512 -2.34093833 -6.19007301
vt 0.918887794 0.879656315
v -0.478206098 -2.59463763 -5.99469852
vt 0.935961187 0.92446208
f 1954/1954 1955/1955 1956/1956
v -0.444164395 -2.57840681 -5.95638132
vt 0.942155719 0.923787355
v -0.478206098 -2.59463763 -5.99469852
vt 0.935961187 0.92446208
v -0.436468512 -2.34093833 -6.19007301
vt 0.918887794 0.879656315
f 1957/1957 1958/1958 1959/1959
v -0.436468512 -2.34093833 -6.19007301
vt 0.918887794 0.879656315
v -0.382915258 -2.31540442 -6.12979364
vt 0.928632796 0.878594756
v -0.444164395 -2.57840681 -5.95638132
vt 0.942155719 0.923787355
f 1960/1960 1961/1961 1962/1962
v -0.478206098 -2.59463763 -5.99469852
vt 0.935961187 0.92446208
v -0.340882123 -2.94041872 -5.93828344
vt 0.929137051 0.976478577
v -0.47855413 -2.58973813 -5.91273212
vt 0.947926044 0.92729485
f 1963/1963 1964/1964 1965/1965
v -0.47855413 -2.58973813 -5.91273212
vt 0.17244111 0.892347217
v -0.340882123 -2.94041872 -5.93828344
vt 0.202626064 0.841765821
v -0.435950279 -2.56972837 -5.86812019
vt 0.180477485 0.895896435
f 1966/1966 1967/1967 1968/1968
v -0.395372808 -2.55514312 -5.9014616
vt 0.188177034 0.898608625
v -0.340882123 -2.94041872 -5.93828344
vt 0.202626064 0.841765821
v -0.444164395 -2.57840681 -5.95638132
vt 0.178976998 0.894491911
f 1969/1969 1970/1970 1971/1971
v -0.435950279 -2.56972837 -5.86812019
vt 0.180477485 0.895896435
v -0.340882123 -2.94041872 -5.93828344
vt 0.202626064 0.841765821
v -0.395372808 -2.55514312 -5.9014616
vt 0.188177034 0.898608625
f 1972/1972 1973/1973 1974/1974
v 0.341745526 2.51568651 -5.62074089
vt 0.24152036 0.861147225
v 0.370415509 2.55122828 -5.7070713
vt 0.241684243 0.847077012
v 0.297243834 2.59189653 -5.7071867
vt 0.254655778 0.852814555
f 1975/1975 1976/1976 1977/1977
v 0.297243834 2.59189653 -5.7071867
vt 0.254655778 0.852814555
v 0.268573821 2.55577374 -5.6235528
vt 0.254655778 0.866515696
v 0.341745526 2.51568651 -5.62074089
vt 0.24152036 0.861147225
f 1978/1978 1979/1979 1980/1980
v 0.19562842 2.22815228 -5.19897079
vt 0.621272206 0.639674783
v 0.194737658 2.33344269 -5.17807627
vt 0.607677579 0.648250937
v 0.13151978 2.24946094 -4.96481228
vt 0.594833732 0.616423607
f 1981/1981 1982/1982 1983/1983
v 0.13151978 2.24946094 -4.96481228
vt 0.594833732 0.616423607
v 0.133537814 2.01091385 -5.01215124
vt 0.625633776 0.596993148
v 0.19562842 2.22815228 -5.19897079
vt 0.621272206 0.639674783
f 1984/1984 1985/1985 1986/1986
v 0.0768928081 2.28716207 -5.22892666
vt 0.169882923 0.840624809
v 0.19562842 2.22815228 -5.19897079
vt 0.194535121 0.840324461
v 0.133537814 2.01091385 -5.01215124
vt 0.194535121 0.805639744
f 1987/1987 1988/1988 1989/1989
v 0.133537814 2.01091385 -5.01215124
vt 0.194535121 0.805639744
v -0.135470614 2.14460683 -5.08001947
vt 0.138682872 0.80632019
v 0.0768928081 2.28716207 -5.22892666
vt 0.169882923 0.840624809
f 1990/1990 1991/1991 1992/1992
v 0.13151978 2.24946094 -4.96481228
vt 0.807870209 0.791190028
v 0.194737658 2.33344269 -5.17807627
vt 0.820124626 0.823124409
v 0.12156599 2.37055159 -5.19471455
vt 0.805940747 0.825615764
f 1993/1993 1994/1994 1995/1995
v 0.12156599 2.37055159 -5.19471455
vt 0.805940747 0.825615764
v -0.034258604 2.33353567 -5.00250769
vt 0.775735199 0.796834588
v 0.13151978 2.24946094 -4.96481228
vt 0.807870209 0.791190028
f 1996/1996 1997/1997 1998/1998
v 0.487595946 2.88767099 -5.9443984
vt 0.372086436 0.811075568
v 0.507678032 2.960917 -5.97469425
vt 0.378865391 0.820818245
v 0.507147908 2.9774096 -5.91296768
vt 0.370365173 0.825208962
f 1999/1999 2000/2000 2001/2001
v 0.507147908 2.9774096 -5.91296768
vt 0.370365173 0.825208962
v 0.487012684 2.91464996 -5.88264704
vt 0.363918751 0.817000926
v 0.487595946 2.88767099 -5.9443984
vt 0.372086436 0.811075568
f 2002/2002 2003/2003 2004/2004
v 0.252570659 2.52961683 -5.77234459
vt 0.766412139 0.84406054
v 0.37130627 2.46352553 -5.76896477
vt 0.744985104 0.835641801
v 0.342636287 2.42511344 -5.67594385
vt 0.744734287 0.850636482
f 2005/2005 2006/2006 2007/2007
v 0.342636287 2.42511344 -5.67594385
vt 0.744734287 0.850636482
v 0.223900691 2.49004912 -5.68366051
vt 0.766412139 0.858456075
v 0.252570659 2.52961683 -5.77234459
vt 0.766412139 0.84406054
f 2008/2008 2009/2009 2010/2010
v 0.536240876 2.59110498 -5.56653357
vt 0.203767121 0.853273869
v 0.554176331 2.61669707 -5.64031076
vt 0.205070406 0.841765761
v 0.370415509 2.55122828 -5.7070713
vt 0.241684243 0.847077012
f 2011/2011 2012/2012 2013/2013
v 0.370415509 2.55122828 -5.7070713
vt 0.241684243 0.847077012
v 0.341745526 2.51568651 -5.62074089
vt 0.24152036 0.861147225
v 0.536240876 2.59110498 -5.56653357
vt 0.203767121 0.853273869
f 2014/2014 2015/2015 2016/2016
v 0.297243834 2.59189653 -5.7071867
vt 0.182090223 0.603087842
v 0.252570659 2.52961683 -5.77234459
vt 0.170317054 0.596487939
v 0.223900691 2.49004912 -5.68366051
vt 0.168538451 0.610920072
f 2017/2017 2018/2018 2019/2019
v 0.223900691 2.49004912 -5.68366051
vt 0.168538451 0.610920072
v 0.268573821 2.55577374 -5.6235528
vt 0.180583477 0.616645932
v 0.297243834 2.59189653 -5.7071867
vt 0.182090223 0.603087842
f 2020/2020 2021/2021 2022/2022
v 0.507147908 2.9774096 -5.91296768
vt 0.836818516 0.921938419
v 0.612670422 3.56568813 -5.94866848
vt 0.845038414 0.831879735
v 0.463595182 2.99604273 -5.89751625
vt 0.845710039 0.921938419
f 2023/2023 2024/2024 2025/2025
v 0.439098269 2.93652797 -5.86948824
vt 0.2243222 0.564744413
v 0.463595182 2.99604273 -5.89751625
vt 0.231615305 0.558122814
v 0.437005192 2.99241567 -5.95104265
vt 0.22875005 0.550617695
f 2026/2026 2027/2027 2028/2028
v 0.437005192 2.99241567 -5.95104265
vt 0.22875005 0.550617695
v 0.409845322 2.92426372 -5.92472744
vt 0.220145166 0.55737257
v 0.439098269 2.93652797 -5.86948824
vt 0.2243222 0.564744413
f 2029/2029 2030/2030 2031/2031
v 0.424289733 3.17108488 -5.5175457
vt 0.500463843 0.9025895
v 0.385429502 3.19092441 -5.52347374
vt 0.492918015 0.901820719
v 0.439098269 2.93652797 -5.86948824
vt 0.491825223 0.954656005
f 2032/2032 2033/2033 2034/2034
v 0.439098269 2.93652797 -5.86948824
vt 0.491825223 0.954656005
v 0.487012684 2.91464996 -5.88264704
vt 0.500463843 0.958595753
v 0.424289733 3.17108488 -5.5175457
vt 0.500463843 0.9025895
f 2035/2035 2036/2036 2037/2037
v 0.437005192 2.99241567 -5.95104265
vt 0.449560463 0.618087649
v 0.507678032 2.960917 -5.97469425
vt 0.435131967 0.616767883
v 0.487595946 2.88767099 -5.9443984
vt 0.434181809 0.628367186
f 2038/2038 2039/2039 2040/2040
v 0.487595946 2.88767099 -5.9443984
vt 0.434181809 0.628367186
v 0.409845322 2.92426372 -5.92472744
vt 0.450174421 0.629554272
v 0.437005192 2.99241567 -5.95104265
vt 0.449560463 0.618087649
f 2041/2041 2042/2042 2043/2043
v 0.370415509 2.55122828 -5.7070713
vt 0.580215693 0.960311532
v 0.487012684 2.91464996 -5.88264704
vt 0.580916762 0.901389599
v 0.439098269 2.93652797 -5.86948824
vt 0.590743721 0.9020437
f 2044/2044 2045/2045 2046/2046
v 0.439098269 2.93652797 -5.86948824
vt 0.590743721 0.9020437
v 0.297243834 2.59189653 -5.7071867
vt 0.595651567 0.960311532
v 0.370415509 2.55122828 -5.7070713
vt 0.580215693 0.960311532
f 2047/2047 2048/2048 2049/2049
v 0.437005192 2.99241567 -5.95104265
vt 0.449560463 0.618087649
v 0.612670422 3.56568813 -5.94866848
vt 0.453729272 0.525832295
v 0.507678032 2.960917 -5.97469425
vt 0.435131967 0.616767883
f 2050/2050 2051/2051 2052/2052
v 0.507678032 2.960917 -5.97469425
vt 0.378865391 0.820818245
v 0.612670422 3.56568813 -5.94866848
vt 0.394441634 0.91011256
v 0.507147908 2.9774096 -5.91296768
vt 0.370365173 0.825208962
f 2053/2053 2054/2054 2055/2055
v 0.463595182 2.99604273 -5.89751625
vt 0.231615305 0.558122814
v 0.612670422 3.56568813 -5.94866848
vt 0.310937107 0.525832236
v 0.437005192 2.99241567 -5.95104265
vt 0.22875005 0.550617695
f 2056/2056 2057/2057 2058/2058
v 0.409845322 2.92426372 -5.92472744
vt 0.450174421 0.629554272
v 0.487595946 2.88767099 -5.9443984
vt 0.434181809 0.628367186
v 0.37130627 2.46352553 -5.76896477
vt 0.428679228 0.695535839
f 2059/2059 2060/2060 2061/2061
v 0.37130627 2.46352553 -5.76896477
vt 0.428679228 0.695535839
v 0.252570659 2.52961683 -5.77234459
vt 0.453729331 0.695954442
v 0.409845322 2.92426372 -5.92472744
vt 0.450174421 0.629554272
f 2062/2062 2063/2063 2064/2064
v 0.297243834 2.59189653 -5.7071867
vt 0.182090223 0.603087842
v 0.439098269 2.93652797 -5.86948824
vt 0.2243222 0.564744413
v 0.409845322 2.92426372 -5.92472744
vt 0.220145166 0.55737257
f 2065/2065 2066/2066 2067/2067
v 0.409845322 2.92426372 -5.92472744
vt 0.220145166 0.55737257
v 0.252570659 2.52961683 -5.77234459
vt 0.170317054 0.596487939
v 0.297243834 2.59189653 -5.7071867
vt 0.182090223 0.603087842
f 2068/2068 2069/2069 2070/2070
v 0.487595946 2.88767099 -5.9443984
vt 0.372086436 0.811075568
v 0.487012684 2.91464996 -5.88264704
vt 0.363918751 0.817000926
v 0.370415509 2.55122828 -5.7070713
vt 0.326589316 0.769470215
f 2071/2071 2072/2072 2073/2073
v 0.370415509 2.55122828 -5.7070713
vt 0.326589316 0.769470215
v 0.37130627 2.46352553 -5.76896477
vt 0.332831591 0.754658222
v 0.487595946 2.88767099 -5.9443984
vt 0.372086436 0.811075568
f 2074/2074 2075/2075 2076/2076
v 0.155031592 2.41271639 -5.29233742
vt 0.174616694 0.670340359
v 0.268573821 2.55577374 -5.6235528
vt 0.180583477 0.616645932
v 0.223900691 2.49004912 -5.68366051
vt 0.168538451 0.610920072
f 2077/2077 2078/2078 2079/2079
v 0.223900691 2.49004912 -5.68366051
vt 0.168538451 0.610920072
v 0.11035841 2.33334827 -5.33244467
vt 0.161494732 0.668076277
v 0.155031592 2.41271639 -5.29233742
vt 0.174616694 0.670340359
f 2080/2080 2081/2081 2082/2082
v 0.229094014 2.27298951 -5.30755138
vt 0.627585471 0.656093359
v 0.342636287 2.42511344 -5.67594385
vt 0.649005413 0.711798549
v 0.341745526 2.51568651 -5.62074089
vt 0.633475661 0.715130329
f 2083/2083 2084/2084 2085/2085
v 0.341745526 2.51568651 -5.62074089
vt 0.633475661 0.715130329
v 0.228203267 2.37492967 -5.27884674
vt 0.613550425 0.663475752
v 0.229094014 2.27298951 -5.30755138
vt 0.627585471 0.656093359
f 2086/2086 2087/2087 2088/2088
v 0.223900691 2.49004912 -5.68366051
vt 0.766412139 0.858456075
v 0.342636287 2.42511344 -5.67594385
vt 0.744734287 0.850636482
v 0.229094014 2.27298951 -5.30755138
vt 0.743741214 0.910020173
f 2089/2089 2090/2090 2091/2091
v 0.229094014 2.27298951 -5.30755138
vt 0.743741214 0.910020173
v 0.11035841 2.33334827 -5.33244467
vt 0.766412139 0.915467262
v 0.223900691 2.49004912 -5.68366051
vt 0.766412139 0.858456075
f 2092/2092 2093/2093 2094/2094
v 0.228203267 2.37492967 -5.27884674
vt 0.240871847 0.916869462
v 0.341745526 2.51568651 -5.62074089
vt 0.24152036 0.861147225
v 0.268573821 2.55577374 -5.6235528
vt 0.254655778 0.866515696
f 2095/2095 2096/2096 2097/2097
v 0.268573821 2.55577374 -5.6235528
vt 0.254655778 0.866515696
v 0.155031592 2.41271639 -5.29233742
vt 0.254655808 0.920776367
v 0.228203267 2.37492967 -5.27884674
vt 0.240871847 0.916869462
f 2098/2098 2099/2099 2100/2100
v 0.424289733 3.17108488 -5.5175457
vt 0.360278189 0.957012057
v 0.517500818 3.45680404 -5.45174551
vt 0.368220866 0.911253691
v 0.385429502 3.19092441 -5.52347374
vt 0.368220896 0.958587527
f 2101/2101 2102/2102 2103/2103
v 0.440620065 3.18718958 -5.57173204
vt 0.327176005 0.866830409
v 0.424289733 3.17108488 -5.5175457
vt 0.31873396 0.866211474
v 0.487012684 2.91464996 -5.88264704
vt 0.363918751 0.817000926
f 2104/2104 2105/2105 2106/2106
v 0.487012684 2.91464996 -5.88264704
vt 0.363918751 0.817000926
v 0.507147908 2.9774096 -5.91296768
vt 0.370365173 0.825208962
v 0.440620065 3.18718958 -5.57173204
vt 0.327176005 0.866830409
f 2107/2107 2108/2108 2109/2109
v 0.463595182 2.99604273 -5.89751625
vt 0.689527154 0.739451647
v 0.405297369 3.20663095 -5.57446241
vt 0.690407753 0.689782739
v 0.440620065 3.18718958 -5.57173204
vt 0.697146773 0.691061795
f 2110/2110 2111/2111 2112/2112
v 0.440620065 3.18718958 -5.57173204
vt 0.697146773 0.691061795
v 0.507147908 2.9774096 -5.91296768
vt 0.697146714 0.743760943
v 0.463595182 2.99604273 -5.89751625
vt 0.689527154 0.739451647
f 2113/2113 2114/2114 2115/2115
v 0.439098269 2.93652797 -5.86948824
vt 0.2243222 0.564744413
v 0.385429502 3.19092441 -5.52347374
vt 0.275912702 0.60313803
v 0.405297369 3.20663095 -5.57446241
vt 0.275926828 0.595148981
f 2116/2116 2117/2117 2118/2118
v 0.405297369 3.20663095 -5.57446241
vt 0.275926828 0.595148981
v 0.463595182 2.99604273 -5.89751625
vt 0.231615305 0.558122814
v 0.439098269 2.93652797 -5.86948824
vt 0.2243222 0.564744413
f 2119/2119 2120/2120 2121/2121
v 0.370415509 2.55122828 -5.7070713
vt 0.639736891 0.973020971
v 0.554176331 2.61669707 -5.64031076
vt 0.625096917 0.939100146
v 0.594159842 2.54654479 -5.67546701
vt 0.612053037 0.939626694
f 2122/2122 2123/2123 2124/2124
v 0.594159842 2.54654479 -5.67546701
vt 0.612053037 0.939626694
v 0.37130627 2.46352553 -5.76896477
vt 0.629384279 0.981103122
v 0.370415509 2.55122828 -5.7070713
vt 0.639736891 0.973020971
f 2125/2125 2126/2126 2127/2127
v 0.405297369 3.20663095 -5.57446241
vt 0.845103979 0.828893065
v 0.517500818 3.45680404 -5.45174551
vt 0.839745224 0.78590858
v 0.440620065 3.18718958 -5.57173204
vt 0.83766377 0.828893065
f 2128/2128 2129/2129 2130/2130
v 0.385429502 3.19092441 -5.52347374
vt 0.275912702 0.60313803
v 0.517500818 3.45680404 -5.45174551
vt 0.317125857 0.601755381
v 0.405297369 3.20663095 -5.57446241
vt 0.275926828 0.595148981
f 2131/2131 2132/2132 2133/2133
v 0.440620065 3.18718958 -5.57173204
vt 0.327176005 0.866830409
v 0.517500818 3.45680404 -5.45174551
vt 0.318266779 0.91011256
v 0.424289733 3.17108488 -5.5175457
vt 0.31873396 0.866211474
f 2134/2134 2135/2135 2136/2136
v 0.594159842 2.54654479 -5.67546701
vt 0.609286308 0.901389539
v 0.773461878 2.96971607 -5.47525167
vt 0.609286308 0.971490145
v 0.576487541 2.51973343 -5.59584856
vt 0.596792579 0.90285939
f 2137/2137 2138/2138 2139/2139
v 0.37130627 2.46352553 -5.76896477
vt 0.744985104 0.835641801
v 0.594159842 2.54654479 -5.67546701
vt 0.699730277 0.831879735
v 0.576487541 2.51973343 -5.59584856
vt 0.698287785 0.844200075
f 2140/2140 2141/2141 2142/2142
v 0.576487541 2.51973343 -5.59584856
vt 0.698287785 0.844200075
v 0.342636287 2.42511344 -5.67594385
vt 0.744734287 0.850636482
v 0.37130627 2.46352553 -5.76896477
vt 0.744985104 0.835641801
f 2143/2143 2144/2144 2145/2145
v 0.576487541 2.51973343 -5.59584856
vt 0.952916384 0.623137474
v 0.536240876 2.59110498 -5.56653357
vt 0.966130495 0.622453868
v 0.341745526 2.51568651 -5.62074089
vt 0.98113811 0.658836842
f 2146/2146 2147/2147 2148/2148
v 0.341745526 2.51568651 -5.62074089
vt 0.98113811 0.658836842
v 0.342636287 2.42511344 -5.67594385
vt 0.970502675 0.667254627
v 0.576487541 2.51973343 -5.59584856
vt 0.952916384 0.623137474
f 2149/2149 2150/2150 2151/2151
v 0.11035841 2.33334827 -5.33244467
vt 0.766412139 0.915467262
v 0.229094014 2.27298951 -5.30755138
vt 0.743741214 0.910020173
v 0.19562842 2.22815228 -5.19897079
vt 0.743448555 0.927523017
f 2152/2152 2153/2153 2154/2154
v 0.19562842 2.22815228 -5.19897079
vt 0.743448555 0.927523017
v 0.0768928081 2.28716207 -5.22892666
vt 0.766412079 0.932270706
v 0.11035841 2.33334827 -5.33244467
vt 0.766412139 0.915467262
f 2155/2155 2156/2156 2157/2157
v 0.576487541 2.51973343 -5.59584856
vt 0.952916384 0.623137474
v 0.773461878 2.96971607 -5.47525167
vt 0.98113811 0.551015496
v 0.536240876 2.59110498 -5.56653357
vt 0.966130495 0.622453868
f 2158/2158 2159/2159 2160/2160
v 0.554176331 2.61669707 -5.64031076
vt 0.625096917 0.939100146
v 0.773461878 2.96971607 -5.47525167
vt 0.639736891 0.872866869
v 0.594159842 2.54654479 -5.67546701
vt 0.612053037 0.939626694
f 2161/2161 2162/2162 2163/2163
v 0.536240876 2.59110498 -5.56653357
vt 0.342738926 0.969295621
v 0.773461878 2.96971607 -5.47525167
vt 0.337073088 0.911253572
v 0.554176331 2.61669707 -5.64031076
vt 0.331045628 0.969295561
f 2164/2164 2165/2165 2166/2166
v 0.123425737 2.58339906 -5.11923838
vt 0.20664221 0.687644541
v 0.12632668 2.62550282 -5.20034695
vt 0.209115982 0.674185753
v 0.155031592 2.41271639 -5.29233742
vt 0.174616694 0.670340359
f 2167/2167 2168/2168 2169/2169
v 0.155031592 2.41271639 -5.29233742
vt 0.174616694 0.670340359
v 0.12156599 2.37055159 -5.19471455
vt 0.172858 0.686166286
v 0.123425737 2.58339906 -5.11923838
vt 0.20664221 0.687644541
f 2170/2170 2171/2171 2172/2172
v 0.229094014 2.27298951 -5.30755138
vt 0.627585471 0.656093359
v 0.228203267 2.37492967 -5.27884674
vt 0.613550425 0.663475752
v 0.194737658 2.33344269 -5.17807627
vt 0.607677579 0.648250937
f 2173/2173 2174/2174 2175/2175
v 0.194737658 2.33344269 -5.17807627
vt 0.607677579 0.648250937
v 0.19562842 2.22815228 -5.19897079
vt 0.621272206 0.639674783
v 0.229094014 2.27298951 -5.30755138
vt 0.627585471 0.656093359
f 2176/2176 2177/2177 2178/2178
v 0.12156599 2.37055159 -5.19471455
vt 0.172858 0.686166286
v 0.155031592 2.41271639 -5.29233742
vt 0.174616694 0.670340359
v 0.11035841 2.33334827 -5.33244467
vt 0.161494732 0.668076277
f 2179/2179 2180/2180 2181/2181
v 0.11035841 2.33334827 -5.33244467
vt 0.161494732 0.668076277
v 0.0768928081 2.28716207 -5.22892666
vt 0.159418643 0.684922397
v 0.12156599 2.37055159 -5.19471455
vt 0.172858 0.686166286
f 2182/2182 2183/2183 2184/2184
v 0.123425737 2.58339906 -5.11923838
vt 0.20664221 0.687644541
v 0.242108226 3.00900221 -4.9889617
vt 0.273291171 0.687644541
v 0.12632668 2.62550282 -5.20034695
vt 0.209115982 0.674185753
f 2185/2185 2186/2186 2187/2187
v 0.189344272 2.59559751 -5.10440969
vt 0.450040996 0.906659007
v 0.123425737 2.58339906 -5.11923838
vt 0.437480599 0.903684735
v 0.12156599 2.37055159 -5.19471455
vt 0.440002829 0.871910751
f 2188/2188 2189/2189 2190/2190
v 0.12156599 2.37055159 -5.19471455
vt 0.440002829 0.871910751
v 0.194737658 2.33344269 -5.17807627
vt 0.454630971 0.867659032
v 0.189344272 2.59559751 -5.10440969
vt 0.450040996 0.906659007
f 2191/2191 2192/2192 2193/2193
v 0.228203267 2.37492967 -5.27884674
vt 0.613550425 0.663475752
v 0.192637756 2.63719273 -5.18807936
vt 0.57569921 0.680629969
v 0.189344272 2.59559751 -5.10440969
vt 0.571599901 0.667252421
f 2194/2194 2195/2195 2196/2196
v 0.189344272 2.59559751 -5.10440969
vt 0.571599901 0.667252421
v 0.194737658 2.33344269 -5.17807627
vt 0.607677579 0.648250937
v 0.228203267 2.37492967 -5.27884674
vt 0.613550425 0.663475752
f 2197/2197 2198/2198 2199/2199
v 0.155031592 2.41271639 -5.29233742
vt 0.827731729 0.695036232
v 0.12632668 2.62550282 -5.20034695
vt 0.821265578 0.72672832
v 0.192637756 2.63719273 -5.18807936
vt 0.834064662 0.728842676
f 2200/2200 2201/2201 2202/2202
v 0.192637756 2.63719273 -5.18807936
vt 0.834064662 0.728842676
v 0.228203267 2.37492967 -5.27884674
vt 0.84207046 0.689782739
v 0.155031592 2.41271639 -5.29233742
vt 0.827731729 0.695036232
f 2203/2203 2204/2204 2205/2205
v 0.192637756 2.63719273 -5.18807936
vt 0.57569921 0.680629969
v 0.242108226 3.00900221 -4.9889617
vt 0.514781356 0.69729495
v 0.189344272 2.59559751 -5.10440969
vt 0.571599901 0.667252421
f 2206/2206 2207/2207 2208/2208
v 0.12632668 2.62550282 -5.20034695
vt 0.821265578 0.72672832
v 0.242108226 3.00900221 -4.9889617
vt 0.842070401 0.784767568
v 0.192637756 2.63719273 -5.18807936
vt 0.834064662 0.728842676
f 2209/2209 2210/2210 2211/2211
v 0.189344272 2.59559751 -5.10440969
vt 0.450040996 0.906659007
v 0.242108226 3.00900221 -4.9889617
vt 0.454630882 0.969233692
v 0.123425737 2.58339906 -5.11923838
vt 0.437480599 0.903684735
f 2212/2212 2213/2213 2214/2214
